"ChainID,Resname,Parch_Value"
"A1,GLY,0.75"
"A2,TRP,0.33666666666666667"
"A3,THR,0.24333333333333332"
"A4,LEU,0.31"
"A5,ASN,0.19666666666666666"
"A6,SER,0.07333333333333335"
"A7,ALA,0.06999999999999999"
"A8,GLY,0.08666666666666667"
"A9,TYR,0.32"
"A10,LEU,0.5466666666666667"
"A11,LEU,0.5333333333333333"
"A12,GLY,0.12666666666666668"
"A13,LYS,2.6633333333333336"
"A14,LYS,2.4499999999999997"
