"ChainID,Resname,Parch_Value"
"A41,GLY,0.41"
"A42,CYS,0.15666666666666668"
"A43,PRO,0.13"
"A44,ALA,0.18000000000000002"
"A45,GLU,1.03"
"A46,GLN,0.4066666666666667"
"A47,ARG,1.0366666666666666"
"A48,ALA,0.006666666666666667"
"A49,SER,0.10666666666666667"
"A50,PRO,0.08666666666666667"
"A51,LEU,0.02"
"A52,THR,0.01"
"A53,SER,0.08333333333333333"
"A54,ILE,0.04"
"A55,ILE,0.02"
"A56,SER,0.0"
"A57,ALA,0.01"
"A58,VAL,0.006666666666666667"
"A59,VAL,0.01"
"A60,GLY,0.0"
"A61,ILE,0.013333333333333334"
"A62,LEU,0.03"
"A63,LEU,0.01"
"A64,VAL,0.0"
"A65,VAL,0.016666666666666666"
"A66,VAL,0.01"
"A67,LEU,0.060000000000000005"
"A68,GLY,0.043333333333333335"
"A69,VAL,0.12333333333333334"
"A70,VAL,0.013333333333333334"
"A71,PHE,0.08"
"A72,GLY,0.006666666666666667"
"A73,ILE,0.07333333333333332"
"A74,LEU,0.056666666666666664"
"A75,ILE,0.04"
"A76,LYS,0.9466666666666667"
"A77,ARG,0.9633333333333334"
"A78,ARG,0.7799999999999999"
"A79,GLN,0.3233333333333333"
"A80,GLN,0.3066666666666667"
"A81,LYS,1.26"
"A82,ILE,0.20666666666666667"
"A83,ARG,1.4566666666666668"
"A84,LYS,2.2733333333333334"
"B141,GLY,0.6766666666666666"
"B142,CYS,0.16666666666666666"
"B143,PRO,0.16333333333333333"
"B144,ALA,0.12"
"B145,GLU,1.9533333333333331"
"B146,GLN,0.4266666666666667"
"B147,ARG,1.5466666666666669"
"B148,ALA,0.1366666666666667"
"B149,SER,0.10666666666666667"
"B150,PRO,0.22"
"B151,LEU,0.036666666666666674"
"B152,THR,0.07"
"B153,SER,0.09000000000000001"
"B154,ILE,0.02"
"B155,ILE,0.02666666666666667"
"B156,SER,0.006666666666666667"
"B157,ALA,0.01"
"B158,VAL,0.02666666666666667"
"B159,VAL,0.01"
"B160,GLY,0.0"
"B161,ILE,0.06"
"B162,LEU,0.04666666666666667"
"B163,LEU,0.016666666666666666"
"B164,VAL,0.01"
"B165,VAL,0.049999999999999996"
"B166,VAL,0.02"
"B167,LEU,0.01"
"B168,GLY,0.0"
"B169,VAL,0.02666666666666667"
"B170,VAL,0.01"
"B171,PHE,0.07666666666666666"
"B172,GLY,0.023333333333333334"
"B173,ILE,0.08666666666666667"
"B174,LEU,0.056666666666666664"
"B175,ILE,0.08666666666666667"
"B176,LYS,1.1433333333333333"
"B177,ARG,0.9466666666666667"
"B178,ARG,0.6366666666666667"
"B179,GLN,0.27666666666666667"
"B180,GLN,0.27"
"B181,LYS,1.0633333333333335"
"B182,ILE,0.51"
"B183,ARG,1.4866666666666666"
"B184,LYS,3.1733333333333333"
