"ChainID,Resname,Parch_Value"
"A1,GLY,0.93"
"A2,CYS,0.4133333333333334"
"A3,PRO,0.4000000000000001"
"A4,PRO,0.3666666666666667"
"A5,CYS,0.5033333333333333"
"A6,GLU,1.903333333333333"
"A7,SER,0.10333333333333333"
"A8,CYS,0.01"
"A9,HIS,0.1433333333333333"
"A10,SER,0.25"
"A11,GLY,0.13"
"A12,GLU,1.55"
"A13,SER,0.08"
"A14,THR,0.05333333333333334"
"A15,PHE,0.12333333333333334"
"A16,TRP,0.06"
"A17,CYS,0.10333333333333333"
"A18,TYR,0.11333333333333333"
"A19,TRP,0.26"
"A20,GLU,1.8066666666666666"
"A21,ALA,0.02333333333333333"
"A22,LEU,0.4033333333333333"
"A23,CYS,0.27666666666666667"
"A24,PRO,0.22666666666666666"
"A25,PRO,0.52"
"A26,CYS,2.033333333333333"
