"ChainID,Resname,Parch_Value"
"A1,GLY,0.39333333333333337"
"A2,GLY,0.060000000000000005"
"A3,ASP,1.0366666666666666"
"A4,GLY,0.06999999999999999"
"A5,SER,0.23666666666666666"
"A6,ILE,0.013333333333333334"
"A7,ALA,0.0"
"A8,GLU,0.16666666666666666"
"A9,TYR,0.19000000000000003"
"A10,PHE,0.08666666666666667"
"A11,ASN,0.12"
"A12,ARG,0.79"
"A13,PRO,0.5866666666666667"
"A14,MET,0.35333333333333333"
"A15,HIS,0.5266666666666667"
"A16,ILE,0.4166666666666667"
"A17,HIS,0.5633333333333334"
"A18,ASP,0.7799999999999999"
"A19,TRP,0.20666666666666667"
"A20,GLN,0.11666666666666665"
"A21,ILE,0.11333333333333333"
"A22,MET,0.32666666666666666"
"A23,ASP,1.0766666666666667"
"A24,SER,0.19000000000000003"
"A25,GLY,0.08333333333333333"
"A26,TYR,0.19333333333333336"
"A27,TYR,0.19000000000000003"
"A28,GLY,0.5299999999999999"
