"ChainID,Resname,Parch_Value"
"A1,PHE,0.7833333333333333"
"A2,PHE,0.07666666666666666"
"A3,HIS,0.39333333333333337"
"A4,HIS,0.33666666666666667"
"A5,ILE,0.01"
"A6,PHE,0.043333333333333335"
"A7,ARG,0.83"
"A8,GLY,0.006666666666666667"
"A9,ILE,0.01"
"A10,VAL,0.06666666666666667"
"A11,HIS,0.6999999999999998"
"A12,VAL,0.01"
"A13,GLY,0.013333333333333334"
"A14,LYS,1.1500000000000001"
"A15,THR,0.07666666666666667"
"A16,ILE,0.02"
"A17,HIS,0.29"
"A18,ARG,1.4833333333333334"
"A19,LEU,0.08666666666666667"
"A20,VAL,0.036666666666666674"
"A21,THR,0.4166666666666667"
"A22,GLY,1.11"
