"ChainID,Resname,Parch_Value"
"A94,MET,0.8666666666666667"
"A95,LEU,0.4666666666666666"
"A96,PRO,0.1366666666666667"
"A97,LEU,0.29333333333333333"
"A98,LEU,0.32"
"A99,PHE,0.37333333333333335"
"A100,THR,0.20666666666666667"
"A101,PRO,0.07333333333333333"
"A102,VAL,0.21333333333333335"
"A103,THR,0.35000000000000003"
"A104,LYS,0.39666666666666667"
"A105,GLY,0.07333333333333335"
"A106,SER,0.11"
"A107,GLY,0.08666666666666667"
"A108,GLY,0.24"
"A109,SER,0.26666666666666666"
"A110,GLY,0.08666666666666667"
"A111,GLY,0.11333333333333333"
"A112,SER,0.08"
"A113,GLY,0.16666666666666666"
"A114,GLY,0.11666666666666665"
"A115,SER,0.14"
"A116,GLY,0.0033333333333333335"
"A117,ARG,0.4566666666666667"
"A118,ASP,0.16333333333333333"
"A119,LEU,0.006666666666666667"
"A120,ARG,1.2033333333333334"
"A121,ALA,0.01"
"A122,GLU,0.5666666666666667"
"A123,LEU,0.03666666666666667"
"A124,PRO,0.17666666666666667"
"A125,LEU,0.04"
"A126,THR,0.12"
"A127,LEU,0.26333333333333336"
"A128,GLU,1.0533333333333335"
"A129,GLU,0.35333333333333333"
"A130,ALA,0.0"
"A131,PHE,0.21333333333333335"
"A132,HIS,0.7200000000000001"
"A133,GLY,0.10000000000000002"
"A134,GLY,0.21333333333333335"
"A135,GLU,1.4800000000000002"
"A136,ARG,0.85"
"A137,VAL,0.15"
"A138,VAL,0.01"
"A139,GLU,0.61"
"A140,VAL,0.18333333333333335"
"A141,ALA,0.08666666666666667"
"A142,GLY,0.15666666666666665"
"A143,ARG,0.29000000000000004"
"A144,ARG,1.2466666666666668"
"A145,VAL,0.14"
"A146,SER,0.25"
"A147,VAL,0.02666666666666667"
"A148,ARG,1.4533333333333334"
"A149,ILE,0.0"
"A150,PRO,0.13"
"A151,PRO,0.45"
"A152,GLY,0.15"
"A153,VAL,0.0"
"A154,ARG,2.0166666666666666"
"A155,GLU,0.9"
"A156,GLY,0.18333333333333335"
"A157,SER,0.09333333333333334"
"A158,VAL,0.12666666666666668"
"A159,ILE,0.02"
"A160,ARG,1.0333333333333334"
"A161,VAL,0.04"
"A162,PRO,0.20666666666666667"
"A163,GLY,0.10666666666666667"
"A164,MET,0.02"
"A165,GLY,0.0"
"A166,GLY,0.07"
"A167,GLN,0.37333333333333335"
"A168,GLY,0.37999999999999995"
"A169,ASN,0.2933333333333334"
"A170,PRO,0.27"
"A171,PRO,0.24333333333333337"
"A172,GLY,0.04"
"A173,ASP,0.09666666666666668"
"A174,LEU,0.0"
"A175,LEU,0.04"
"A176,LEU,0.0"
"A177,VAL,0.11333333333333333"
"A178,VAL,0.0"
"A179,ARG,0.8766666666666666"
"A180,LEU,0.25"
"A181,LEU,0.07333333333333333"
"A182,PRO,0.3133333333333333"
"A183,HIS,2.276666666666667"
