"ChainID,Resname,Parch_Value"
"A1,GLY,0.6833333333333332"
"A2,LEU,0.18666666666666668"
"A3,GLY,0.08666666666666667"
"A4,PHE,0.29000000000000004"
"A5,ALA,0.29"
"A6,LEU,0.5299999999999999"
"A7,ALA,0.7366666666666667"
"A8,LYS,1.3433333333333335"
"A9,ILE,0.3866666666666667"
"A10,ASP,0.4033333333333333"
"A11,PRO,0.07666666666666667"
"A12,GLU,0.37666666666666665"
"A13,LEU,0.09333333333333334"
"A14,LYS,0.9866666666666667"
"A15,GLN,0.11666666666666665"
"A16,CYS,0.036666666666666674"
"A17,LYS,0.7333333333333334"
"A18,HIS,0.16"
"A19,GLN,0.12333333333333334"
"A20,CYS,0.0"
"A21,LYS,1.3366666666666667"
"A22,VAL,0.06999999999999999"
"A23,GLN,0.27999999999999997"
"A24,ARG,1.0166666666666666"
"A25,GLN,0.64"
"A26,TYR,0.5766666666666667"
"A27,ASP,1.0866666666666667"
"A28,GLU,0.9166666666666666"
"A29,GLN,0.28"
"A30,GLN,0.22"
"A31,LYS,0.45999999999999996"
"A32,GLU,1.7733333333333334"
"A33,GLN,0.17333333333333334"
"A34,CYS,0.016666666666666666"
"A35,VAL,0.37666666666666665"
"A36,LYS,0.6"
"A37,GLU,0.42333333333333334"
"A38,CYS,0.0033333333333333335"
"A39,GLU,0.3033333333333333"
"A40,LYS,0.8233333333333333"
"A41,TYR,0.7399999999999999"
"A42,TYR,0.15666666666666665"
"A43,LYS,0.85"
"A44,GLU,1.4800000000000002"
"A45,LYS,0.63"
"A46,LYS,0.84"
"A47,GLY,0.28"
"A48,ARG,1.5066666666666668"
"A49,GLU,2.9033333333333338"
"A50,ARG,2.91"
"A51,GLU,1.7433333333333334"
"A52,HIS,1.3266666666666669"
"A53,GLU,1.4633333333333336"
"A54,HIS,0.3933333333333333"
"A55,ARG,3.1933333333333334"
"A56,ASP,3.883333333333333"
