"ChainID,Resname,Parch_Value"
"A1,SER,0.9033333333333333"
"A2,GLU,0.9266666666666666"
"A3,VAL,0.04666666666666667"
"A4,GLU,0.2733333333333334"
"A5,THR,0.07666666666666667"
"A6,VAL,0.049999999999999996"
"A7,LEU,0.006666666666666667"
"A8,ARG,0.9566666666666667"
"A9,LYS,0.9466666666666667"
"A10,ALA,0.04666666666666667"
"A11,ALA,0.04"
"A12,GLU,1.6366666666666667"
"A13,ARG,1.0"
"A14,ASN,0.5099999999999999"
"A15,LYS,2.6799999999999997"
"A16,THR,0.5299999999999999"
"A17,VAL,0.06"
"A18,ASP,0.32"
"A19,ILE,0.0033333333333333335"
"A20,HIS,0.2866666666666667"
"A21,THR,0.04666666666666667"
"A22,LYS,0.42333333333333334"
"A23,SER,0.08"
"A24,GLY,0.060000000000000005"
"A25,THR,0.07"
"A26,THR,0.24"
"A27,VAL,0.13999999999999999"
"A28,ARG,1.7033333333333331"
"A29,VAL,0.0033333333333333335"
"A30,ASN,0.26"
"A31,VAL,0.07666666666666667"
"A32,LYS,0.9700000000000001"
"A33,ARG,1.34"
"A34,VAL,0.15666666666666665"
"A35,ASP,1.2266666666666668"
"A36,SER,0.6866666666666666"
"A37,LYS,0.8066666666666666"
"A38,SER,0.13333333333333333"
"A39,VAL,0.0"
"A40,LYS,0.7599999999999999"
"A41,VAL,0.0"
"A42,GLU,0.21666666666666667"
"A43,ARG,0.7433333333333333"
"A44,ASN,0.3733333333333333"
"A45,GLY,0.19999999999999998"
"A46,GLN,0.3433333333333333"
"A47,ASP,1.0"
"A48,LEU,0.26333333333333336"
"A49,GLU,0.6466666666666666"
"A50,ILE,0.043333333333333335"
"A51,SER,0.09000000000000001"
"A52,LEU,0.08"
"A53,ASP,0.6"
"A54,GLN,0.19333333333333336"
"A55,ILE,0.03333333333333333"
"A56,THR,0.16666666666666666"
"A57,HIS,0.42"
"A58,VAL,0.056666666666666664"
"A59,ASP,0.8966666666666666"
"A60,GLY,0.13"
"A61,TRP,2.393333333333333"
