"ChainID,Resname,Parch_Value"
"A1,LEU,1.156666666666667"
"A2,PRO,0.13333333333333333"
"A3,ARG,1.2066666666666668"
"A4,ASP,0.45"
"A5,THR,0.10999999999999999"
"A6,SER,0.10333333333333333"
"A7,ARG,0.5133333333333333"
"A8,CYS,0.0"
"A9,VAL,0.15666666666666665"
"A10,GLY,0.023333333333333334"
"A11,TYR,0.31"
"A12,HIS,0.36000000000000004"
"A13,GLY,0.05000000000000001"
"A14,TYR,1.24"
"A15,CYS,0.03333333333333333"
"A16,ILE,0.08666666666666667"
"A17,ARG,2.0733333333333333"
"A18,SER,0.4366666666666667"
"A19,LYS,1.95"
"A20,VAL,0.26333333333333336"
"A21,CYS,0.15"
"A22,PRO,0.14333333333333334"
"A23,LYS,0.86"
"A24,PRO,0.18333333333333335"
"A25,PHE,0.5966666666666667"
"A26,ALA,0.22333333333333336"
"A27,ALA,0.11666666666666665"
"A28,PHE,0.3066666666666667"
"A29,GLY,0.02666666666666667"
"A30,THR,0.06333333333333334"
"A31,CYS,0.043333333333333335"
"A32,SER,0.25"
"A33,TRP,0.6666666666666666"
"A34,ARG,1.4666666666666668"
"A35,GLN,0.5766666666666667"
"A36,LYS,0.6699999999999999"
"A37,THR,0.04666666666666667"
"A38,CYS,0.0"
"A39,CYS,0.01"
"A40,VAL,0.54"
