"ChainID,Resname,Parch_Value"
"A6732,ALA,1.0999999999999999"
"A6733,GLY,0.06"
"A6734,ARG,1.3633333333333333"
"A6735,GLN,0.18333333333333335"
"A6736,GLU,0.5633333333333334"
"A6737,GLU,0.5933333333333333"
"A6738,ILE,0.013333333333333334"
"A6739,ALA,0.006666666666666667"
"A6740,GLU,0.7799999999999999"
"A6741,GLU,0.6466666666666667"
"A6742,VAL,0.0033333333333333335"
"A6743,ALA,0.0033333333333333335"
"A6744,ARG,1.02"
"A6745,LEU,0.03333333333333333"
"A6746,LEU,0.0"
"A6747,ALA,0.006666666666666667"
"A6748,GLY,0.02666666666666667"
"A6749,VAL,0.02666666666666667"
"A6750,LEU,0.01"
"A6751,TYR,0.30666666666666664"
"A6752,LEU,0.13333333333333333"
"A6753,GLU,1.3433333333333335"
"A6754,PRO,0.09000000000000001"
"A6755,ASP,0.9899999999999999"
"A6756,ARG,1.27"
"A6757,LEU,0.016666666666666666"
"A6758,ASP,0.49333333333333335"
"A6759,PRO,0.09333333333333334"
"A6760,GLU,1.626666666666667"
"A6761,GLU,0.30000000000000004"
"A6762,THR,0.06999999999999999"
"A6763,PHE,0.02666666666666666"
"A6764,LEU,0.23"
"A6765,THR,0.30333333333333334"
"A6766,LEU,0.07333333333333333"
"A6767,GLY,0.08"
"A6768,VAL,0.006666666666666667"
"A6769,ASP,0.6566666666666666"
"A6770,SER,0.1366666666666667"
"A6771,ILE,0.036666666666666674"
"A6772,LEU,0.03"
"A6773,GLY,0.0033333333333333335"
"A6774,VAL,0.08"
"A6775,GLU,0.8466666666666667"
"A6776,PHE,0.0"
"A6777,VAL,0.0"
"A6778,ALA,0.10333333333333333"
"A6779,ALA,0.006666666666666667"
"A6780,VAL,0.0"
"A6781,ASN,0.04666666666666667"
"A6782,ALA,0.12333333333333334"
"A6783,ALA,0.05666666666666667"
"A6784,TYR,0.15666666666666665"
"A6785,PRO,0.10666666666666667"
"A6786,VAL,0.05666666666666667"
"A6787,GLY,0.023333333333333334"
"A6788,VAL,0.05333333333333334"
"A6789,LYS,0.8933333333333332"
"A6790,ALA,0.02333333333333333"
"A6791,THR,0.26666666666666666"
"A6792,ALA,0.07333333333333335"
"A6793,LEU,0.023333333333333334"
"A6794,TYR,0.5766666666666667"
"A6795,ASP,0.7766666666666667"
"A6796,HIS,0.13333333333333333"
"A6797,PRO,0.08666666666666667"
"A6798,THR,0.03666666666666667"
"A6799,PRO,0.0033333333333333335"
"A6800,ALA,0.01"
"A6801,ALA,0.016666666666666666"
"A6802,PHE,0.0"
"A6803,ALA,0.0"
"A6804,ARG,0.8366666666666666"
"A6805,HIS,0.3"
"A6806,ILE,0.0"
"A6807,ALA,0.0033333333333333335"
"A6808,GLU,0.9666666666666667"
"A6809,SER,0.03666666666666667"
"A6810,LEU,0.3"
"A6811,GLY,0.30333333333333334"
"A6812,ALA,1.5033333333333332"
