"ChainID,Resname,Parch_Value"
"A65,ASP,1.08"
"A66,CYS,0.08666666666666667"
"A67,TYR,0.06333333333333334"
"A68,HIS,0.8066666666666666"
"A69,GLY,0.37333333333333335"
"A70,ASP,0.11333333333333333"
"A71,GLY,0.0"
"A72,GLN,0.5499999999999999"
"A73,SER,0.19666666666666668"
"A74,TYR,0.22"
"A75,ARG,0.96"
"A76,GLY,0.06"
"A77,THR,0.18666666666666665"
"A78,SER,0.01"
"A79,SER,0.11666666666666665"
"A80,THR,0.25"
"A81,THR,0.0"
"A82,THR,0.20333333333333334"
"A83,THR,0.14"
"A84,GLY,0.13"
"A85,LYS,0.5233333333333333"
"A86,LYS,1.0633333333333332"
"A87,CYS,0.0"
"A88,GLN,0.0"
"A89,SER,0.02666666666666667"
"A90,TRP,0.0033333333333333335"
"A91,SER,0.22666666666666668"
"A92,SER,0.11333333333333334"
"A93,MET,0.21666666666666667"
"A94,THR,0.14666666666666667"
"A95,PRO,0.11"
"A96,HIS,0.09000000000000001"
"A97,ARG,1.1333333333333333"
"A98,HIS,0.08333333333333333"
"A99,GLN,0.26999999999999996"
"A100,LYS,0.27"
"A101,THR,0.07333333333333333"
"A102,PRO,0.28"
"A103,GLU,1.0066666666666666"
"A104,ASN,0.08"
"A105,TYR,0.2733333333333334"
"A106,PRO,0.24"
"A107,ASN,0.24666666666666667"
"A108,ALA,0.21666666666666667"
"A109,GLY,0.18333333333333335"
"A110,LEU,0.06333333333333334"
"A111,THR,0.15333333333333335"
"A112,MET,0.10666666666666667"
"A113,ASN,0.043333333333333335"
"A114,TYR,0.05666666666666667"
"A115,CYS,0.0"
"A116,ARG,0.10666666666666665"
"A117,ASN,0.023333333333333334"
"A118,PRO,0.049999999999999996"
"A119,ASP,0.5099999999999999"
"A120,ALA,0.27"
"A121,ASP,0.7600000000000001"
"A122,LYS,1.2166666666666666"
"A123,GLY,0.0"
"A124,PRO,0.0"
"A125,TRP,0.0"
"A126,CYS,0.0"
"A127,PHE,0.016666666666666666"
"A128,THR,0.0"
"A129,THR,0.07"
"A130,ASP,0.19999999999999998"
"A131,PRO,0.13333333333333333"
"A132,SER,0.2333333333333333"
"A133,VAL,0.29"
"A134,ARG,0.9833333333333334"
"A135,TRP,0.5233333333333333"
"A136,GLU,0.11333333333333333"
"A137,TYR,0.3566666666666667"
"A138,CYS,0.043333333333333335"
"A139,ASN,0.3533333333333333"
"A140,LEU,0.15"
"A141,LYS,0.87"
"A142,LYS,1.37"
"A143,CYS,0.9"
