"ChainID,Resname,Parch_Value"
"A303,SER,0.8766666666666666"
"A304,GLY,0.13666666666666666"
"A305,PRO,0.22"
"A306,SER,0.36000000000000004"
"A307,CYS,0.21999999999999997"
"A308,ARG,1.7633333333333334"
"A309,PHE,0.4033333333333333"
"A310,CYS,0.11666666666666665"
"A311,LYS,1.7266666666666666"
"A312,ASP,1.9366666666666665"
"A313,ASP,0.96"
"A314,GLU,2.7533333333333334"
"A315,ASN,0.61"
"A316,LYS,2.15"
"A317,PRO,0.33666666666666667"
"A318,CYS,0.6433333333333334"
"A319,ARG,2.15"
"A320,LYS,1.4933333333333334"
"A321,CYS,0.02666666666666667"
"A322,ALA,0.09333333333333334"
"A323,CYS,0.16666666666666666"
"A324,HIS,0.48666666666666664"
"A325,VAL,0.3666666666666667"
"A326,CYS,0.15333333333333335"
"A327,GLY,0.17666666666666667"
"A328,GLY,0.17333333333333334"
"A329,ARG,0.9333333333333332"
"A330,GLU,1.0133333333333334"
"A331,ALA,0.05333333333333334"
"A332,PRO,0.22333333333333336"
"A333,GLU,1.2633333333333334"
"A334,LYS,0.64"
"A335,GLN,0.016666666666666666"
"A336,LEU,0.03333333333333333"
"A337,LEU,0.32999999999999996"
"A338,CYS,0.05000000000000001"
"A339,ASP,1.64"
"A340,GLU,2.6933333333333334"
"A341,CYS,0.49333333333333335"
"A342,ASP,0.47333333333333333"
"A343,MET,0.3466666666666667"
"A344,ALA,0.0"
"A345,PHE,0.25666666666666665"
"A346,HIS,0.01"
"A347,LEU,0.043333333333333335"
"A348,TYR,0.2866666666666667"
"A349,CYS,0.11333333333333333"
"A350,LEU,0.07333333333333333"
"A351,LYS,1.0166666666666666"
"A352,PRO,0.06333333333333334"
"A353,PRO,0.08333333333333333"
"A354,LEU,0.16666666666666666"
"A355,THR,0.17333333333333334"
"A356,SER,0.10666666666666667"
"A357,VAL,0.1466666666666667"
"A358,PRO,0.19333333333333333"
"A359,PRO,0.19000000000000003"
"A360,GLU,1.5833333333333333"
"A361,PRO,0.47666666666666674"
"A362,GLU,1.4066666666666665"
"A363,TRP,0.8266666666666667"
"A364,TYR,1.24"
"A365,CYS,0.08333333333333333"
"A366,PRO,0.13"
"A367,SER,0.27666666666666667"
"A368,CYS,0.11333333333333333"
"A369,ARG,1.2300000000000002"
"A370,THR,0.5566666666666666"
"A371,ASP,1.1566666666666667"
"A372,SER,0.18666666666666668"
"A373,SER,0.3233333333333333"
"A374,GLU,1.3866666666666667"
"A375,VAL,0.26"
"A376,VAL,0.2333333333333333"
"A377,GLN,0.25333333333333335"
"A378,ALA,0.11"
"A379,GLY,0.21333333333333335"
"A380,GLU,4.6499999999999995"
