"ChainID,Resname,Parch_Value"
"A1,MET,2.15"
"A2,ALA,0.4533333333333333"
"A3,ARG,1.5666666666666667"
"A4,PHE,0.24666666666666667"
"A5,VAL,0.30666666666666664"
"A6,CYS,0.10333333333333333"
"A7,ASP,0.9133333333333334"
"A8,SER,0.08"
"A9,CYS,0.09333333333333334"
"A10,ARG,0.9166666666666666"
"A11,ALA,0.01"
"A12,GLN,0.24000000000000002"
"A13,TYR,0.33666666666666667"
"A14,MET,0.7599999999999999"
"A15,ILE,0.34"
"A16,SER,0.15333333333333335"
"A17,ASP,1.0966666666666667"
"A18,ASP,0.21666666666666667"
"A19,LYS,0.75"
"A20,ILE,0.2333333333333333"
"A21,GLY,0.12333333333333334"
"A22,PRO,0.17666666666666667"
"A23,LYS,1.3466666666666667"
"A24,GLY,0.03333333333333333"
"A25,VAL,0.17666666666666667"
"A26,LYS,0.5166666666666667"
"A27,VAL,0.049999999999999996"
"A28,ARG,1.25"
"A29,CYS,0.21999999999999997"
"A30,LYS,1.8733333333333333"
"A31,LYS,1.1466666666666665"
"A32,CYS,0.15333333333333335"
"A33,GLY,0.19333333333333333"
"A34,HIS,1.02"
"A35,THR,0.24666666666666667"
"A36,ILE,0.09666666666666668"
"A37,THR,0.35333333333333333"
"A38,VAL,0.04666666666666667"
"A39,ARG,1.57"
"A40,PRO,0.15666666666666665"
"A41,ALA,0.26333333333333336"
"A42,GLY,0.24"
"A43,ALA,0.4466666666666666"
"A44,LEU,0.64"
"A45,GLU,1.4233333333333336"
"A46,HIS,0.45999999999999996"
"A47,HIS,0.89"
"A48,HIS,0.5933333333333333"
"A49,HIS,0.5033333333333333"
"A50,HIS,0.71"
"A51,HIS,2.676666666666667"
