"ChainID,Resname,Parch_Value"
"A1,GLY,0.6466666666666666"
"A2,ARG,2.43"
"A3,ALA,0.38000000000000006"
"A4,THR,0.33666666666666667"
"A5,LYS,1.4533333333333334"
"A6,SER,0.20333333333333334"
"A7,ILE,0.1433333333333333"
"A8,PRO,0.06333333333333334"
"A9,PRO,0.10666666666666667"
"A10,ILE,0.27"
"A11,ALA,0.15"
"A12,PHE,1.16"
"A13,PRO,0.5766666666666667"
"A14,ASP,2.2066666666666666"
