"ChainID,Resname,Parch_Value"
"A1,ILE,0.7999999999999999"
"A2,ASN,0.24333333333333332"
"A3,LEU,0.06666666666666667"
"A4,LYS,0.8366666666666666"
"A5,ILE,0.11666666666666665"
"A6,LEU,0.02"
"A7,ALA,0.02666666666666667"
"A8,ARG,0.9766666666666667"
"A9,LEU,0.08666666666666667"
"A10,ALA,0.13666666666666666"
"A11,LYS,1.6233333333333333"
"A12,LYS,1.57"
"A13,ILE,0.5"
"A14,LEU,1.61"
