"ChainID,Resname,Parch_Value"
"A1,LYS,3.59"
"A2,LYS,1.61"
"A3,LYS,1.75"
"A4,LYS,1.49"
"A5,GLN,0.7399999999999999"
"A6,SER,0.20333333333333334"
"A7,TRP,0.9"
"A8,TYR,0.11"
"A9,ALA,0.4266666666666667"
"A10,ALA,0.19333333333333336"
"A11,ALA,0.29"
"A12,GLY,0.12"
"A13,ASP,0.9500000000000001"
"A14,ALA,0.23666666666666666"
"A15,ILE,0.056666666666666664"
"A16,VAL,0.3"
"A17,SER,0.2633333333333333"
"A18,PHE,0.11666666666666665"
"A19,GLY,0.036666666666666674"
"A20,GLU,0.2733333333333334"
"A21,GLY,0.006666666666666667"
"A22,PHE,0.04"
"A23,LEU,0.18666666666666668"
"A24,ASN,1.366666666666667"
"A25,ALA,0.13"
"A26,TRP,1.2400000000000002"
