"ChainID,Resname,Parch_Value"
"A1,GLY,0.75"
"A2,CYS,0.16666666666666666"
"A3,PRO,0.03666666666666667"
"A4,PRO,0.09333333333333334"
"A5,CYS,0.06666666666666667"
"A6,ALA,0.049999999999999996"
"A7,SER,0.016666666666666666"
"A8,GLY,0.10333333333333333"
"A9,CYS,0.16666666666666666"
"A10,SER,0.12666666666666668"
"A11,PRO,0.18666666666666668"
"A12,GLU,1.2233333333333334"
"A13,THR,0.14666666666666667"
"A14,GLY,0.056666666666666664"
"A15,GLU,1.3800000000000001"
"A16,PHE,0.47666666666666674"
"A17,CYS,0.18333333333333332"
"A18,TRP,0.5266666666666667"
"A19,ARG,1.7033333333333334"
"A20,GLU,2.2733333333333334"
"A21,ASP,1.0"
"A22,ASP,1.1933333333333334"
"A23,CYS,0.02333333333333333"
"A24,PRO,0.14666666666666667"
"A25,PRO,0.17333333333333334"
"A26,CYS,0.75"
