"ChainID,Resname,Parch_Value"
"A1,GLY,0.9833333333333334"
"A2,PHE,0.3333333333333333"
"A3,LEU,0.15333333333333332"
"A4,ASP,0.6833333333333332"
"A5,ILE,0.07"
"A6,ILE,0.16333333333333333"
"A7,LYS,1.0166666666666666"
"A8,ASP,0.37666666666666665"
"A9,THR,0.02"
"A10,GLY,0.02"
"A11,LYS,0.8233333333333333"
"A12,GLU,0.3233333333333333"
"A13,PHE,0.13"
"A14,ALA,0.023333333333333334"
"A15,VAL,0.12333333333333334"
"A16,LYS,0.8266666666666667"
"A17,ILE,0.17666666666666667"
"A18,LEU,0.06666666666666667"
"A19,ASN,0.19000000000000003"
"A20,ASN,0.4033333333333333"
"A21,LEU,0.04"
"A22,LYS,0.89"
"A23,CYS,0.04666666666666667"
"A24,LYS,0.9866666666666667"
"A25,LEU,0.08666666666666667"
"A26,ALA,0.12666666666666665"
"A27,GLY,0.036666666666666674"
"A28,GLY,0.09000000000000001"
"A29,CYS,0.32"
"A30,PRO,0.4466666666666667"
"A31,PRO,1.4733333333333334"
