"ChainID,Resname,Parch_Value"
"A209,GLY,0.6699999999999999"
"A210,THR,0.22999999999999998"
"A211,THR,0.24"
"A212,VAL,0.07"
"A213,LEU,0.09333333333333334"
"A214,LEU,0.04"
"A215,PRO,0.049999999999999996"
"A216,LEU,0.02"
"A217,VAL,0.0"
"A218,ILE,0.01"
"A219,PHE,0.07"
"A220,PHE,0.036666666666666674"
"A221,GLY,0.016666666666666666"
"A222,LEU,0.04"
"A223,ALA,0.023333333333333334"
"A224,LEU,0.0"
"A225,LEU,0.07333333333333333"
"A226,SER,0.006666666666666667"
"A227,LEU,0.1366666666666667"
"A228,LEU,0.07"
"A229,PHE,0.02"
"A230,ILE,0.06666666666666667"
"A231,GLY,0.02666666666666667"
"A232,LEU,0.03333333333333333"
"A233,ALA,0.023333333333333334"
"A234,TYR,0.6833333333333332"
"A235,ARG,1.53"
"A236,TYR,0.62"
"A237,GLN,1.3333333333333333"
"A238,ARG,4.25"
"B209,GLY,0.6933333333333334"
"B210,THR,0.08"
"B211,THR,0.16"
"B212,VAL,0.3666666666666667"
"B213,LEU,0.05333333333333334"
"B214,LEU,0.016666666666666666"
"B215,PRO,0.05000000000000001"
"B216,LEU,0.04"
"B217,VAL,0.006666666666666667"
"B218,ILE,0.07666666666666666"
"B219,PHE,0.04"
"B220,PHE,0.04666666666666667"
"B221,GLY,0.0"
"B222,LEU,0.02"
"B223,ALA,0.02333333333333333"
"B224,LEU,0.023333333333333334"
"B225,LEU,0.01"
"B226,SER,0.02333333333333333"
"B227,LEU,0.05333333333333334"
"B228,LEU,0.01"
"B229,PHE,0.07666666666666667"
"B230,ILE,0.07"
"B231,GLY,0.0"
"B232,LEU,0.17666666666666667"
"B233,ALA,0.07"
"B234,TYR,0.42333333333333334"
"B235,ARG,2.0266666666666664"
"B236,TYR,1.0633333333333332"
"B237,GLN,1.1500000000000001"
"B238,ARG,4.053333333333334"
"C209,GLY,0.7600000000000001"
"C210,THR,0.5166666666666666"
"C211,THR,0.15"
"C212,VAL,0.13666666666666666"
"C213,LEU,0.09000000000000001"
"C214,LEU,0.06"
"C215,PRO,0.01"
"C216,LEU,0.05666666666666667"
"C217,VAL,0.01"
"C218,ILE,0.09000000000000001"
"C219,PHE,0.013333333333333334"
"C220,PHE,0.04"
"C221,GLY,0.0"
"C222,LEU,0.016666666666666666"
"C223,ALA,0.0"
"C224,LEU,0.0"
"C225,LEU,0.01"
"C226,SER,0.013333333333333334"
"C227,LEU,0.07333333333333335"
"C228,LEU,0.09666666666666668"
"C229,PHE,0.15"
"C230,ILE,0.07666666666666667"
"C231,GLY,0.03333333333333333"
"C232,LEU,0.03"
"C233,ALA,0.03"
"C234,TYR,0.6066666666666667"
"C235,ARG,2.2066666666666666"
"C236,TYR,0.17333333333333334"
"C237,GLN,0.6"
"C238,ARG,3.8633333333333333"
