"ChainID,Resname,Parch_Value"
"A1,ASP,1.17"
"A2,PHE,0.27"
"A3,ASP,0.03666666666666667"
"A4,PRO,0.10333333333333333"
"A5,THR,0.6166666666666667"
"A6,GLU,1.55"
"A7,PHE,0.24333333333333332"
"A8,LYS,1.0433333333333332"
"A9,GLY,0.17333333333333334"
"A10,PRO,0.22999999999999998"
"A11,PHE,0.06"
"A12,PRO,0.26"
"A13,THR,0.19000000000000003"
"A14,ILE,0.14666666666666667"
"A15,GLU,0.3133333333333333"
"A16,ILE,0.08333333333333333"
"A17,CYS,0.0"
"A18,SER,0.03"
"A19,LYS,0.5033333333333333"
"A20,TYR,0.07333333333333333"
"A21,CYS,0.0"
"A22,ALA,0.04"
"A23,VAL,0.09666666666666666"
"A24,VAL,0.51"
"A25,CYS,0.07666666666666667"
"A26,ASN,0.20333333333333334"
"A27,TYR,0.25"
"A28,THR,0.25333333333333335"
"A29,SER,0.06"
"A30,ARG,1.0366666666666666"
"A31,PRO,0.20666666666666667"
"A32,CYS,0.05333333333333332"
"A33,TYR,0.36666666666666664"
"A34,CYS,0.016666666666666666"
"A35,VAL,0.07666666666666667"
"A36,GLU,0.6066666666666667"
"A37,ALA,0.01"
"A38,ALA,0.38999999999999996"
"A39,LYS,1.25"
"A40,GLU,0.5566666666666666"
"A41,ARG,2.3266666666666667"
"A42,ASP,1.3533333333333335"
"A43,GLN,0.09999999999999999"
"A44,TRP,0.33666666666666667"
"A45,PHE,0.10999999999999999"
"A46,PRO,0.01"
"A47,TYR,0.42"
"A48,CYS,0.10999999999999999"
"A49,TYR,0.62"
"A50,ASP,3.5700000000000003"
