"ChainID,Resname,Parch_Value"
"A1,GLY,0.77"
"A2,GLY,0.4266666666666667"
"A3,VAL,1.4966666666666668"
"A4,GLY,0.22999999999999998"
"A5,LYS,1.4800000000000002"
"A6,ILE,0.1366666666666667"
"A7,ILE,0.11666666666666665"
"A8,GLU,0.9766666666666666"
"A9,TYR,0.4166666666666667"
"A10,PHE,0.21999999999999997"
"A11,ILE,0.23666666666666666"
"A12,GLY,0.26333333333333336"
"A13,GLY,0.10999999999999999"
"A14,GLY,0.3733333333333333"
"A15,VAL,0.36999999999999994"
"A16,GLY,0.3066666666666667"
"A17,ARG,1.29"
"A18,TYR,0.52"
"A19,GLY,0.89"
