"ChainID,Resname,Parch_Value"
"A26,SER,1.0266666666666666"
"A27,ASN,0.2866666666666667"
"A28,LYS,0.98"
"A29,GLY,0.08"
"A30,ALA,0.030000000000000002"
"A31,ILE,0.03333333333333333"
"A32,ILE,0.06333333333333334"
"A33,GLY,0.0"
"A34,LEU,0.02"
"A35,MET,0.02"
"A36,VAL,0.016666666666666666"
"A37,GLY,0.0"
"A38,LEU,0.02"
"A39,VAL,0.01"
"A40,VAL,0.02"
"A41,ILE,0.013333333333333334"
"A42,ALA,0.01"
"A43,THR,0.01"
"A44,VAL,0.03"
"A45,ILE,0.02"
"A46,VAL,0.01"
"A47,ILE,0.02"
"A48,THR,0.02"
"A49,LEU,0.01"
"A50,VAL,0.01"
"A51,MET,0.02"
"A52,LEU,0.13333333333333333"
"A53,LYS,1.3566666666666667"
"A54,LYS,1.1033333333333333"
"A55,LYS,1.75"
