"ChainID,Resname,Parch_Value"
"A345,GLY,0.9666666666666668"
"A346,PRO,0.4466666666666667"
"A347,LEU,0.25333333333333335"
"A348,GLY,0.11333333333333333"
"A349,SER,0.5033333333333333"
"A350,MET,0.4766666666666666"
"A351,PRO,0.22666666666666666"
"A352,LEU,0.37999999999999995"
"A353,LEU,0.5466666666666667"
"A354,GLU,1.4966666666666668"
"A355,THR,0.4366666666666667"
"A356,LEU,0.3433333333333333"
"A357,THR,0.09333333333333334"
"A358,ASP,0.9333333333333332"
"A359,ALA,0.07666666666666667"
"A360,GLU,0.3666666666666667"
"A361,MET,0.29000000000000004"
"A362,GLU,0.7833333333333333"
"A363,LYS,1.0733333333333333"
"A364,LYS,0.3433333333333333"
"A365,ILE,0.09333333333333332"
"A366,ARG,1.2833333333333334"
"A367,ASP,0.5066666666666667"
"A368,GLN,0.10333333333333333"
"A369,ASP,0.7933333333333333"
"A370,ARG,0.7866666666666666"
"A371,ASN,0.22"
"A372,THR,0.19333333333333336"
"A373,ARG,1.5333333333333332"
"A374,ARG,0.8866666666666667"
"A375,MET,0.013333333333333334"
"A376,ARG,0.9433333333333334"
"A377,ARG,1.4566666666666668"
"A378,LEU,0.13333333333333333"
"A379,ALA,0.05666666666666667"
"A380,ASN,0.47000000000000003"
"A381,THR,0.16"
"A382,ALA,0.09999999999999999"
"A383,PRO,0.11666666666666665"
"A384,ALA,0.12666666666666668"
"A385,TRP,2.313333333333333"
