"ChainID,Resname,Parch_Value"
"A1,MET,1.3266666666666669"
"A2,ALA,0.28"
"A3,VAL,0.31"
"A4,ASN,0.6333333333333333"
"A5,LYS,1.406666666666667"
"A6,ASN,0.21666666666666667"
"A7,GLU,0.26666666666666666"
"A8,TYR,0.2233333333333333"
"A9,LYS,0.6733333333333333"
"A10,ILE,0.0033333333333333335"
"A11,LEU,0.01"
"A12,ILE,0.04666666666666667"
"A13,MET,0.09000000000000001"
"A14,LEU,0.036666666666666674"
"A15,LYS,0.5566666666666668"
"A16,GLU,0.5566666666666668"
"A17,ASN,0.41"
"A18,GLN,0.7399999999999999"
"A19,CYS,0.006666666666666667"
"A20,THR,0.08333333333333333"
"A21,THR,0.21999999999999997"
"A22,GLU,0.7133333333333333"
"A23,LEU,0.26666666666666666"
"A24,LYS,0.5233333333333333"
"A25,SER,0.08666666666666667"
"A26,PHE,0.1366666666666667"
"A27,THR,0.10333333333333333"
"A28,TYR,0.06666666666666667"
"A29,THR,0.07666666666666667"
"A30,LYS,0.52"
"A31,LEU,0.023333333333333334"
"A32,CYS,0.0033333333333333335"
"A33,ASN,0.18999999999999997"
"A34,ILE,0.18333333333333332"
"A35,SER,0.01"
"A36,LYS,1.4433333333333334"
"A37,LEU,0.11666666666666665"
"A38,SER,0.13"
"A39,MET,0.07666666666666667"
"A40,SER,0.24000000000000002"
"A41,THR,0.08333333333333333"
"A42,VAL,0.0"
"A43,ARG,0.8966666666666666"
"A44,ARG,1.0566666666666666"
"A45,SER,0.01"
"A46,ILE,0.0033333333333333335"
"A47,LYS,1.1499999999999997"
"A48,LYS,1.3033333333333335"
"A49,PHE,0.0033333333333333335"
"A50,LEU,0.08"
"A51,GLU,1.0"
"A52,LEU,0.10666666666666665"
"A53,GLN,0.24"
"A54,TYR,0.2733333333333334"
"A55,VAL,0.03"
"A56,LYS,0.8466666666666667"
"A57,GLU,0.24666666666666667"
"A58,GLY,0.07333333333333335"
"A59,CYS,0.26"
"A60,LYS,1.7466666666666668"
"A61,GLN,0.17"
"A62,GLY,0.17666666666666667"
"A63,ILE,0.16"
"A64,SER,0.41333333333333333"
"A65,LYS,1.03"
"A66,THR,0.04"
"A67,PHE,0.05333333333333334"
"A68,TYR,0.24333333333333332"
"A69,ILE,0.06666666666666667"
"A70,THR,0.03"
"A71,PRO,0.2233333333333333"
"A72,ASN,0.3"
"A73,GLY,0.0033333333333333335"
"A74,ILE,0.03333333333333333"
"A75,GLU,0.79"
"A76,LYS,0.3633333333333333"
"A77,LEU,0.01"
"A78,LYS,0.9666666666666667"
"A79,SER,0.12666666666666668"
"A80,ILE,0.03333333333333333"
"A81,MET,1.1433333333333333"
