"ChainID,Resname,Parch_Value"
"A1,ILE,0.77"
"A2,GLN,0.7033333333333333"
"A3,CYS,0.04666666666666667"
"A4,CYS,0.1366666666666667"
"A5,ARG,1.5233333333333334"
"A6,CYS,0.07666666666666667"
"A7,GLN,0.4766666666666666"
"A8,SER,0.1366666666666667"
"A9,TRP,0.2966666666666667"
"A10,PRO,0.05666666666666667"
"A11,TYR,0.34"
"A12,MET,0.15333333333333332"
"A13,CYS,0.09000000000000001"
"A14,SER,0.036666666666666674"
"A15,VAL,0.16"
"A16,PHE,0.18333333333333335"
"A17,CYS,0.26333333333333336"
"A18,CYS,0.91"
