"ChainID,Resname,Parch_Value"
"A1,GLY,0.6433333333333332"
"A2,TRP,0.9700000000000001"
"A3,ILE,0.18999999999999997"
"A4,ASN,0.07"
"A5,GLU,0.4633333333333333"
"A6,GLU,0.6499999999999999"
"A7,LYS,0.4666666666666666"
"A8,ILE,0.05000000000000001"
"A9,GLN,0.22999999999999998"
"A10,LYS,1.3500000000000003"
"A11,LYS,0.61"
"A12,ILE,0.09000000000000001"
"A13,ASP,0.7833333333333333"
"A14,GLU,0.7233333333333333"
"A15,ARG,0.8733333333333334"
"A16,MET,0.29333333333333333"
"A17,GLY,0.07666666666666667"
"A18,ASN,0.59"
"A19,THR,0.18000000000000002"
"A20,VAL,0.15333333333333335"
"A21,LEU,0.4566666666666667"
"A22,GLY,0.17666666666666667"
"A23,GLY,0.14333333333333334"
"A24,MET,0.13333333333333333"
"A25,ALA,0.05333333333333334"
"A26,LYS,0.8933333333333332"
"A27,ALA,0.6366666666666667"
"A28,ILE,1.1466666666666667"
