"ChainID,Resname,Parch_Value"
"A1,GLY,0.3833333333333333"
"A2,ARG,1.9299999999999997"
"A3,CYS,0.11"
"A4,THR,0.32"
"A5,LYS,2.066666666666667"
"A6,SER,0.23666666666666666"
"A7,ILE,0.18333333333333335"
"A8,PRO,0.11666666666666665"
"A9,PRO,0.06333333333333334"
"A10,ARG,0.7133333333333333"
"A11,CYS,0.05666666666666667"
"A12,PHE,0.29"
"A13,PRO,0.37999999999999995"
"A14,ASP,1.5999999999999999"
