"ChainID,Resname,Parch_Value"
"A1,LYS,3.0566666666666666"
"A2,LYS,1.8433333333333335"
"A3,CYS,0.07333333333333333"
"A4,TRP,0.98"
"A5,ASN,0.2333333333333333"
"A6,GLY,0.13"
"A7,GLY,0.07333333333333335"
"A8,ARG,1.0266666666666666"
"A9,CYS,0.043333333333333335"
"A10,ARG,1.3"
"A11,LYS,0.69"
"A12,LYS,1.9466666666666665"
"A13,CYS,0.33"
"A14,LYS,1.76"
"A15,GLU,1.7566666666666666"
"A16,ASN,0.3033333333333333"
"A17,GLU,0.02"
"A18,LYS,0.53"
"A19,PRO,0.043333333333333335"
"A20,ILE,0.12333333333333334"
"A21,GLY,0.02"
"A22,TYR,0.5166666666666666"
"A23,CYS,0.006666666666666667"
"A24,ARG,0.7999999999999999"
"A25,ASN,0.48333333333333334"
"A26,GLY,0.043333333333333335"
"A27,LYS,0.5266666666666667"
"A28,LYS,0.4166666666666667"
"A29,CYS,0.0"
"A30,CYS,0.0"
"A31,VAL,0.10999999999999999"
"A32,ASN,1.0033333333333334"
