"ChainID,Resname,Parch_Value"
"A1,SER,1.3566666666666667"
"A2,GLU,1.2166666666666666"
"A3,PRO,0.5766666666666667"
"A4,ASP,0.030000000000000002"
"A5,GLU,0.8566666666666668"
"A6,ILE,0.3666666666666667"
"A7,CYS,0.06666666666666667"
"A8,ARG,1.29"
"A9,ALA,0.09000000000000001"
"A10,ARG,1.4666666666666668"
"A11,MET,0.20333333333333334"
"A12,THR,0.3233333333333333"
"A13,HIS,0.53"
"A14,LYS,1.3066666666666666"
"A15,GLU,0.6833333333333332"
"A16,PHE,0.18333333333333332"
"A17,ASN,0.17333333333333334"
"A18,TYR,0.71"
"A19,LYS,0.32"
"A20,SER,0.05666666666666667"
"A21,ASN,0.16"
"A22,VAL,0.030000000000000002"
"A23,CYS,0.0"
"A24,ASN,0.18666666666666668"
"A25,GLY,0.02666666666666667"
"A26,CYS,0.07333333333333333"
"A27,GLY,0.10333333333333333"
"A28,ASP,0.96"
"A29,GLN,0.17333333333333334"
"A30,VAL,0.023333333333333334"
"A31,ALA,0.10666666666666667"
"A32,ALA,0.02"
"A33,CYS,0.0"
"A34,GLU,0.5533333333333333"
"A35,ALA,0.10666666666666667"
"A36,GLU,1.3166666666666667"
"A37,CYS,0.07333333333333333"
"A38,PHE,0.043333333333333335"
"A39,ARG,2.6166666666666667"
"A40,ASN,0.17666666666666667"
"A41,ASP,0.87"
"A42,VAL,0.04"
"A43,TYR,0.16"
"A44,THR,0.27"
"A45,ALA,0.06666666666666667"
"A46,CYS,0.0"
"A47,HIS,0.47333333333333333"
"A48,GLU,1.62"
"A49,ALA,0.17333333333333334"
"A50,GLN,0.32"
"A51,LYS,3.473333333333333"
