"ChainID,Resname,Parch_Value"
"A513,SER,0.8133333333333334"
"A514,THR,0.18333333333333335"
"A515,ALA,0.06"
"A516,PRO,0.19333333333333336"
"A517,ALA,0.28"
"A518,LYS,1.2133333333333332"
"A519,LYS,1.3933333333333333"
"A520,TYR,0.4666666666666666"
"A521,THR,0.05000000000000001"
"A522,ARG,1.25"
"A523,LYS,1.3966666666666667"
"A524,MET,0.23333333333333336"
"A525,TRP,0.57"
"A526,SER,0.043333333333333335"
"A527,VAL,0.21333333333333335"
"A528,GLN,0.21"
"A529,GLU,0.25666666666666665"
"A530,SER,0.030000000000000002"
"A531,GLU,0.20000000000000004"
"A532,TRP,0.09333333333333332"
"A533,LEU,0.04666666666666667"
"A534,LYS,0.3133333333333333"
"A535,GLN,0.09333333333333332"
"A536,GLY,0.01"
"A537,VAL,0.13333333333333333"
"A538,VAL,0.07"
"A539,ARG,0.4033333333333333"
"A540,TYR,0.22666666666666666"
"A541,GLY,0.06"
"A542,VAL,0.15"
"A543,GLY,0.25333333333333335"
"A544,HIS,0.49333333333333335"
"A545,TRP,0.24"
"A546,GLU,0.6433333333333333"
"A547,ARG,1.0733333333333335"
"A548,ILE,0.09000000000000001"
"A549,ARG,0.6566666666666666"
"A550,SER,0.24000000000000002"
"A551,ALA,0.006666666666666667"
"A552,PHE,0.18666666666666665"
"A553,PRO,0.18333333333333335"
"A554,PHE,0.5"
"A555,ALA,0.20333333333333334"
"A556,GLY,0.09333333333333332"
"A557,ARG,0.4366666666666667"
"A558,THR,0.08333333333333333"
"A559,ALA,0.006666666666666667"
"A560,VAL,0.17333333333333334"
"A561,ASN,0.24666666666666667"
"A562,LEU,0.0"
"A563,LYS,0.41"
"A564,ASP,0.75"
"A565,ARG,0.4266666666666666"
"A566,TRP,0.043333333333333335"
"A567,ARG,0.8466666666666667"
"A568,THR,0.15"
"A569,MET,0.0"
"A570,VAL,0.023333333333333334"
"A571,LYS,0.5633333333333334"
"A572,LEU,0.04666666666666667"
"A573,LYS,1.5833333333333333"
"A574,MET,0.11666666666666665"
"A575,VAL,0.6166666666666667"
