"ChainID,Resname,Parch_Value"
"A1,GLY,0.9033333333333333"
"A2,CYS,0.06666666666666667"
"A3,PRO,0.08333333333333333"
"A4,PRO,0.2233333333333333"
"A5,CYS,0.10333333333333333"
"A6,PRO,0.19666666666666668"
"A7,ARG,2.1599999999999997"
"A8,GLU,0.8266666666666667"
"A9,HIS,0.7999999999999999"
"A10,GLU,1.2533333333333332"
"A11,LEU,0.16666666666666666"
"A12,VAL,0.26666666666666666"
"A13,ALA,0.09000000000000001"
"A14,VAL,0.14"
"A15,PRO,0.09666666666666668"
"A16,CYS,0.02"
"A17,GLU,1.04"
"A18,GLY,0.42"
"A19,LEU,0.37999999999999995"
"A20,ASN,0.2833333333333333"
"A21,ASN,0.12333333333333334"
"A22,CYS,0.16666666666666666"
"A23,TRP,0.6133333333333333"
"A24,PHE,0.24333333333333332"
"A25,VAL,0.07"
"A26,GLU,1.1966666666666665"
"A27,ALA,0.47333333333333333"
"A28,CYS,0.06333333333333334"
"A29,PRO,0.20666666666666667"
"A30,PRO,0.29"
"A31,CYS,1.28"
