"ChainID,Resname,Parch_Value"
"A1,ALA,0.4000000000000001"
"A2,ILE,0.28"
"A3,ALA,0.20666666666666667"
"A4,SER,0.2733333333333334"
"A5,GLU,1.1466666666666667"
"A6,PHE,0.16333333333333333"
"A7,SER,0.21333333333333335"
"A8,SER,0.14666666666666664"
"A9,LEU,0.07"
"A10,PRO,0.06333333333333334"
"A11,SER,0.07666666666666666"
"A12,TYR,0.16"
"A13,ALA,0.01"
"A14,ALA,0.08"
"A15,PHE,0.030000000000000002"
"A16,ALA,0.08"
"A17,THR,0.25666666666666665"
"A18,ALA,0.01"
"A19,GLN,0.4266666666666667"
"A20,GLU,0.8566666666666666"
"A21,ALA,0.05333333333333334"
"A22,TYR,0.39666666666666667"
"A23,GLU,1.11"
"A24,GLN,0.17666666666666667"
"A25,ALA,0.01"
"A26,VAL,0.18666666666666668"
"A27,ALA,0.05333333333333334"
"A28,ASN,0.24666666666666667"
"A29,GLY,0.10333333333333333"
"A30,ASP,0.5033333333333333"
"A31,SER,0.24666666666666667"
"A32,GLU,0.6266666666666666"
"A33,VAL,0.04"
"A34,VAL,0.21666666666666667"
"A35,LEU,0.08"
"A36,LYS,0.6733333333333332"
"A37,LYS,0.6533333333333333"
"A38,LEU,0.11333333333333333"
"A39,LYS,0.5066666666666667"
"A40,LYS,0.6933333333333334"
"A41,SER,0.07"
"A42,LEU,0.07666666666666667"
"A43,ASN,0.17666666666666667"
"A44,VAL,0.3433333333333333"
"A45,ALA,0.03"
"A46,LYS,0.4533333333333333"
"A47,SER,0.09333333333333334"
"A48,GLU,0.8533333333333334"
"A49,PHE,0.07333333333333335"
"A50,ASP,0.29333333333333333"
"A51,ARG,1.4366666666666665"
"A52,ASP,0.18000000000000002"
"A53,ALA,0.04"
"A54,ALA,0.11666666666666665"
"A55,MET,0.07"
"A56,GLN,0.08666666666666667"
"A57,ARG,0.8799999999999999"
"A58,LYS,0.6166666666666666"
"A59,LEU,0.02333333333333333"
"A60,GLU,0.75"
"A61,LYS,0.5966666666666667"
"A62,MET,0.016666666666666666"
"A63,ALA,0.013333333333333334"
"A64,ASP,0.4766666666666666"
"A65,GLN,0.07333333333333333"
"A66,ALA,0.01"
"A67,MET,0.06333333333333334"
"A68,THR,0.21666666666666667"
"A69,GLN,0.18000000000000002"
"A70,MET,0.09999999999999999"
"A71,TYR,0.93"
"A72,LYS,1.06"
"A73,GLN,0.3466666666666667"
"A74,ALA,0.20333333333333334"
"A75,ARG,2.3833333333333333"
"A76,SER,0.6966666666666667"
"A77,GLU,3.9133333333333336"
"A78,ASP,1.7433333333333334"
"A79,LYS,4.0"
"A80,ARG,2.933333333333333"
"A81,ALA,0.5466666666666667"
"A82,LYS,2.8033333333333332"
"A83,VAL,0.7566666666666667"
"A84,THR,1.7133333333333332"
