"ChainID,Resname,Parch_Value"
"A68,THR,1.0999999999999999"
"A69,TYR,0.79"
"A70,HIS,0.7400000000000001"
"A71,VAL,0.24"
"A72,ASP,1.1199999999999999"
"A73,ALA,0.23666666666666666"
"A74,ASN,0.7599999999999999"
"A75,ASP,1.4466666666666665"
"A76,HIS,1.36"
"A77,ASP,0.41333333333333333"
"A78,GLN,0.7933333333333333"
"A79,SER,0.23333333333333336"
"A80,ARG,1.14"
"A81,LYS,0.9766666666666666"
"A82,SER,0.30666666666666664"
"A83,GLN,0.5333333333333333"
"A84,GLN,0.8466666666666667"
"A85,TYR,0.65"
"A86,ASP,1.2633333333333334"
"A87,LEU,0.22"
"A88,ASN,0.44333333333333336"
"A89,ALA,0.24"
"A90,LEU,0.6666666666666666"
"A91,HIS,0.47000000000000003"
"A92,LYS,1.1633333333333333"
"A93,THR,0.4066666666666667"
"A94,THR,0.09000000000000001"
"A95,LYS,0.8833333333333334"
"A96,SER,0.06"
"A97,GLN,0.10666666666666667"
"A98,ARG,0.9533333333333333"
"A99,HIS,0.27"
"A100,LEU,0.06666666666666667"
"A101,GLY,0.04666666666666667"
"A102,GLY,0.03"
"A103,SER,0.10999999999999999"
"A104,GLN,0.22666666666666666"
"A105,GLN,0.5866666666666667"
"A106,LEU,0.9700000000000001"
"A107,LEU,1.4733333333333334"
