"ChainID,Resname,Parch_Value"
"A443,GLY,0.6366666666666667"
"A444,ALA,0.15"
"A445,LYS,1.9166666666666667"
"A446,HIS,0.3833333333333333"
"A447,SER,0.12333333333333334"
"A448,SER,0.3266666666666667"
"A449,ARG,1.5833333333333333"
"A450,LEU,0.18666666666666665"
"A451,GLU,0.66"
"A452,ALA,0.10000000000000002"
"A453,HIS,0.45999999999999996"
"A454,LEU,0.26999999999999996"
"A455,THR,0.7599999999999999"
"A456,ARG,1.1133333333333335"
"A457,ASP,0.2866666666666667"
"A458,GLU,1.1666666666666667"
"A459,LEU,0.10999999999999999"
"A460,ARG,0.8333333333333334"
"A461,ALA,0.0033333333333333335"
"A462,LYS,1.0866666666666667"
"A463,ALA,0.08"
"A464,LEU,0.030000000000000002"
"A465,HIS,0.19666666666666666"
"A466,ILE,0.0"
"A467,PRO,0.5266666666666667"
"A468,PHE,0.24333333333333332"
"A469,PRO,0.5666666666666665"
"A470,VAL,0.01"
"A471,GLU,0.6033333333333333"
"A472,LYS,1.0133333333333334"
"A473,ILE,0.0"
"A474,ILE,0.09333333333333334"
"A475,ASN,0.5466666666666667"
"A476,LEU,0.24666666666666667"
"A477,PRO,0.65"
"A478,VAL,0.2233333333333333"
"A479,VAL,0.3333333333333333"
"A480,ASP,0.58"
"A481,PHE,0.030000000000000002"
"A482,ASN,0.27"
"A483,GLU,0.9233333333333333"
"A484,MET,0.0033333333333333335"
"A485,MET,0.09333333333333332"
"A486,SER,0.24"
"A487,LYS,1.1133333333333333"
"A488,GLU,0.9666666666666667"
"A489,GLN,0.4633333333333334"
"A490,PHE,0.08"
"A491,ASN,0.32666666666666666"
"A492,GLU,1.64"
"A493,ALA,0.06"
"A494,GLN,0.006666666666666667"
"A495,LEU,0.09000000000000001"
"A496,ALA,0.06666666666666667"
"A497,LEU,0.05333333333333332"
"A498,ILE,0.0"
"A499,ARG,1.0166666666666666"
"A500,ASP,0.6166666666666667"
"A501,ILE,0.0033333333333333335"
"A502,ARG,0.5066666666666667"
"A503,ARG,1.39"
"A504,ARG,1.1966666666666665"
"A505,GLY,0.05666666666666667"
"A506,LYS,0.7033333333333333"
"A507,ASN,0.09000000000000001"
"A508,LYS,0.59"
"A509,VAL,0.03333333333333333"
"A510,ALA,0.04"
"A511,ALA,0.14666666666666664"
"A512,GLN,0.3866666666666667"
"A513,ASN,0.18666666666666668"
"A514,CYS,0.30666666666666664"
"A515,ARG,1.4000000000000001"
"A516,LYS,1.9866666666666666"
"A517,ARG,2.1266666666666665"
"A518,LYS,0.7733333333333334"
"A519,LEU,0.9366666666666666"
"A520,GLU,1.8866666666666667"
"A521,ASN,0.7833333333333332"
"A522,ILE,0.96"
"A523,VAL,1.9166666666666667"
