"ChainID,Resname,Parch_Value"
"A1,CYS,0.2966666666666667"
"A2,PRO,0.19000000000000003"
"A3,PRO,0.08666666666666667"
"A4,CYS,0.15"
"A5,HIS,0.5666666666666668"
"A6,GLY,0.09000000000000001"
"A7,ARG,0.6066666666666667"
"A8,PRO,0.05333333333333334"
"A9,THR,0.15333333333333332"
"A10,CYS,0.036666666666666674"
"A11,ASP,1.2266666666666666"
"A12,SER,0.4166666666666667"
"A13,PHE,0.4566666666666667"
"A14,THR,0.3633333333333333"
"A15,ASN,0.2933333333333334"
"A16,CYS,0.0"
"A17,TRP,0.8266666666666668"
"A18,GLU,1.25"
"A19,LEU,0.38999999999999996"
"A20,LEU,0.42333333333333334"
"A21,THR,0.4833333333333334"
"A22,CYS,0.13333333333333333"
"A23,PRO,0.2833333333333333"
"A24,PRO,0.4566666666666667"
"A25,CYS,1.7733333333333334"
