"ChainID,Resname,Parch_Value"
"A1,CYS,1.29"
"A2,ALA,0.31666666666666665"
"A3,PRO,0.4366666666666667"
"A4,GLU,1.9333333333333333"
"A5,CYS,0.5233333333333333"
"A6,ARG,2.12"
"A7,SER,0.62"
"A8,PHE,0.5233333333333333"
"A9,CYS,0.09333333333333334"
"A10,PRO,0.38999999999999996"
"A11,ASP,0.47000000000000003"
"A12,GLN,0.26333333333333336"
"A13,LYS,1.9100000000000001"
"A14,CYS,0.049999999999999996"
"A15,LEU,0.07"
"A16,LYS,1.3166666666666667"
"A17,ASP,0.7133333333333334"
"A18,CYS,0.23666666666666666"
"A19,GLY,0.14333333333333334"
"A20,CYS,0.16"
"A21,ILE,1.2666666666666668"
