"ChainID,Resname,Parch_Value"
"A166,GLY,0.5966666666666667"
"A167,THR,0.45999999999999996"
"A168,PRO,0.3666666666666667"
"A169,THR,0.47333333333333333"
"A170,TRP,0.29"
"A171,GLN,0.45333333333333337"
"A172,THR,0.14333333333333334"
"A173,VAL,0.09000000000000001"
"A174,THR,0.08"
"A175,ILE,0.016666666666666666"
"A176,PHE,0.016666666666666666"
"A177,VAL,0.016666666666666666"
"A178,ALA,0.01"
"A179,GLY,0.0"
"A180,VAL,0.02666666666666667"
"A181,LEU,0.023333333333333334"
"A182,THR,0.02666666666666667"
"A183,ALA,0.0"
"A184,SER,0.0033333333333333335"
"A185,LEU,0.13"
"A186,THR,0.19666666666666666"
"A187,ILE,0.11333333333333333"
"A188,TRP,0.37333333333333335"
"A189,LYS,0.7599999999999999"
"A190,LYS,1.2"
"A191,MET,0.3"
"A192,GLY,0.71"
"B166,GLY,0.6466666666666666"
"B167,THR,0.2866666666666667"
"B168,PRO,0.21666666666666667"
"B169,THR,0.21"
"B170,TRP,0.3866666666666667"
"B171,GLN,0.21333333333333335"
"B172,THR,0.02666666666666667"
"B173,VAL,0.043333333333333335"
"B174,THR,0.036666666666666674"
"B175,ILE,0.03"
"B176,PHE,0.02"
"B177,VAL,0.016666666666666666"
"B178,ALA,0.02"
"B179,GLY,0.0"
"B180,VAL,0.006666666666666667"
"B181,LEU,0.03666666666666667"
"B182,THR,0.04"
"B183,ALA,0.0"
"B184,SER,0.013333333333333334"
"B185,LEU,0.12333333333333334"
"B186,THR,0.14666666666666667"
"B187,ILE,0.016666666666666666"
"B188,TRP,0.16333333333333333"
"B189,LYS,1.6066666666666667"
"B190,LYS,1.5966666666666667"
"B191,MET,0.21999999999999997"
"B192,GLY,0.93"
