"ChainID,Resname,Parch_Value"
"A1,ALA,1.2233333333333334"
"A2,GLU,1.3500000000000003"
"A3,GLU,0.8666666666666667"
"A4,GLU,1.33"
"A5,TYR,0.8300000000000001"
"A6,ALA,0.4466666666666666"
"A7,GLU,1.08"
"A8,ASP,1.3266666666666669"
"A9,CYS,0.11666666666666665"
"A10,PRO,0.11333333333333333"
"A11,GLU,1.7299999999999998"
"A12,LEU,0.05000000000000001"
"A13,VAL,0.18666666666666668"
"A14,PRO,0.25333333333333335"
"A15,ILE,0.10333333333333333"
"A16,GLU,1.87"
"A17,THR,0.8933333333333332"
"A18,LYS,2.2533333333333334"
"A19,ASN,0.5133333333333333"
"A20,GLN,0.5766666666666667"
"A21,GLU,1.2766666666666666"
"A22,MET,0.21666666666666667"
"A23,ALA,0.06"
"A24,ALA,0.24333333333333332"
"A25,VAL,0.38999999999999996"
"A26,GLU,1.62"
"A27,THR,0.33666666666666667"
"A28,ARG,0.9133333333333334"
"A29,VAL,0.1366666666666667"
"A30,CYS,0.023333333333333334"
"A31,GLU,0.77"
"A32,THR,0.3566666666666667"
"A33,ASP,1.1466666666666667"
"A34,GLY,0.13333333333333333"
"A35,CYS,0.14"
"A36,SER,0.06666666666666667"
"A37,SER,0.06666666666666667"
"A38,GLU,1.32"
"A39,ALA,0.03"
"A40,LYS,1.2400000000000002"
"A41,LEU,0.023333333333333334"
"A42,GLN,0.08333333333333333"
"A43,CYS,0.02666666666666667"
"A44,PRO,0.11333333333333333"
"A45,THR,0.09333333333333334"
"A46,CYS,0.02666666666666667"
"A47,ILE,0.21333333333333335"
"A48,LYS,1.0"
"A49,LEU,0.06666666666666667"
"A50,GLY,0.09000000000000001"
"A51,ILE,0.24"
"A52,GLN,0.6933333333333334"
"A53,GLY,0.1366666666666667"
"A54,SER,0.26"
"A55,TYR,0.3766666666666667"
"A56,PHE,0.11333333333333333"
"A57,CYS,0.17666666666666667"
"A58,SER,0.21666666666666667"
"A59,GLN,0.21666666666666667"
"A60,GLU,1.0866666666666667"
"A61,CYS,0.2933333333333333"
"A62,PHE,0.03666666666666667"
"A63,LYS,0.9899999999999999"
"A64,GLY,0.02"
"A65,SER,0.12666666666666668"
"A66,TRP,0.26333333333333336"
"A67,ALA,0.05333333333333334"
"A68,THR,0.07666666666666667"
"A69,HIS,0.58"
"A70,LYS,0.52"
"A71,LEU,0.22666666666666666"
"A72,LEU,0.5466666666666667"
"A73,HIS,0.9366666666666666"
"A74,LYS,1.8733333333333333"
"A75,LYS,2.1733333333333333"
"A76,ALA,0.5"
"A77,LYS,2.0933333333333333"
"A78,ASP,1.1199999999999999"
"A79,GLU,1.5833333333333333"
"A80,LYS,2.0733333333333333"
