"ChainID,Resname,Parch_Value"
"A1,HIS,1.1533333333333333"
"A2,MET,0.6933333333333334"
"A3,LEU,0.4666666666666666"
"A4,ALA,0.3466666666666667"
"A5,LYS,1.1900000000000002"
"A6,GLU,1.3533333333333335"
"A7,ASP,0.19999999999999998"
"A8,TYR,0.17666666666666667"
"A9,TYR,0.26"
"A10,GLN,0.6466666666666666"
"A11,ILE,0.06333333333333334"
"A12,LEU,0.0"
"A13,GLY,0.14333333333333334"
"A14,VAL,0.06"
"A15,PRO,0.16666666666666666"
"A16,ARG,1.64"
"A17,ASN,0.31333333333333335"
"A18,ALA,0.10666666666666667"
"A19,SER,0.14333333333333334"
"A20,GLN,0.3566666666666667"
"A21,LYS,0.9866666666666667"
"A22,GLU,0.36666666666666664"
"A23,ILE,0.006666666666666667"
"A24,LYS,0.8366666666666668"
"A25,LYS,0.6566666666666667"
"A26,ALA,0.01"
"A27,TYR,0.12"
"A28,TYR,0.35000000000000003"
"A29,GLN,0.3833333333333333"
"A30,LEU,0.29"
"A31,ALA,0.01"
"A32,LYS,0.4066666666666667"
"A33,LYS,0.64"
"A34,TYR,0.02"
"A35,HIS,0.39000000000000007"
"A36,PRO,0.11333333333333333"
"A37,ASP,0.6933333333333334"
"A38,THR,0.43333333333333335"
"A39,ASN,0.2733333333333333"
"A40,LYS,1.1733333333333333"
"A41,ASP,0.2333333333333333"
"A42,ASP,0.7433333333333333"
"A43,PRO,0.26999999999999996"
"A44,LYS,0.8266666666666667"
"A45,ALA,0.01"
"A46,LYS,1.5"
"A47,GLU,0.25666666666666665"
"A48,LYS,0.6699999999999999"
"A49,PHE,0.049999999999999996"
"A50,SER,0.08"
"A51,GLN,0.10666666666666665"
"A52,LEU,0.013333333333333334"
"A53,ALA,0.02"
"A54,GLU,0.5266666666666667"
"A55,ALA,0.0"
"A56,TYR,0.17666666666666667"
"A57,GLU,0.9700000000000001"
"A58,VAL,0.0033333333333333335"
"A59,LEU,0.0"
"A60,SER,0.28"
"A61,ASP,0.37333333333333335"
"A62,GLU,2.03"
"A63,VAL,0.23666666666666666"
"A64,LYS,0.4366666666666667"
"A65,ARG,1.3033333333333335"
"A66,LYS,1.13"
"A67,GLN,0.10000000000000002"
"A68,TYR,0.32666666666666666"
"A69,ASP,0.5433333333333333"
"A70,ALA,0.13999999999999999"
"A71,TYR,0.5433333333333333"
"A72,GLY,0.09999999999999999"
"A73,SER,1.5466666666666669"
