"ChainID,Resname,Parch_Value"
"A1,GLY,0.8433333333333334"
"A2,ARG,1.6733333333333336"
"A3,ILE,0.9833333333333334"
"A4,ASP,1.3166666666666667"
"A6,CYS,0.35333333333333333"
"A7,PRO,0.3433333333333333"
"A8,ALA,0.32"
"A9,GLY,0.38333333333333336"
"A10,GLY,0.39333333333333337"
"A11,GLY,0.38666666666666666"
"A14,GLU,1.8866666666666667"
"A15,GLN,0.51"
"A17,GLY,0.18333333333333335"
"A19,CYS,0.39999999999999997"
"A20,CYS,0.89"
