"ChainID,Resname,Parch_Value"
"A1,GLY,1.2166666666666668"
"A2,PRO,0.4833333333333334"
"A3,LEU,0.3433333333333333"
"A4,GLY,0.24333333333333332"
"A5,SER,0.4566666666666667"
"A6,ILE,0.7566666666666667"
"A7,ASP,0.79"
"A8,LYS,2.15"
"A9,GLU,2.206666666666667"
"A10,THR,0.62"
"A11,ILE,0.5933333333333334"
"A12,ASP,1.57"
"A13,LEU,0.7799999999999999"
"A14,LEU,0.35666666666666663"
"A15,ALA,0.24333333333333332"
"A16,PHE,0.48666666666666664"
"A17,THR,0.20333333333333334"
"A18,SER,0.18666666666666668"
"A19,VAL,0.043333333333333335"
"A20,ALA,0.06666666666666667"
"A21,GLU,0.7399999999999999"
"A22,LEU,0.15666666666666665"
"A23,GLU,0.71"
"A24,LEU,0.08333333333333333"
"A25,LEU,0.11333333333333334"
"A26,GLY,0.05000000000000001"
"A27,LEU,0.47"
"A28,GLU,0.4366666666666667"
"A29,LYS,0.79"
"A30,LEU,0.0"
"A31,LYS,0.4000000000000001"
"A32,CYS,0.16333333333333333"
"A33,GLU,1.18"
"A34,LEU,0.01"
"A35,MET,0.23"
"A36,ALA,0.2933333333333334"
"A37,LEU,0.04"
"A38,GLY,0.19999999999999998"
"A39,LEU,0.11"
"A40,LYS,1.8966666666666667"
"A41,CYS,0.22666666666666668"
"A42,GLY,0.17"
"A43,GLY,0.09000000000000001"
"A44,THR,0.14666666666666667"
"A45,LEU,0.12"
"A46,GLN,0.54"
"A47,GLU,0.9133333333333334"
"A48,ARG,0.36000000000000004"
"A49,ALA,0.006666666666666667"
"A50,ALA,0.02666666666666667"
"A51,ARG,0.7733333333333333"
"A52,LEU,0.01"
"A53,PHE,0.08666666666666667"
"A54,SER,0.11666666666666668"
"A55,VAL,0.01"
"A56,ARG,0.77"
"A57,GLY,0.13333333333333333"
"A58,LEU,0.26333333333333336"
"A59,ALA,0.09999999999999999"
"A60,LYS,1.9666666666666668"
"A61,GLU,1.2133333333333334"
"A62,GLN,0.5266666666666667"
"A63,ILE,0.22"
"A64,ASP,0.6566666666666667"
"A65,PRO,0.32"
"A66,ALA,0.09666666666666668"
"A67,LEU,0.21666666666666667"
"A68,PHE,0.65"
"A69,ALA,0.45"
"A70,LYS,1.0766666666666667"
"A71,PRO,0.19666666666666668"
"A72,LEU,0.5433333333333333"
"A73,LYS,2.276666666666667"
"A74,GLY,0.24333333333333332"
"A75,LYS,1.22"
"A76,LYS,0.8966666666666666"
"A77,LYS,1.4533333333333334"
