"ChainID,Resname,Parch_Value"
"A258,GLY,0.49333333333333335"
"A259,PRO,0.18000000000000002"
"A260,ARG,1.1333333333333333"
"A261,LEU,0.12"
"A262,ARG,1.4633333333333336"
"A263,LYS,1.1466666666666667"
"A264,GLY,0.15666666666666665"
"A265,ARG,1.5599999999999998"
"A266,MET,0.4033333333333333"
"A267,MET,0.056666666666666664"
"A268,ASP,0.22666666666666666"
"A269,VAL,0.07666666666666667"
"A270,LYS,0.5133333333333333"
"A271,LYS,0.48666666666666664"
"A272,CYS,0.030000000000000002"
"A273,GLY,0.030000000000000002"
"A274,ILE,0.2233333333333333"
"A275,GLN,0.8466666666666667"
"A276,ASP,0.3"
"A277,THR,0.3833333333333333"
"A278,ASN,0.29"
"A279,SER,0.5566666666666666"
"A280,LYS,1.24"
"A281,LYS,2.3433333333333333"
"A282,GLN,1.05"
"A283,SER,0.6566666666666666"
"A284,ASP,0.7633333333333333"
"A285,THR,0.26666666666666666"
"A286,HIS,0.6866666666666666"
"A287,LEU,1.1633333333333333"
"A288,GLU,1.5233333333333334"
"A289,GLU,1.8533333333333335"
"A290,THR,1.06"
