"ChainID,Resname,Parch_Value"
"A168,MET,0.48"
"A169,PHE,0.19666666666666666"
"A170,ILE,0.08333333333333333"
"A171,TYR,0.17"
"A172,TYR,0.28"
"A173,LYS,0.1366666666666667"
"A174,ARG,1.0733333333333335"
"A175,THR,0.11666666666666665"
"A176,LYS,2.356666666666667"
"A177,GLN,0.6166666666666667"
"A178,GLY,0.06333333333333334"
"A179,SER,0.25"
"A180,THR,0.22666666666666668"
"A181,GLU,0.8566666666666668"
"A182,GLN,0.3066666666666667"
"A183,TRP,0.48666666666666664"
"A184,PHE,0.02666666666666667"
"A185,VAL,0.02666666666666667"
"A186,ILE,0.06333333333333332"
"A187,GLY,0.16"
"A188,GLY,0.07333333333333332"
"A189,LYS,0.7200000000000001"
"A190,ARG,0.05666666666666667"
"A191,ILE,0.04"
"A192,TYR,0.30666666666666664"
"A193,LEU,0.08333333333333333"
"A194,PRO,0.08333333333333333"
"A195,THR,0.023333333333333334"
"A196,MET,0.12"
"A197,THR,0.10333333333333333"
"A198,TYR,0.17666666666666667"
"A199,VAL,0.0033333333333333335"
"A200,ASN,0.21999999999999997"
"A201,GLU,1.4033333333333333"
"A202,ALA,0.0"
"A203,ASN,0.25666666666666665"
"A204,ASP,0.7000000000000001"
"A205,LEU,0.06999999999999999"
"A206,ILE,0.006666666666666667"
"A207,LYS,0.9266666666666666"
"A208,ARG,0.8766666666666666"
"A209,TYR,0.48666666666666664"
"A210,GLY,0.09333333333333334"
"A211,GLY,0.03"
"A212,ASN,0.38333333333333336"
"A213,THR,0.28"
"A214,ASN,0.3833333333333333"
"A215,VAL,0.26333333333333336"
"A216,THR,0.27"
"A217,THR,0.27"
"A218,TYR,0.10999999999999999"
"A219,ASN,0.5533333333333333"
"A220,HIS,0.3866666666666667"
"A221,ASP,0.45"
"A222,ASN,0.16"
"A223,PHE,0.22666666666666666"
"A224,GLY,0.0"
"A225,LEU,0.0"
"A226,LYS,0.5266666666666667"
"A227,MET,0.08"
"A228,MET,0.0"
"A229,GLU,0.016666666666666666"
"A230,ALA,0.11333333333333333"
"A231,ALA,0.07666666666666667"
"A232,LEU,0.030000000000000002"
"A233,PRO,0.26333333333333336"
"A234,GLN,0.39666666666666667"
"A235,VAL,0.1366666666666667"
"A236,LYS,1.1266666666666667"
"A237,VAL,0.5233333333333333"
