"ChainID,Resname,Parch_Value"
"A1,GLY,0.9133333333333334"
"A2,GLY,0.71"
"A3,CYS,0.17666666666666667"
"A4,CYS,0.11"
"A5,SER,0.39666666666666667"
"A6,HIS,0.11666666666666665"
"A7,PRO,0.07666666666666667"
"A8,ALA,0.02"
"A9,CYS,0.0033333333333333335"
"A10,ALA,0.09666666666666668"
"A11,ALA,0.10666666666666667"
"A12,ASN,0.18999999999999997"
"A13,ASN,0.23"
"A14,GLN,0.49333333333333335"
"A15,ASP,1.4766666666666666"
"A16,TYR,1.2533333333333332"
"A17,CYS,1.0599999999999998"
