"ChainID,Resname,Parch_Value"
"A1,LYS,3.293333333333333"
"A2,TRP,0.9233333333333333"
"A3,ALA,0.036666666666666674"
"A4,VAL,0.08333333333333333"
"A5,ARG,0.88"
"A6,ILE,0.02666666666666667"
"A7,ILE,0.02666666666666667"
"A8,ARG,0.5433333333333333"
"A9,LYS,0.8833333333333334"
"A10,PHE,0.08333333333333333"
"A11,ILE,0.049999999999999996"
"A12,LYS,0.6266666666666666"
"A13,GLY,0.14333333333333334"
"A14,PHE,0.24666666666666667"
"A15,ILE,0.6566666666666666"
"A16,SER,1.1333333333333333"
