"ChainID,Resname,Parch_Value"
"X1,ALA,0.4166666666666667"
"X2,LEU,0.3"
"X3,GLU,0.7366666666666667"
"X4,ARG,1.5566666666666666"
"X5,THR,0.2333333333333333"
"X6,GLY,0.08666666666666667"
"X7,GLY,0.10000000000000002"
"X8,ASN,0.21333333333333335"
"X9,LYS,1.0533333333333332"
"X10,SER,0.05000000000000001"
"X11,LYS,0.82"
"X12,ALA,0.023333333333333334"
"X13,ALA,0.04666666666666667"
"X14,ARG,0.9666666666666667"
"X15,LEU,0.12"
"X16,LEU,0.07666666666666667"
"X17,GLY,0.02"
"X18,ILE,0.24"
"X19,SER,0.10999999999999999"
"X20,ARG,0.8866666666666667"
"X21,ARG,0.91"
"X22,THR,0.10666666666666667"
"X23,LEU,0.6466666666666666"
"X24,TYR,0.39333333333333337"
"X25,ARG,3.41"
