"ChainID,Resname,Parch_Value"
"A1,GLY,0.25"
"A2,PHE,0.43999999999999995"
"A3,CYS,0.2866666666666667"
"A4,HIS,0.8466666666666667"
"A5,ARG,1.28"
"A6,SER,0.4033333333333333"
"A7,TYR,0.37333333333333335"
"A8,PRO,0.24333333333333332"
"A9,PRO,0.4633333333333333"
"A10,GLU,1.09"
"A11,CYS,0.29"
"A12,TRP,0.7433333333333333"
"A13,PRO,0.11333333333333333"
"A14,ASN,0.6366666666666667"
