"ChainID,Resname,Parch_Value"
"A1,GLY,0.48"
"A2,ILE,0.11333333333333334"
"A3,LEU,0.15"
"A4,ASP,0.34"
"A5,ILE,0.01"
"A6,LYS,0.52"
"A7,ASN,0.2333333333333333"
"A8,LYS,0.59"
"A9,VAL,0.03"
"A10,SER,0.10333333333333333"
"A11,ASN,0.33"
"A12,LEU,0.18000000000000002"
"A13,PHE,0.20666666666666667"
"A14,LYS,1.29"
"A15,LYS,1.8133333333333332"
"A16,ILE,0.32"
"A17,LYS,2.9233333333333333"
