"ChainID,Resname,Parch_Value"
"A585,SER,1.0866666666666667"
"A586,ALA,0.10666666666666667"
"A587,GLN,0.52"
"A588,GLU,0.5"
"A589,GLU,1.3966666666666667"
"A590,ALA,0.05000000000000001"
"A591,GLU,1.1966666666666665"
"A592,ALA,0.06666666666666667"
"A593,GLU,0.42"
"A594,GLU,0.7200000000000001"
"A595,ARG,1.3833333333333335"
"A596,ARG,1.4566666666666668"
"A597,LEU,0.24666666666666667"
"A598,GLN,0.29"
"A599,GLU,1.3633333333333333"
"A600,GLN,0.3433333333333333"
"A601,GLU,1.1933333333333334"
"A602,GLU,1.2433333333333334"
"A603,LEU,0.07333333333333333"
"A604,GLU,0.6633333333333334"
"A605,ASN,0.39666666666666667"
"A606,TYR,0.5733333333333333"
"A607,ILE,0.04666666666666667"
"A608,GLU,0.77"
"A609,HIS,0.3733333333333333"
"A610,VAL,0.06999999999999999"
"A611,LEU,0.39666666666666667"
"A612,LEU,0.19999999999999998"
"A613,ARG,0.71"
"A614,ARG,1.25"
"A615,PRO,1.1266666666666667"
