"ChainID,Resname,Parch_Value"
"A1,SER,1.5366666666666668"
"A2,TYR,0.8833333333333333"
"A3,GLN,0.64"
"A4,ARG,1.0666666666666667"
"A5,ILE,0.12666666666666668"
"A6,ARG,2.25"
"A7,SER,0.2733333333333334"
"A8,ASP,1.6733333333333331"
"A9,HIS,0.6433333333333333"
"A10,ASP,1.0033333333333334"
"A11,SER,0.15"
"A12,HIS,0.18999999999999997"
"A13,SER,0.08666666666666667"
"A14,CYS,0.030000000000000002"
"A15,ALA,0.01"
"A16,ASN,0.30000000000000004"
"A17,ASN,0.21"
"A18,ARG,1.1133333333333333"
"A19,GLY,0.016666666666666666"
"A20,TRP,0.24666666666666667"
"A21,CYS,0.0"
"A22,ARG,0.19333333333333333"
"A23,PRO,0.04666666666666667"
"A24,THR,0.03666666666666667"
"A25,CYS,0.09000000000000001"
"A26,PHE,0.2733333333333333"
"A27,SER,0.13999999999999999"
"A28,HIS,0.26"
"A29,GLU,0.09666666666666668"
"A30,TYR,0.4066666666666667"
"A31,THR,0.16"
"A32,ASP,0.10666666666666667"
"A33,TRP,0.32"
"A34,PHE,0.6566666666666666"
"A35,ASN,0.10333333333333333"
"A36,ASN,0.47333333333333333"
"A37,ASP,1.1700000000000002"
"A38,VAL,0.18666666666666665"
"A39,CYS,0.03"
"A40,GLY,0.25666666666666665"
"A41,SER,0.49"
"A42,TYR,0.5099999999999999"
"A43,ARG,0.6933333333333334"
"A44,CYS,0.016666666666666666"
"A45,CYS,0.0033333333333333335"
"A46,ARG,0.38000000000000006"
"A47,PRO,0.12666666666666668"
"A48,GLY,0.06999999999999999"
"A49,ARG,3.8533333333333335"
