"ChainID,Resname,Parch_Value"
"A1,GLY,0.44"
"A2,SER,0.29"
"A3,THR,0.5766666666666667"
"A4,PHE,0.35666666666666663"
"A5,GLY,0.09000000000000001"
"A6,PRO,0.36000000000000004"
"A7,LYS,1.36"
"A8,ASP,0.5966666666666667"
"A9,ILE,0.15666666666666665"
"A10,LYS,1.3433333333333335"
"A11,CYS,0.07333333333333335"
"A12,GLU,0.39666666666666667"
"A13,ALA,0.05666666666666667"
"A14,TYR,0.77"
"A15,TYR,0.3633333333333333"
"A16,MET,0.14333333333333334"
"A17,GLN,0.21333333333333335"
"A18,ASP,0.7933333333333333"
"A19,HIS,0.06333333333333334"
"A20,VAL,0.06666666666666667"
"A21,LYS,1.0166666666666666"
"A22,TYR,0.3633333333333333"
"A23,LYS,1.2066666666666668"
"A24,ALA,0.006666666666666667"
"A25,ASN,0.04"
"A26,VAL,0.013333333333333334"
"A27,PHE,0.36000000000000004"
"A28,ASP,0.8466666666666667"
"A29,ARG,0.6033333333333334"
"A30,LYS,0.6633333333333334"
"A31,GLY,0.09000000000000001"
"A32,ASP,1.03"
"A33,MET,0.1366666666666667"
"A34,PHE,0.08"
"A35,LEU,0.10000000000000002"
"A36,VAL,0.0"
"A37,SER,0.043333333333333335"
"A38,PRO,0.14"
"A39,ILE,0.33666666666666667"
"A40,MET,0.3466666666666667"
"A41,ALA,0.14"
"A42,TYR,0.5133333333333333"
"A43,GLY,0.11666666666666665"
"A44,SER,0.05000000000000001"
"A45,PHE,0.2333333333333333"
"A46,TRP,0.27"
"A47,ALA,0.0"
"A48,PRO,0.04666666666666667"
"A49,VAL,0.09333333333333334"
"A50,SER,0.24"
"A51,TYR,0.26666666666666666"
"A52,PHE,0.45333333333333337"
"A53,THR,0.39666666666666667"
"A54,GLU,1.8699999999999999"
"A55,GLY,0.13333333333333333"
"A56,ASN,0.4766666666666666"
"A57,THR,0.5466666666666667"
"A58,CYS,0.08333333333333333"
"A59,GLU,1.9333333333333336"
"A60,GLY,0.22666666666666666"
"A61,VAL,0.4466666666666667"
"A62,PHE,1.0233333333333334"
