"ChainID,Resname,Parch_Value"
"A1,GLY,0.8033333333333333"
"A2,PHE,0.16333333333333333"
"A3,ILE,0.09333333333333334"
"A4,VAL,0.10666666666666667"
"A5,LYS,0.8633333333333333"
"A6,ARG,0.28"
"A7,PHE,0.04666666666666667"
"A8,LYS,1.5033333333333332"
"A9,ILE,0.8233333333333333"
"A10,LEU,0.4033333333333333"
"A11,VAL,1.2000000000000002"
