"ChainID,Resname,Parch_Value"
"A28,ARG,4.596666666666667"
"A29,ARG,2.733333333333333"
"A30,CYS,0.11666666666666665"
"A31,LEU,0.12"
"A32,PHE,0.043333333333333335"
"A33,LEU,0.02666666666666667"
"A34,SER,0.04666666666666667"
"A35,LEU,0.02"
"A36,PHE,0.023333333333333334"
"A37,SER,0.04"
"A38,PHE,0.15666666666666665"
"A39,LEU,0.04"
"A40,ILE,0.01"
"A41,VAL,0.08666666666666667"
"A42,ALA,0.016666666666666666"
"A43,GLY,0.01"
"A44,ALA,0.0"
"A45,THR,0.07333333333333333"
"A46,THR,0.03666666666666667"
"A47,LEU,0.03"
"A48,PHE,0.043333333333333335"
"A49,CYS,0.10666666666666667"
"A50,LEU,0.09666666666666666"
"A51,LEU,0.04"
"A52,HIS,0.19000000000000003"
"A53,PHE,0.2733333333333334"
"A54,GLY,0.016666666666666666"
"A55,VAL,0.03666666666666667"
"A56,ILE,0.05333333333333334"
"A57,GLY,0.043333333333333335"
"A58,PRO,0.13333333333333333"
"A59,GLN,0.59"
"A60,ARG,3.24"
