"ChainID,Resname,Parch_Value"
"A1,GLY,0.9066666666666666"
"A2,THR,0.3833333333333333"
"A3,GLU,0.5133333333333333"
"A4,ILE,0.016666666666666666"
"A5,GLU,0.5166666666666667"
"A6,LEU,0.0033333333333333335"
"A7,GLU,0.8166666666666665"
"A8,SER,0.09666666666666666"
"A9,LYS,1.1966666666666668"
"A10,ASN,0.18999999999999997"
"A11,GLY,0.09000000000000001"
"A12,GLN,0.33666666666666667"
"A13,ARG,1.0633333333333332"
"A14,GLU,0.12"
"A15,HIS,0.57"
"A16,TYR,0.3566666666666667"
"A17,THR,0.2733333333333334"
"A18,ALA,0.03"
"A19,THR,0.31"
"A20,SER,0.18333333333333335"
"A21,GLU,1.2566666666666668"
"A22,ASP,1.0033333333333332"
"A23,GLU,0.6233333333333334"
"A24,ALA,0.0"
"A25,ARG,1.2366666666666666"
"A26,LYS,1.1500000000000001"
"A27,ILE,0.10333333333333333"
"A28,ILE,0.013333333333333334"
"A29,GLU,0.6933333333333334"
"A30,LYS,1.22"
"A31,ALA,0.016666666666666666"
"A32,VAL,0.05666666666666667"
"A33,ARG,1.1233333333333333"
"A34,ARG,0.7733333333333333"
"A35,GLY,0.07666666666666666"
"A36,ILE,0.016666666666666666"
"A37,LYS,1.2833333333333334"
"A38,ARG,0.8766666666666666"
"A39,ILE,0.016666666666666666"
"A40,GLU,0.6666666666666666"
"A41,LEU,0.03"
"A42,ARG,1.7166666666666666"
"A43,GLY,0.16666666666666666"
"A44,ALA,0.07333333333333332"
"A45,SER,0.39666666666666667"
"A46,GLU,1.1099999999999999"
"A47,GLN,0.7200000000000001"
"A48,LEU,0.07"
"A49,ILE,0.07"
"A50,ARG,1.0399999999999998"
"A51,ASP,0.38333333333333336"
"A52,MET,0.0"
"A53,GLN,0.24666666666666667"
"A54,GLU,0.9766666666666667"
"A55,ILE,0.06666666666666667"
"A56,ALA,0.04"
"A57,LYS,0.7866666666666666"
"A58,GLN,0.36000000000000004"
"A59,ILE,0.22666666666666668"
"A60,GLY,0.12666666666666668"
"A61,LEU,0.07333333333333333"
"A62,GLN,0.35000000000000003"
"A63,TYR,0.25666666666666665"
"A64,ARG,2.46"
"A65,THR,0.23666666666666666"
"A66,ASP,0.7833333333333333"
"A67,GLY,0.12"
"A68,SER,0.19666666666666666"
"A69,LEU,0.25"
"A70,GLU,1.37"
"A71,HIS,0.36000000000000004"
"A72,HIS,0.6033333333333334"
"A73,HIS,0.23666666666666666"
"A74,HIS,0.4033333333333333"
"A75,HIS,0.7866666666666666"
"A76,HIS,2.8699999999999997"
