"ChainID,Resname,Parch_Value"
"A21,ILE,1.1733333333333333"
"A22,GLU,0.73"
"A23,GLU,0.84"
"A24,GLN,0.27"
"A25,ALA,0.09666666666666666"
"A26,LYS,0.7466666666666667"
"A27,THR,0.3366666666666667"
"A28,PHE,0.44333333333333336"
"A29,LEU,0.10666666666666667"
"A30,ASP,0.33"
"A31,LYS,0.9833333333333333"
"A32,PHE,0.5766666666666667"
"A33,ASN,0.11666666666666665"
"A34,HIS,1.1500000000000001"
"A35,GLU,1.2166666666666666"
"A36,ALA,0.08666666666666667"
"A37,GLU,1.99"
"A38,ASP,0.7633333333333333"
"A39,LEU,0.2833333333333333"
"A40,PHE,0.26"
"A41,TYR,0.6266666666666666"
"A42,GLN,1.3133333333333332"
