"ChainID,Resname,Parch_Value"
"A1,ALA,1.16"
"A2,SER,0.35333333333333333"
"A3,GLY,0.10666666666666667"
"A4,ALA,0.3033333333333333"
"A5,ASP,1.4666666666666668"
"A6,THR,0.2333333333333333"
"A7,CYS,0.023333333333333334"
"A8,CYS,0.049999999999999996"
"A9,SER,0.33666666666666667"
"A10,ASN,0.08"
"A11,PRO,0.07666666666666667"
"A12,ALA,0.03666666666666667"
"A13,CYS,0.02666666666666667"
"A14,GLN,0.12666666666666668"
"A15,VAL,0.08666666666666667"
"A16,GLN,0.44333333333333336"
"A17,HIS,0.12333333333333334"
"A18,SER,0.26333333333333336"
"A19,ASP,1.24"
"A20,LEU,0.27999999999999997"
"A21,CYS,1.2133333333333334"
