"ChainID,Resname,Parch_Value"
"A1,GLY,0.29"
"A2,SER,0.3333333333333333"
"A3,GLU,0.3733333333333333"
"A4,GLU,0.17333333333333334"
"A5,HIS,0.37333333333333335"
"A6,PHE,0.3666666666666667"
"A7,ILE,0.08666666666666667"
"A8,GLU,0.6633333333333332"
"A9,THR,0.05666666666666667"
"A10,ILE,0.030000000000000002"
"A11,SER,0.17"
"A12,LEU,0.14666666666666664"
"A13,ALA,0.12333333333333334"
"A14,GLY,0.20333333333333334"
"A15,SER,0.17666666666666667"
"A16,TYR,0.63"
"A17,LYS,1.7166666666666668"
"A18,ASP,1.4633333333333332"
"A19,TRP,0.5566666666666666"
"A20,SER,0.25333333333333335"
"A21,TYR,0.2833333333333334"
"A22,SER,0.16"
"A23,GLY,0.15"
"A24,GLN,0.24666666666666667"
"A25,SER,0.08333333333333333"
"A26,THR,0.056666666666666664"
"A27,GLN,0.15"
"A28,LEU,0.3033333333333333"
"A29,GLY,0.0"
"A30,ILE,0.09000000000000001"
"A31,GLU,0.03333333333333333"
"A32,PHE,0.05000000000000001"
"A33,LEU,0.0"
"A34,LYS,0.6933333333333334"
"A35,ARG,0.26666666666666666"
"A36,GLY,0.19333333333333333"
"A37,ASP,0.53"
"A38,LYS,0.9"
"A39,SER,0.04666666666666667"
"A40,VAL,0.0"
"A41,TYR,0.2833333333333334"
"A42,TYR,0.12666666666666668"
"A43,THR,0.10666666666666667"
"A44,SER,0.13666666666666666"
"A45,ASN,0.21666666666666667"
"A46,PRO,0.14666666666666664"
"A47,THR,0.18999999999999997"
"A48,THR,0.04"
"A49,PHE,0.10000000000000002"
"A50,HIS,0.09333333333333334"
"A51,LEU,0.08"
"A52,ASP,1.3833333333333335"
"A53,GLY,0.12"
"A54,GLU,1.1866666666666668"
"A55,VAL,0.14333333333333334"
"A56,ILE,0.22666666666666668"
"A57,THR,0.19999999999999998"
"A58,PHE,0.8666666666666667"
"A59,ASP,0.8333333333333334"
"A60,ASN,0.22999999999999998"
"A61,LEU,0.060000000000000005"
"A62,LYS,0.7066666666666667"
"A63,THR,0.2066666666666667"
"A64,LEU,0.25"
"A65,LEU,0.11666666666666668"
"A66,SER,1.1866666666666668"
