"ChainID,Resname,Parch_Value"
"A1663,ALA,0.9666666666666668"
"A1664,GLU,2.1733333333333333"
"A1665,ARG,2.0166666666666666"
"A1666,LEU,0.4766666666666666"
"A1667,ILE,0.5"
"A1668,PRO,0.043333333333333335"
"A1669,ARG,1.1133333333333335"
"A1670,ARG,0.19666666666666666"
"A1671,PRO,0.08333333333333333"
"A1672,ALA,0.03333333333333333"
"A1673,PRO,0.06666666666666667"
"A1674,PRO,0.17333333333333334"
"A1675,VAL,0.04"
"A1676,PRO,0.23666666666666666"
"A1677,VAL,0.24666666666666667"
"A1678,PRO,0.5033333333333333"
"A1679,ALA,0.49"
"A1680,ARG,1.2233333333333334"
"A1681,ILE,0.29"
"A1682,PRO,0.17333333333333334"
"A1683,SER,0.41333333333333333"
"A1684,PRO,0.27999999999999997"
"A1685,ARG,3.19"
"B1,GLY,0.9766666666666667"
"B2,SER,0.26333333333333336"
"B3,HIS,0.42333333333333334"
"B4,MET,0.39666666666666667"
"B5,ALA,0.17666666666666667"
"B6,THR,0.14333333333333334"
"B7,LYS,0.4566666666666667"
"B8,ALA,0.0"
"B9,ARG,0.4033333333333333"
"B10,VAL,0.0"
"B11,MET,0.24333333333333332"
"B12,TYR,0.38999999999999996"
"B13,ASP,0.7400000000000001"
"B14,PHE,0.05666666666666667"
"B15,ALA,0.16333333333333333"
"B16,ALA,0.03666666666666667"
"B17,GLU,0.5033333333333333"
"B18,PRO,0.5533333333333333"
"B19,GLY,0.2333333333333333"
"B20,ASN,0.14333333333333334"
"B21,ASN,0.54"
"B22,GLU,0.06"
"B23,LEU,0.049999999999999996"
"B24,THR,0.19999999999999998"
"B25,VAL,0.09666666666666668"
"B26,ASN,0.14"
"B27,GLU,1.9733333333333334"
"B28,GLY,0.07333333333333333"
"B29,GLU,0.2933333333333334"
"B30,ILE,0.30000000000000004"
"B31,ILE,0.030000000000000002"
"B32,THR,0.06666666666666667"
"B33,ILE,0.01"
"B34,THR,0.11333333333333334"
"B35,ASN,0.14333333333333334"
"B36,PRO,0.57"
"B37,ASP,1.2533333333333334"
"B38,VAL,0.08"
"B39,GLY,0.09333333333333332"
"B40,GLY,0.08333333333333333"
"B41,GLY,0.11666666666666665"
"B42,TRP,0.013333333333333334"
"B43,LEU,0.043333333333333335"
"B44,GLU,0.08666666666666667"
"B45,GLY,0.0"
"B46,ARG,0.9333333333333335"
"B47,ASN,0.12666666666666668"
"B48,ILE,0.64"
"B49,LYS,0.5766666666666667"
"B50,GLY,0.21333333333333335"
"B51,GLU,0.7033333333333333"
"B52,ARG,1.3666666666666665"
"B53,GLY,0.02"
"B54,LEU,0.03"
"B55,VAL,0.0"
"B56,PRO,0.0"
"B57,THR,0.22333333333333336"
"B58,ASP,0.38000000000000006"
"B59,TYR,0.0"
"B60,VAL,0.04"
"B61,GLU,0.2833333333333334"
"B62,ILE,0.20666666666666667"
"B63,LEU,0.17"
"B64,PRO,0.5133333333333333"
"B65,SER,0.62"
"B66,ASP,1.3633333333333333"
"B67,GLY,1.38"
