"ChainID,Resname,Parch_Value"
"A466,ALA,0.8266666666666667"
"A467,ALA,0.30666666666666664"
"A468,SER,0.29666666666666663"
"A469,PRO,0.4466666666666666"
"A470,SER,0.18000000000000002"
"A471,VAL,0.09000000000000001"
"A472,GLU,0.20666666666666667"
"A473,GLU,0.4633333333333334"
"A474,LYS,0.9700000000000001"
"A475,LEU,0.0"
"A476,GLN,0.3066666666666667"
"A477,LYS,0.8466666666666667"
"A478,LEU,0.2833333333333333"
"A479,HIS,0.3833333333333333"
"A480,SER,0.11666666666666665"
"A481,GLU,0.2933333333333334"
"A482,ILE,0.11666666666666668"
"A483,LYS,1.3033333333333335"
"A484,PHE,0.3233333333333333"
"A485,ALA,0.036666666666666674"
"A486,LEU,0.12333333333333334"
"A487,LYS,0.7166666666666667"
"A488,VAL,0.2966666666666667"
"A489,ASP,0.8166666666666668"
"A490,SER,0.3833333333333333"
"A491,PRO,0.08"
"A492,ASP,0.35666666666666663"
"A493,VAL,0.06"
"A494,LYS,1.04"
"A495,ARG,0.9466666666666667"
"A496,CYS,0.0"
"A497,LEU,0.10666666666666667"
"A498,ASN,0.21"
"A499,ALA,0.04"
"A500,LEU,0.01"
"A501,GLU,0.48"
"A502,GLU,0.8466666666666667"
"A503,LEU,0.17333333333333334"
"A504,GLY,0.04"
"A505,THR,0.25666666666666665"
"A506,LEU,0.04666666666666667"
"A507,GLN,0.36999999999999994"
"A508,VAL,0.38000000000000006"
"A509,THR,0.16333333333333333"
"A510,SER,0.1466666666666667"
"A511,GLN,0.29"
"A512,ILE,0.036666666666666674"
"A513,LEU,0.19666666666666666"
"A514,GLN,0.14333333333333334"
"A515,LYS,0.5599999999999999"
"A516,ASN,0.12"
"A517,THR,0.3866666666666667"
"A518,ASP,0.54"
"A519,VAL,0.03666666666666667"
"A520,VAL,0.19333333333333336"
"A521,ALA,0.22999999999999998"
"A522,THR,0.10333333333333335"
"A523,LEU,0.02"
"A524,LYS,0.9266666666666667"
"A525,LYS,1.4366666666666668"
"A526,ILE,0.01"
"A527,ARG,1.4666666666666668"
"A528,ARG,1.49"
"A529,TYR,0.09333333333333332"
"A530,LYS,1.6133333333333333"
"A531,ALA,0.18000000000000002"
"A532,ASN,0.13999999999999999"
"A533,LYS,1.0466666666666666"
"A534,ASP,0.27666666666666667"
"A535,VAL,0.0"
"A536,MET,0.06333333333333334"
"A537,GLU,0.4566666666666667"
"A538,LYS,0.3433333333333333"
"A539,ALA,0.0"
"A540,ALA,0.056666666666666664"
"A541,GLU,0.4033333333333333"
"A542,VAL,0.0033333333333333335"
"A543,TYR,0.15333333333333335"
"A544,THR,0.11333333333333333"
"A545,ARG,0.7233333333333333"
"A546,LEU,0.043333333333333335"
"A547,LYS,1.0633333333333335"
"A548,SER,0.07"
"A549,ARG,1.2166666666666666"
"A550,GLY,0.2333333333333333"
"A551,SER,1.2633333333333334"
