"ChainID,Resname,Parch_Value"
"A1,ALA,1.5833333333333333"
"A2,GLY,0.4633333333333334"
"A3,THR,0.41333333333333333"
"A4,MET,0.5833333333333334"
"A5,ARG,1.2266666666666668"
"A6,VAL,0.16"
"A7,THR,0.22"
"A8,TYR,0.66"
"A9,PRO,0.58"
"A10,ASP,1.1500000000000001"
"A11,GLY,0.18999999999999997"
"A12,GLN,0.20666666666666667"
"A13,LYS,0.8300000000000001"
"A14,PRO,0.33666666666666667"
"A15,GLY,0.25666666666666665"
"A16,GLN,0.9"
"A17,SER,0.22"
"A18,ASP,1.4666666666666668"
"A19,VAL,1.0766666666666667"
"A20,GLU,2.4066666666666667"
"A21,LYS,2.4066666666666667"
"A22,ASP,2.6999999999999997"
