"ChainID,Resname,Parch_Value"
"A1,PHE,0.9533333333333335"
"A2,ASN,0.42"
"A3,PRO,0.02"
"A4,VAL,0.07"
"A5,GLY,0.03666666666666666"
"A6,VAL,0.11333333333333334"
"A7,ALA,0.05333333333333334"
"A8,PHE,0.23"
"A9,LYS,0.9066666666666666"
"A10,GLY,0.20000000000000004"
"A11,ASN,0.45"
"A12,ASN,1.0666666666666667"
"A13,GLY,0.41333333333333333"
"A14,LYS,2.5066666666666664"
"A15,TYR,2.15"
"A16,LEU,1.1633333333333333"
"A17,SER,0.25"
"A18,ARG,1.2866666666666668"
"A19,ILE,0.28333333333333327"
"A20,HIS,0.65"
"A21,ARG,0.8433333333333333"
"A22,SER,0.44333333333333336"
"A23,GLY,0.14666666666666667"
"A24,ILE,0.26666666666666666"
"A25,ASP,1.7266666666666666"
"A26,TYR,1.0199999999999998"
"A27,THR,0.8133333333333334"
"A28,GLU,1.6133333333333333"
"A29,PHE,0.5766666666666667"
"A30,ALA,0.11"
"A31,LYS,2.24"
"A32,ASP,1.8066666666666666"
"A33,ASN,1.2366666666666666"
"A34,THR,1.7633333333333334"
"A35,ASP,3.8633333333333333"
