"ChainID,Resname,Parch_Value"
"A1,MET,0.5966666666666667"
"A2,GLU,0.39333333333333337"
"A3,SER,0.13999999999999999"
"A4,ASP,0.37666666666666665"
"A5,LEU,0.0"
"A6,ILE,0.27666666666666667"
"A7,ASP,0.6166666666666667"
"A8,LEU,0.023333333333333334"
"A9,PHE,0.12"
"A10,GLU,1.0133333333333334"
"A11,GLY,0.023333333333333334"
"A12,ALA,0.0033333333333333335"
"A13,LYS,1.2666666666666666"
"A14,LYS,1.11"
"A15,ALA,0.09666666666666668"
"A16,ALA,0.043333333333333335"
"A17,ASP,0.4566666666666667"
"A18,ALA,0.016666666666666666"
"A19,ALA,0.04"
"A20,ALA,0.056666666666666664"
"A21,LEU,0.37666666666666665"
"A22,ASP,0.8799999999999999"
"A23,GLY,0.08333333333333333"
"A24,VAL,0.16666666666666666"
"A25,THR,0.26333333333333336"
"A26,SER,0.47333333333333333"
"A27,SER,0.08666666666666667"
"A28,GLY,0.01"
"A29,PRO,0.16666666666666666"
"A30,GLU,0.71"
"A31,VAL,0.05333333333333334"
"A32,SER,0.16333333333333333"
"A33,GLN,0.3433333333333333"
"A34,CYS,0.03666666666666667"
"A35,ILE,0.21"
"A36,ASP,0.8033333333333333"
"A37,ALA,0.013333333333333334"
"A38,LEU,0.0033333333333333335"
"A39,LYS,1.3433333333333335"
"A40,GLN,0.2833333333333334"
"A41,LEU,0.013333333333333334"
"A42,LYS,0.9466666666666667"
"A43,LYS,1.05"
"A44,PHE,0.11"
"A45,PRO,0.08333333333333333"
"A46,VAL,0.08333333333333333"
"A47,THR,0.19000000000000003"
"A48,TYR,1.33"
"A49,ASP,0.7766666666666667"
"A50,THR,0.02666666666666667"
"A51,LEU,0.05333333333333334"
"A52,VAL,0.8566666666666668"
"A53,ALA,0.07"
"A54,THR,0.02"
"A55,GLN,0.4266666666666667"
"A56,VAL,0.0"
"A57,GLY,0.023333333333333334"
"A58,LYS,1.5766666666666669"
"A59,LYS,1.2566666666666668"
"A60,LEU,0.0"
"A61,ARG,1.07"
"A62,SER,0.36666666666666664"
"A63,LEU,0.02666666666666667"
"A64,ALA,0.0"
"A65,LYS,1.7166666666666668"
"A66,HIS,0.07"
"A67,PRO,0.24"
"A68,VAL,0.013333333333333334"
"A69,GLU,1.7"
"A70,ASP,0.7733333333333333"
"A71,ILE,0.01"
"A72,LYS,0.84"
"A73,SER,0.26666666666666666"
"A74,VAL,0.04"
"A75,ALA,0.0"
"A76,THR,0.023333333333333334"
"A77,ASP,0.49666666666666665"
"A78,LEU,0.01"
"A79,LEU,0.14"
"A80,GLU,0.8933333333333332"
"A81,ILE,0.31"
"A82,TRP,0.18999999999999997"
"A83,LYS,1.6333333333333335"
"A84,LYS,1.1266666666666667"
"A85,VAL,0.13333333333333333"
"A86,VAL,0.47000000000000003"
"A87,ILE,1.7266666666666666"
