"ChainID,Resname,Parch_Value"
"A154,GLY,0.6733333333333333"
"A155,SER,0.17666666666666667"
"A156,THR,0.47333333333333333"
"A157,LEU,0.22666666666666666"
"A158,VAL,0.44333333333333336"
"A159,THR,0.18333333333333335"
"A160,GLY,0.04666666666666667"
"A161,SER,0.20333333333333334"
"A162,GLU,0.2733333333333333"
"A163,TYR,0.3566666666666667"
"A164,GLU,1.0233333333333332"
"A165,THR,0.12333333333333334"
"A166,MET,0.12"
"A167,LEU,0.02666666666666667"
"A168,THR,0.08"
"A169,GLU,0.9166666666666666"
"A170,ILE,0.03"
"A171,MET,0.09666666666666666"
"A172,SER,0.01"
"A173,MET,0.06999999999999999"
"A174,GLY,0.043333333333333335"
"A175,TYR,0.17666666666666667"
"A176,THR,0.33"
"A177,ARG,1.5599999999999998"
"A178,GLU,1.8233333333333333"
"A179,ARG,0.77"
"A180,VAL,0.013333333333333334"
"A181,VAL,0.04"
"A182,ALA,0.016666666666666666"
"A183,ALA,0.013333333333333334"
"A184,LEU,0.006666666666666667"
"A185,ARG,1.11"
"A186,ALA,0.15333333333333332"
"A187,SER,0.06999999999999999"
"A188,GLY,0.03"
"A189,ASN,0.34"
"A190,ASN,0.26333333333333336"
"A191,PRO,0.14333333333333334"
"A192,HIS,0.5533333333333333"
"A193,ARG,0.4533333333333333"
"A194,ALA,0.013333333333333334"
"A195,VAL,0.016666666666666666"
"A196,GLU,0.4166666666666667"
"A197,TYR,0.27"
"A198,LEU,0.08333333333333333"
"A199,LEU,0.05000000000000001"
"A200,THR,0.12333333333333334"
"A201,GLY,0.09666666666666666"
"A202,ILE,0.20666666666666667"
"A203,PRO,0.61"
"A204,GLY,1.3399999999999999"
