"ChainID,Resname,Parch_Value"
"A1,SER,1.3133333333333335"
"A2,CYS,0.4366666666666667"
"A3,PRO,0.21666666666666667"
"A4,PRO,0.08333333333333333"
"A5,CYS,0.25"
"A6,HIS,0.19999999999999998"
"A7,GLY,0.016666666666666666"
"A8,ARG,0.29333333333333333"
"A9,PRO,0.21"
"A10,THR,0.21333333333333335"
"A11,CYS,0.04666666666666667"
"A12,THR,0.10333333333333333"
"A13,LYS,1.5133333333333334"
"A14,PRO,0.10000000000000002"
"A15,GLY,0.08"
"A16,ASP,1.3066666666666666"
"A17,ASN,0.26333333333333336"
"A18,ALA,0.10333333333333333"
"A19,THR,0.030000000000000002"
"A20,PRO,0.17666666666666667"
"A21,GLU,1.6900000000000002"
"A22,LYS,1.0733333333333335"
"A23,LEU,0.03"
"A24,ALA,0.06"
"A25,LYS,1.0233333333333334"
"A26,TYR,0.10333333333333333"
"A27,GLN,0.16"
"A28,ALA,0.16333333333333333"
"A29,CYS,0.016666666666666666"
"A30,TRP,0.22999999999999998"
"A31,GLU,0.87"
"A32,LEU,0.3866666666666667"
"A33,LEU,0.24666666666666667"
"A34,THR,0.2866666666666667"
"A35,CYS,0.26666666666666666"
"A36,PRO,0.47333333333333333"
"A37,PRO,0.3633333333333333"
"A38,CYS,2.24"
