"ChainID,Resname,Parch_Value"
"A2,ASP,1.95"
"A3,ARG,0.09666666666666668"
"A4,PRO,0.12333333333333334"
"A5,LYS,0.8866666666666667"
"A6,PHE,0.02"
"A7,CYS,0.0"
"A8,TYR,0.5066666666666667"
"A9,LEU,0.06"
"A10,PRO,0.38000000000000006"
"A11,ASP,1.2766666666666666"
"A12,ASP,0.9366666666666666"
"A13,PRO,0.32"
"A14,GLY,0.08666666666666667"
"A15,VAL,0.13333333333333333"
"A16,CYS,0.04666666666666667"
"A17,LYS,0.8466666666666667"
"A18,ALA,0.03333333333333333"
"A19,HIS,0.15666666666666665"
"A20,ILE,0.01"
"A21,PRO,0.05666666666666667"
"A22,ARG,0.49333333333333335"
"A23,PHE,0.11333333333333334"
"A24,TYR,0.36999999999999994"
"A25,TYR,0.01"
"A26,ASN,0.19666666666666668"
"A27,PRO,0.36999999999999994"
"A28,ALA,0.2933333333333334"
"A29,SER,0.14"
"A30,ASN,0.21999999999999997"
"A31,LYS,0.57"
"A32,CYS,0.016666666666666666"
"A33,LYS,1.3533333333333335"
"A34,GLU,1.04"
"A35,PHE,0.15666666666666665"
"A36,ILE,0.11666666666666665"
"A37,TYR,0.03333333333333333"
"A38,GLY,0.05666666666666667"
"A39,GLY,0.02666666666666667"
"A40,CYS,0.1366666666666667"
"A41,GLY,0.06666666666666667"
"A42,GLY,0.23333333333333336"
"A43,ASN,0.41333333333333333"
"A44,ALA,0.053333333333333344"
"A45,ASN,0.0"
"A46,ASN,0.07666666666666666"
"A47,PHE,0.04"
"A48,GLU,1.1833333333333333"
"A49,THR,0.30000000000000004"
"A50,ARG,0.8833333333333333"
"A51,ALA,0.18999999999999997"
"A52,GLU,0.5566666666666666"
"A53,CYS,0.0"
"A54,ARG,0.9366666666666666"
"A55,HIS,0.8066666666666666"
"A56,THR,0.03333333333333333"
"A57,CYS,0.0"
"A58,VAL,0.04"
"A59,ALA,0.14333333333333334"
"A60,SER,0.6133333333333333"
"A61,ARG,1.7033333333333331"
"A62,LYS,0.9233333333333333"
"A63,GLY,0.12666666666666668"
"A64,GLY,0.04"
"A65,PRO,0.27"
"A66,ARG,1.9366666666666668"
"A67,ARG,2.266666666666667"
"A68,PRO,1.1166666666666667"
