"ChainID,Resname,Parch_Value"
"A206,GLY,1.0066666666666666"
"A207,GLN,0.7266666666666667"
"A208,GLU,1.7866666666666664"
"A209,ARG,2.313333333333333"
"A210,PHE,0.31666666666666665"
"A211,ASN,0.37333333333333335"
"A212,ARG,1.25"
"A213,TRP,0.07666666666666667"
"A214,PHE,0.023333333333333334"
"A215,LEU,0.18000000000000002"
"A216,THR,0.049999999999999996"
"A217,GLY,0.01"
"A218,MET,0.060000000000000005"
"A219,THR,0.043333333333333335"
"A220,VAL,0.0033333333333333335"
"A221,ALA,0.01"
"A222,GLY,0.006666666666666667"
"A223,VAL,0.03333333333333333"
"A224,VAL,0.01"
"A225,LEU,0.09333333333333334"
"A226,LEU,0.08666666666666667"
"A227,GLY,0.01"
"A228,SER,0.02"
"A229,LEU,0.16"
"A230,PHE,0.16333333333333333"
"A231,SER,0.10666666666666667"
"A232,ARG,1.1266666666666667"
"A233,LYS,2.5766666666666667"
