"ChainID,Resname,Parch_Value"
"A1,PHE,0.7399999999999999"
"A2,LEU,0.20333333333333334"
"A3,PRO,0.06999999999999999"
"A4,ILE,0.10333333333333333"
"A5,LEU,0.04666666666666667"
"A6,ALA,0.02333333333333333"
"A7,SER,0.0033333333333333335"
"A8,LEU,0.06333333333333334"
"A9,ALA,0.09333333333333334"
"A10,ALA,0.20333333333333334"
"A11,LYS,1.8566666666666667"
"A12,PHE,0.2333333333333333"
"A13,GLY,0.0033333333333333335"
"A14,PRO,0.08"
"A15,LYS,0.9199999999999999"
"A16,LEU,0.036666666666666674"
"A17,PHE,0.06333333333333334"
"A18,CYS,0.006666666666666667"
"A19,LEU,0.16666666666666666"
"A20,VAL,0.12"
"A21,THR,0.09999999999999999"
"A22,LYS,1.4266666666666667"
"A23,LYS,0.9366666666666666"
"A24,CYS,0.8999999999999999"
