"ChainID,Resname,Parch_Value"
"B4,GLN,1.9433333333333334"
"B5,LEU,0.09666666666666668"
"B6,THR,0.10666666666666667"
"B7,GLU,0.9233333333333333"
"B8,GLU,0.73"
"B9,GLN,0.09000000000000001"
"B10,ILE,0.01"
"B11,ALA,0.02666666666666667"
"B12,GLU,0.35333333333333333"
"B13,PHE,0.07333333333333333"
"B14,LYS,0.45"
"B15,GLU,1.2366666666666666"
"B16,ALA,0.0"
"B17,PHE,0.08333333333333333"
"B18,SER,0.26333333333333336"
"B19,LEU,0.10333333333333335"
"B20,PHE,0.023333333333333334"
"B21,ASP,0.15"
"B22,LYS,1.4833333333333334"
"B23,ASP,1.3733333333333333"
"B24,GLY,0.3166666666666667"
"B25,ASP,1.28"
"B26,GLY,0.25333333333333335"
"B27,THR,0.06666666666666667"
"B28,ILE,0.0033333333333333335"
"B29,THR,0.17"
"B30,THR,0.15666666666666665"
"B31,LYS,1.21"
"B32,GLU,0.08666666666666667"
"B33,LEU,0.04"
"B34,GLY,0.006666666666666667"
"B35,THR,0.3"
"B36,VAL,0.013333333333333334"
"B37,MET,0.02"
"B38,ARG,0.5233333333333333"
"B39,SER,0.04"
"B40,LEU,0.03"
"B41,GLY,0.006666666666666667"
"B42,GLN,0.08"
"B43,ASN,0.19999999999999998"
"B44,PRO,0.08666666666666667"
"B45,THR,0.22666666666666666"
"B46,GLU,1.2300000000000002"
"B47,ALA,0.06666666666666667"
"B48,GLU,0.7166666666666667"
"B49,LEU,0.07333333333333335"
"B50,GLN,0.22666666666666666"
"B51,ASP,0.8133333333333335"
"B52,MET,0.18666666666666668"
"B53,ILE,0.03333333333333333"
"B54,ASN,0.24"
"B55,GLU,2.0033333333333334"
"B56,VAL,0.24"
"B57,ASP,0.11666666666666665"
"B58,ALA,0.6233333333333334"
"B59,ASP,1.6666666666666667"
"B60,GLY,0.049999999999999996"
"B61,ASN,0.1366666666666667"
"B62,GLY,0.016666666666666666"
"B63,THR,0.19333333333333333"
"B64,ILE,0.01"
"B65,ASP,0.49666666666666665"
"B66,PHE,0.1366666666666667"
"B67,PRO,0.06"
"B68,GLU,1.1833333333333333"
"B69,PHE,0.02"
"B70,LEU,0.04666666666666667"
"B71,THR,0.3766666666666667"
"B72,MET,0.03333333333333333"
"B73,MET,0.013333333333333334"
"B74,ALA,0.016666666666666666"
"B75,ARG,1.33"
"B76,LYS,1.0866666666666667"
"B77,MET,0.5133333333333333"
"B78,LYS,3.11"
"C5,ASN,1.93"
"C6,LEU,0.19000000000000003"
"C7,SER,0.37333333333333335"
"C8,LEU,0.05333333333333334"
"C9,PHE,0.4533333333333333"
"C10,ASP,0.20666666666666667"
"C11,LEU,0.0"
"C12,THR,0.0"
"C13,THR,0.03666666666666667"
"C14,LEU,0.03333333333333333"
"C15,ILE,0.02666666666666667"
"C16,HIS,0.20666666666666667"
"C17,PRO,0.10000000000000002"
"C18,ARG,1.6300000000000001"
"C19,SER,0.013333333333333334"
"C20,ALA,0.09333333333333334"
"C21,ALA,0.17333333333333334"
"C22,ILE,0.39666666666666667"
"C23,ALA,0.24666666666666667"
"C24,SER,2.0"
