"ChainID,Resname,Parch_Value"
"A1,GLN,1.21"
"A2,MET,0.12"
"A3,ASP,0.20666666666666667"
"A4,MET,0.5766666666666667"
"A5,ARG,0.9566666666666667"
"A6,CYS,0.20333333333333334"
"A7,SER,0.53"
"A8,ALA,0.08333333333333333"
"A9,SER,0.4366666666666667"
"A10,VAL,0.09333333333333334"
"A11,GLU,0.12333333333333334"
"A12,CYS,0.013333333333333334"
"A13,LYS,0.18000000000000002"
"A14,GLN,0.13333333333333333"
"A15,LYS,0.5099999999999999"
"A16,CYS,0.0"
"A17,LEU,0.15666666666666665"
"A18,LYS,1.1166666666666665"
"A19,ALA,0.06666666666666667"
"A20,ILE,0.07"
"A21,GLY,0.03"
"A22,SER,0.06"
"A23,ILE,0.07666666666666667"
"A24,PHE,0.17666666666666664"
"A25,GLY,0.0033333333333333335"
"A26,LYS,1.64"
"A27,CYS,0.08666666666666667"
"A28,MET,0.15"
"A29,ASN,0.29333333333333333"
"A30,LYS,1.3833333333333335"
"A31,LYS,0.98"
"A32,CYS,0.07666666666666667"
"A33,LYS,1.04"
"A34,CYS,0.7366666666666667"
