"ChainID,Resname,Parch_Value"
"A1,SER,0.71"
"A2,ASN,0.24666666666666667"
"A3,ALA,0.12666666666666668"
"A4,GLY,0.15666666666666665"
"A5,ARG,1.24"
"A6,SER,0.24333333333333332"
"A7,ALA,0.14666666666666667"
"A8,ALA,0.3433333333333333"
"A9,ASP,0.7466666666666666"
"A10,HIS,0.4666666666666666"
"A11,TRP,0.20000000000000004"
"A12,VAL,0.20999999999999996"
"A13,LYS,0.9833333333333334"
"A14,ASP,1.2766666666666666"
"A15,GLU,1.0866666666666667"
"A16,GLY,0.10000000000000002"
"A17,GLY,0.18000000000000002"
"A18,ASP,0.9166666666666666"
"A19,SER,0.30000000000000004"
"A20,CYS,0.05000000000000001"
"A21,SER,0.3"
"A22,GLY,0.19666666666666668"
"A23,CYS,0.13"
"A24,SER,0.13"
"A25,VAL,0.3466666666666667"
"A26,ARG,1.5533333333333335"
"A27,PHE,0.4166666666666667"
"A28,SER,0.3499999999999999"
"A29,LEU,0.26333333333333336"
"A30,THR,0.19333333333333336"
"A31,GLU,0.3566666666666667"
"A32,ARG,1.5066666666666668"
"A33,ARG,1.17"
"A34,HIS,0.19333333333333333"
"A35,HIS,0.6366666666666667"
"A36,CYS,0.09333333333333334"
"A37,ARG,0.7899999999999999"
"A38,ASN,0.17"
"A39,CYS,0.13"
"A40,GLY,0.15333333333333332"
"A41,GLN,0.5066666666666667"
"A42,LEU,0.58"
"A43,PHE,0.09333333333333334"
"A44,CYS,0.12333333333333334"
"A45,GLN,0.31666666666666665"
"A46,LYS,1.3"
"A47,CYS,0.13333333333333333"
"A48,SER,0.04666666666666667"
"A49,ARG,0.7999999999999999"
"A50,PHE,0.11333333333333333"
"A51,GLN,0.19999999999999998"
"A52,SER,0.08333333333333333"
"A53,GLU,0.34"
"A54,ILE,0.06666666666666667"
"A55,LYS,0.48"
"A56,ARG,2.0866666666666664"
"A57,LEU,0.24"
"A58,LYS,1.0333333333333334"
"A59,ILE,0.09666666666666668"
"A60,SER,0.15666666666666665"
"A61,SER,0.09333333333333334"
"A62,PRO,0.17333333333333334"
"A63,VAL,0.03333333333333333"
"A64,ARG,1.27"
"A65,VAL,0.0033333333333333335"
"A66,CYS,0.09333333333333334"
"A67,GLN,0.07666666666666667"
"A68,ASN,0.2866666666666667"
"A69,CYS,0.06666666666666667"
"A70,TYR,0.13999999999999999"
"A71,TYR,0.13333333333333333"
"A72,ASN,0.25666666666666665"
"A73,LEU,0.25333333333333335"
"A74,GLN,0.2833333333333334"
"A75,HIS,0.2333333333333333"
"A76,GLU,1.0433333333333332"
"A77,ARG,2.22"
"A78,GLY,0.9466666666666667"
