"ChainID,Resname,Parch_Value"
"A1,CYS,0.6433333333333334"
"A2,ILE,0.26333333333333336"
"A3,GLN,0.41999999999999993"
"A4,ARG,0.68"
"A5,HIS,0.4633333333333334"
"A6,ARG,0.7599999999999999"
"A7,SER,0.25333333333333335"
"A8,CYS,0.05000000000000001"
"A9,ARG,1.5833333333333333"
"A10,LYS,0.7966666666666667"
"A11,SER,0.10666666666666667"
"A12,SER,0.2733333333333334"
"A13,GLU,0.7399999999999999"
"A14,CYS,0.01"
"A15,CYS,0.08333333333333333"
"A16,GLY,0.15000000000000002"
"A17,CYS,0.10333333333333333"
"A18,SER,0.006666666666666667"
"A19,VAL,0.11333333333333334"
"A20,CYS,0.04666666666666667"
"A21,GLN,0.48"
"A22,CYS,0.31666666666666665"
"A23,ASN,0.25333333333333335"
"A24,LEU,0.2733333333333333"
"A25,PHE,0.15333333333333332"
"A26,GLY,0.09000000000000001"
"A27,GLN,0.3433333333333333"
"A28,ASN,0.41333333333333333"
"A29,CYS,0.07"
"A30,GLN,0.35333333333333333"
"A31,CYS,0.0"
"A32,LYS,0.75"
"A33,SER,0.59"
"A34,GLY,0.16333333333333333"
"A35,GLY,0.15"
"A36,LEU,0.5166666666666666"
"A37,ILE,0.43333333333333335"
"A38,ALA,0.13999999999999999"
"A39,CYS,0.9666666666666667"
