"ChainID,Resname,Parch_Value"
"A102,LYS,2.35"
"A103,LYS,1.0933333333333335"
"A104,LEU,0.060000000000000005"
"A105,LEU,0.06333333333333334"
"A106,LYS,1.1066666666666667"
"A107,CYS,0.02666666666666667"
"A108,LEU,0.03666666666666667"
"A109,LYS,0.9500000000000001"
"A110,CYS,0.11666666666666665"
"A111,LEU,0.0"
"A112,LEU,0.6566666666666667"
"B102,LYS,1.47"
"B103,LYS,1.2866666666666668"
"B104,LEU,0.03333333333333333"
"B105,LEU,0.016666666666666666"
"B106,LYS,0.64"
"B107,CYS,0.0"
"B108,LEU,0.03333333333333333"
"B109,LYS,0.6566666666666667"
"B110,CYS,0.14333333333333334"
"B111,LEU,0.19333333333333336"
"B112,LEU,0.9166666666666666"
