"ChainID,Resname,Parch_Value"
"A1,ASN,1.2566666666666666"
"A2,VAL,0.62"
"A3,VAL,0.15333333333333332"
"A4,PRO,0.20666666666666667"
"A5,CYS,0.03333333333333333"
"A6,PHE,0.12333333333333334"
"A7,CYS,0.10666666666666667"
"A8,VAL,0.11"
"A9,GLU,0.84"
"A10,ASP,0.25333333333333335"
"A11,GLU,1.7933333333333332"
"A12,THR,0.12333333333333334"
"A13,SER,0.17"
"A14,GLY,0.29"
"A15,ALA,0.21"
"A16,LYS,1.336666666666667"
"A17,THR,0.26666666666666666"
"A18,CYS,0.05666666666666667"
"A19,ILE,0.12"
"A20,PRO,0.15"
"A21,ASP,1.3033333333333335"
"A22,ASN,0.3133333333333333"
"A23,CYS,0.0"
"A24,ASP,1.5066666666666666"
"A25,ALA,0.18333333333333332"
"A26,SER,0.31"
"A27,ARG,0.7366666666666667"
"A28,GLY,0.24666666666666667"
"A29,THR,0.3433333333333333"
"A30,ASN,0.9033333333333333"
"A31,PRO,0.9366666666666666"
