"ChainID,Resname,Parch_Value"
"A411,GLY,0.5533333333333333"
"A412,SER,0.5366666666666666"
"A413,ARG,2.0033333333333334"
"A414,SER,0.62"
"A415,PHE,1.21"
"A416,SER,0.41"
"A417,LEU,0.13333333333333333"
"A418,GLY,0.08666666666666667"
"A419,GLU,1.0033333333333332"
"A420,VAL,0.15"
"A421,SER,0.06666666666666667"
"A422,ASP,0.7666666666666666"
"A423,MET,0.25333333333333335"
"A424,ALA,0.04666666666666667"
"A425,ALA,0.023333333333333334"
"A426,VAL,0.04"
"A427,GLU,0.8433333333333333"
"A428,ALA,0.043333333333333335"
"A429,ALA,0.016666666666666666"
"A430,GLU,0.91"
"A431,LEU,0.4666666666666666"
"A432,GLU,1.5033333333333332"
"A433,MET,0.03333333333333333"
"A434,THR,0.056666666666666664"
"A435,ARG,0.7433333333333333"
"A436,GLN,0.21666666666666667"
"A437,VAL,0.01"
"A438,LEU,0.07333333333333335"
"A439,HIS,0.2833333333333333"
"A440,ALA,0.03666666666666667"
"A441,GLY,0.0033333333333333335"
"A442,ALA,0.10333333333333333"
"A443,ARG,1.13"
"A444,GLN,0.19333333333333333"
"A445,ASP,1.15"
"A446,ASP,1.0733333333333333"
"A447,ALA,0.13333333333333333"
"A448,GLU,1.2466666666666668"
"A449,PRO,0.5566666666666666"
"A450,GLY,0.24333333333333332"
"A451,VAL,0.21666666666666667"
"A452,SER,0.43333333333333335"
"A453,GLY,0.09666666666666666"
"A454,ALA,0.24"
"A455,SER,0.4633333333333334"
"A456,ALA,0.5633333333333334"
"A457,HIS,0.7033333333333335"
"A458,TRP,0.16666666666666666"
"A459,GLY,0.06"
"A460,GLN,0.22666666666666666"
"A461,ARG,0.5499999999999999"
"A462,ALA,0.01"
"A463,LEU,0.03"
"A464,GLN,0.10333333333333333"
"A465,GLY,0.0"
"A466,ALA,0.01"
"A467,GLN,0.13"
"A468,ALA,0.0"
"A469,VAL,0.01"
"A470,ALA,0.013333333333333334"
"A471,ALA,0.06666666666666667"
"A472,ALA,0.01"
"A473,GLN,0.03"
"A474,ARG,0.6233333333333334"
"A475,LEU,0.08"
"A476,VAL,0.03333333333333333"
"A477,HIS,0.16666666666666666"
"A478,ALA,0.01"
"A479,ILE,0.013333333333333334"
"A480,ALA,0.01"
"A481,LEU,0.20333333333333334"
"A482,MET,0.12666666666666668"
"A483,THR,0.03333333333333333"
"A484,GLN,0.043333333333333335"
"A485,PHE,0.13666666666666666"
"A486,GLY,0.07333333333333333"
"A487,ARG,1.0866666666666667"
"A488,ALA,0.1466666666666667"
"A489,GLY,0.06"
"A490,SER,0.52"
