"ChainID,Resname,Parch_Value"
"A309,SER,0.8533333333333334"
"A310,GLN,0.65"
"A311,ALA,0.24333333333333332"
"A312,GLU,2.2266666666666666"
"A313,ALA,0.33666666666666667"
"A314,THR,0.44999999999999996"
"A315,ARG,1.4000000000000001"
"A316,GLN,0.19666666666666666"
"A317,ALA,0.006666666666666667"
"A318,ALA,0.13"
"A319,ALA,0.17"
"A320,GLN,0.41333333333333333"
"A321,GLU,1.0966666666666667"
"A322,GLU,1.4366666666666665"
"A323,ARG,1.0033333333333334"
"A324,LEU,0.013333333333333334"
"A325,ALA,0.02666666666666667"
"A326,ASP,1.57"
"A327,LEU,0.10666666666666667"
"A328,ALA,0.01"
"A329,SER,0.17666666666666667"
"A330,ASP,0.7799999999999999"
"A331,LEU,0.04666666666666667"
"A332,LEU,0.043333333333333335"
"A333,LEU,0.24666666666666667"
"A334,GLN,0.14333333333333334"
"A335,TYR,0.12666666666666668"
"A336,LEU,0.043333333333333335"
"A337,LEU,0.26"
"A338,GLN,0.08333333333333333"
"A339,GLY,0.11333333333333334"
"A340,GLY,0.07333333333333335"
"A341,ALA,0.34"
"A342,ARG,2.6466666666666665"
"A343,GLN,0.54"
"A344,ARG,1.7233333333333334"
"A345,GLY,0.16666666666666666"
"A346,LEU,0.6766666666666667"
"A347,GLY,1.5366666666666668"
