"ChainID,Resname,Parch_Value"
"A1,MET,1.0566666666666666"
"A2,LYS,0.9666666666666667"
"A3,SER,0.06333333333333334"
"A4,PRO,0.04666666666666667"
"A5,TYR,0.05666666666666667"
"A6,GLU,0.3833333333333333"
"A7,ALA,0.09666666666666668"
"A8,ALA,0.01"
"A9,HIS,0.07666666666666667"
"A10,GLU,0.32666666666666666"
"A11,ARG,0.5933333333333334"
"A12,ALA,0.016666666666666666"
"A13,LEU,0.11333333333333333"
"A14,MET,0.03666666666666667"
"A15,VAL,0.03"
"A16,ASN,0.14666666666666667"
"A17,ARG,0.31"
"A18,LEU,0.006666666666666667"
"A19,GLN,0.29"
"A20,LYS,1.3099999999999998"
"A21,LEU,0.0"
"A22,THR,0.02666666666666667"
"A23,ARG,1.2266666666666666"
"A24,MET,0.03333333333333333"
"A25,LEU,0.02666666666666667"
"A26,ARG,1.61"
"A27,VAL,0.25666666666666665"
"A28,HIS,0.07666666666666667"
"A29,PRO,0.17333333333333334"
"A30,ASP,0.0"
"A31,PRO,0.08"
"A32,LYS,0.3133333333333333"
"A33,TRP,0.16666666666666666"
"A34,LYS,0.48666666666666664"
"A35,GLN,0.24"
"A36,GLU,0.5033333333333333"
"A37,GLN,0.02666666666666667"
"A38,GLN,0.37666666666666665"
"A39,GLU,0.39333333333333337"
"A40,LEU,0.006666666666666667"
"A41,ILE,0.04"
"A42,LYS,0.63"
"A43,ARG,1.3100000000000003"
"A44,LEU,0.023333333333333334"
"A45,LYS,0.82"
"A46,LYS,2.2533333333333334"
