"ChainID,Resname,Parch_Value"
"A138,MET,0.4166666666666667"
"A139,ASP,0.5566666666666666"
"A140,LYS,1.0566666666666666"
"A141,GLU,0.5033333333333334"
"A142,GLU,1.3166666666666667"
"A143,ALA,0.10999999999999999"
"A144,LYS,1.2433333333333332"
"A145,ALA,0.43333333333333335"
"A146,ASN,0.5733333333333333"
"A147,ALA,0.09666666666666668"
"A148,ALA,0.17333333333333334"
"A149,ALA,0.18000000000000002"
"A150,HIS,0.38999999999999996"
"A151,GLU,0.8366666666666666"
"A152,TRP,0.09333333333333334"
"A153,TYR,0.17333333333333334"
"A154,VAL,0.01"
"A155,ALA,0.2233333333333333"
"A156,ILE,0.29000000000000004"
"A157,ASP,0.6066666666666666"
"A158,GLU,1.4366666666666668"
"A159,LYS,0.6266666666666666"
"A160,GLN,0.6933333333333334"
"A161,VAL,0.10333333333333335"
"A162,GLY,0.023333333333333334"
"A163,PRO,0.19666666666666666"
"A164,PHE,0.06"
"A165,ASN,0.4033333333333333"
"A166,VAL,0.04666666666666667"
"A167,GLU,1.26"
"A168,LYS,0.5666666666666667"
"A169,VAL,0.0"
"A170,LYS,0.9233333333333333"
"A171,ASP,0.016666666666666666"
"A172,LEU,0.05000000000000001"
"A173,TRP,0.06666666666666667"
"A174,ASP,0.75"
"A175,ARG,1.2366666666666666"
"A176,GLY,0.06666666666666667"
"A177,GLU,0.9466666666666668"
"A178,VAL,0.04666666666666667"
"A179,GLY,0.036666666666666674"
"A180,PRO,0.26"
"A181,ASP,0.9"
"A182,SER,0.05333333333333334"
"A183,LEU,0.08666666666666667"
"A184,CYS,0.01"
"A185,TRP,0.5733333333333334"
"A186,ARG,1.25"
"A187,SER,0.20333333333333334"
"A188,GLY,0.1366666666666667"
"A189,PHE,0.5833333333333334"
"A190,SER,0.7433333333333333"
"A191,ASP,0.7766666666666667"
"A192,TRP,0.3466666666666667"
"A193,ILE,0.18000000000000002"
"A194,PRO,0.07"
"A195,LEU,0.0"
"A196,SER,0.18666666666666665"
"A197,GLU,1.0133333333333334"
"A198,THR,0.06999999999999999"
"A199,ALA,0.14333333333333334"
"A200,GLU,1.1833333333333333"
"A201,LEU,0.0"
"A202,ALA,0.06999999999999999"
"A203,SER,0.04"
"A204,VAL,0.27"
"A205,LEU,0.02666666666666667"
"A206,ALA,0.23"
"A207,PRO,0.23666666666666666"
"A208,ARG,0.9366666666666666"
"A209,PRO,0.19666666666666666"
"A210,SER,0.6533333333333333"
"A211,LYS,1.3433333333333335"
"A212,PRO,0.16"
"A213,VAL,0.19000000000000003"
"A214,ILE,0.14333333333333334"
"A215,VAL,0.24000000000000002"
"A216,ALA,0.06"
"A217,PRO,0.11666666666666665"
"A218,GLU,1.6600000000000001"
"A219,PRO,0.15333333333333335"
"A220,VAL,0.24333333333333332"
"A221,SER,0.3866666666666667"
"A222,GLY,0.8033333333333333"
