"ChainID,Resname,Parch_Value"
"A1,GLY,1.24"
"A2,CYS,0.43"
"A3,ASN,0.25666666666666665"
"A4,ARG,2.223333333333333"
"A5,LEU,0.63"
"A6,ASN,0.30333333333333334"
"A7,LYS,1.4266666666666667"
"A8,LYS,0.5233333333333333"
"A9,CYS,0.19666666666666666"
"A10,ASN,0.5099999999999999"
"A11,SER,0.38999999999999996"
"A12,ASP,0.8266666666666667"
"A13,ALA,0.11333333333333333"
"A14,ASP,0.9433333333333334"
"A15,CYS,0.16"
"A16,CYS,0.18000000000000002"
"A17,ARG,1.0766666666666669"
"A18,TYR,0.9466666666666667"
"A19,GLY,0.09666666666666668"
"A20,GLU,0.09999999999999999"
"A21,ARG,1.6033333333333335"
"A22,CYS,0.13"
"A23,ILE,0.12666666666666668"
"A24,SER,0.12"
"A25,THR,0.1366666666666667"
"A26,GLY,0.05666666666666667"
"A27,VAL,0.12333333333333334"
"A28,ASN,0.08333333333333333"
"A29,TYR,0.2833333333333334"
"A30,TYR,0.03666666666666667"
"A31,CYS,0.07333333333333335"
"A32,ARG,0.6766666666666666"
"A33,PRO,0.25666666666666665"
"A34,ASP,0.7200000000000001"
"A35,VAL,1.6366666666666667"
"A36,GLY,0.5499999999999999"
"A37,PRO,1.4666666666666668"
