"ChainID,Resname,Parch_Value"
"A1,ALA,0.5833333333333334"
"A2,SER,0.21"
"A3,MET,0.22666666666666666"
"A4,GLY,0.1366666666666667"
"A5,LYS,1.4833333333333334"
"A6,SER,0.21999999999999997"
"A7,LYS,1.05"
"A8,GLU,0.9466666666666667"
"A9,ILE,0.11666666666666665"
"A10,SER,0.05333333333333334"
"A11,GLN,0.22666666666666666"
"A12,ASP,0.48333333333333334"
"A13,LEU,0.02666666666666667"
"A14,ARG,0.36999999999999994"
"A15,LYS,1.3033333333333335"
"A16,ARG,0.6433333333333333"
"A17,ILE,0.0"
"A18,VAL,0.013333333333333334"
"A19,ASP,0.7233333333333333"
"A20,LEU,0.02"
"A21,TYR,0.18666666666666665"
"A22,LYS,1.0566666666666669"
"A23,SER,0.09666666666666668"
"A24,GLY,0.06"
"A25,SER,0.10666666666666667"
"A26,SER,0.13999999999999999"
"A27,LEU,0.07"
"A28,GLY,0.0033333333333333335"
"A29,ALA,0.04"
"A30,ILE,0.0033333333333333335"
"A31,SER,0.03333333333333333"
"A32,LYS,0.9433333333333334"
"A33,ARG,0.5966666666666666"
"A34,LEU,0.04"
"A35,ALA,0.05333333333333334"
"A36,VAL,0.22999999999999998"
"A37,PRO,0.030000000000000002"
"A38,ARG,0.8633333333333334"
"A39,SER,0.09999999999999999"
"A40,SER,0.02666666666666667"
"A41,VAL,0.0"
"A42,GLN,0.05333333333333334"
"A43,THR,0.03666666666666667"
"A44,ILE,0.02"
"A45,VAL,0.0"
"A46,ARG,0.6266666666666666"
"A47,LYS,1.5166666666666666"
"A48,TYR,0.20000000000000004"
"A49,LYS,0.7233333333333333"
"A50,HIS,0.5533333333333333"
"A51,HIS,0.98"
"A52,GLY,0.21666666666666667"
"A53,THR,0.07666666666666667"
"A54,THR,0.03333333333333333"
"A55,GLN,0.19999999999999998"
"A56,HIS,0.33"
"A57,HIS,1.8699999999999999"
