"ChainID,Resname,Parch_Value"
"A1,GLY,0.5933333333333334"
"A2,CYS,0.13333333333333333"
"A3,CYS,0.0033333333333333335"
"A4,PRO,0.18333333333333335"
"A5,ALA,0.04666666666666666"
"A6,PRO,0.26666666666666666"
"A7,LEU,0.15666666666666665"
"A8,THR,0.08666666666666667"
"A9,CYS,0.22666666666666666"
"A10,HIS,0.48"
"A11,CYS,0.04666666666666667"
"A12,VAL,0.3"
"A13,ILE,0.08"
"A14,TYR,0.6266666666666666"
