"ChainID,Resname,Parch_Value"
"A1,ARG,0.89"
"A2,ILE,0.10333333333333333"
"A3,CYS,0.0"
"A4,PHE,0.04"
"A5,ASN,0.18666666666666665"
"A6,HIS,0.15666666666666665"
"A7,GLN,0.24"
"A8,SER,0.07666666666666667"
"A9,SER,0.25333333333333335"
"A10,GLN,0.33"
"A11,PRO,0.13666666666666666"
"A12,GLN,0.18666666666666668"
"A13,THR,0.18666666666666668"
"A14,THR,0.11333333333333333"
"A15,LYS,1.0933333333333333"
"A16,THR,0.24"
"A17,CYS,0.05333333333333334"
"A18,SER,0.32666666666666666"
"A19,PRO,0.12666666666666668"
"A20,GLY,0.16666666666666666"
"A21,GLU,0.5366666666666666"
"A22,SER,0.35000000000000003"
"A23,SER,0.01"
"A24,CYS,0.0"
"A25,TYR,0.05000000000000001"
"A26,HIS,0.20333333333333334"
"A27,LYS,0.2733333333333334"
"A28,GLN,0.08666666666666667"
"A29,TRP,0.5666666666666667"
"A30,SER,0.31666666666666665"
"A31,ASP,0.55"
"A32,PHE,0.4033333333333333"
"A33,ARG,1.55"
"A34,GLY,0.09000000000000001"
"A35,THR,0.35333333333333333"
"A36,ILE,0.19333333333333333"
"A37,ILE,0.04"
"A38,GLU,0.14333333333333334"
"A39,ARG,0.14666666666666664"
"A40,GLY,0.01"
"A41,CYS,0.21333333333333335"
"A42,GLY,0.016666666666666666"
"A43,CYS,0.15666666666666665"
"A44,PRO,0.17666666666666667"
"A45,THR,0.5533333333333333"
"A46,VAL,0.26666666666666666"
"A47,LYS,1.11"
"A48,PRO,0.08"
"A49,GLY,0.10333333333333333"
"A50,ILE,0.17"
"A51,LYS,0.93"
"A52,LEU,0.08666666666666667"
"A53,SER,0.023333333333333334"
"A54,CYS,0.030000000000000002"
"A55,CYS,0.07666666666666667"
"A56,GLU,1.11"
"A57,SER,0.06"
"A58,GLU,0.3"
"A59,VAL,0.016666666666666666"
"A60,CYS,0.09333333333333334"
"A61,ASN,0.0033333333333333335"
"A62,ASN,0.8633333333333333"
