"ChainID,Resname,Parch_Value"
"A676,SER,1.4866666666666666"
"A677,VAL,0.28333333333333327"
"A678,LEU,0.41"
"A679,LEU,0.07666666666666667"
"A680,ILE,0.03333333333333333"
"A681,THR,0.08"
"A682,GLU,0.8033333333333332"
"A683,LEU,0.006666666666666667"
"A684,PRO,0.09000000000000001"
"A685,GLU,0.64"
"A686,ASP,0.7733333333333334"
"A687,GLY,0.2966666666666667"
"A688,CYS,0.04"
"A689,THR,0.16"
"A690,GLU,1.0133333333333334"
"A691,GLU,1.4666666666666668"
"A692,ASP,0.35000000000000003"
"A693,VAL,0.0"
"A694,ARG,0.6633333333333333"
"A695,LYS,0.7933333333333333"
"A696,LEU,0.04666666666666667"
"A697,PHE,0.04666666666666667"
"A698,GLN,0.31666666666666665"
"A699,PRO,0.11333333333333334"
"A700,PHE,0.08666666666666667"
"A701,GLY,0.07333333333333333"
"A702,LYS,0.5633333333333334"
"A703,VAL,0.0"
"A704,ASN,0.32"
"A705,ASP,0.6866666666666666"
"A706,VAL,0.15333333333333332"
"A707,LEU,0.3333333333333333"
"A708,ILE,0.12000000000000001"
"A709,VAL,0.023333333333333334"
"A710,PRO,0.20666666666666667"
"A711,TYR,0.3066666666666667"
"A712,ARG,0.9966666666666667"
"A713,LYS,0.5966666666666667"
"A714,GLU,0.10333333333333333"
"A715,ALA,0.0"
"A716,TYR,0.10333333333333335"
"A717,LEU,0.38666666666666666"
"A718,GLU,0.6466666666666666"
"A719,MET,0.17333333333333334"
"A720,GLU,0.4666666666666666"
"A721,PHE,0.14666666666666664"
"A722,LYS,1.5133333333333334"
"A723,GLU,0.6633333333333334"
"A724,ALA,0.0"
"A725,ILE,0.08"
"A726,THR,0.26666666666666666"
"A727,ALA,0.02"
"A728,ILE,0.10999999999999999"
"A729,MET,0.15666666666666665"
"A730,LYS,1.4466666666666665"
"A731,TYR,0.19666666666666666"
"A732,ILE,0.16"
"A733,GLU,1.3"
"A734,THR,0.09000000000000001"
"A735,THR,0.056666666666666664"
"A736,PRO,0.09333333333333332"
"A737,LEU,0.08"
"A738,THR,0.12666666666666668"
"A739,ILE,0.07"
"A740,LYS,1.4100000000000001"
"A741,GLY,0.09000000000000001"
"A742,LYS,0.61"
"A743,SER,0.27"
"A744,VAL,0.04"
"A745,LYS,0.9466666666666668"
"A746,ILE,0.13333333333333333"
"A747,CYS,0.07333333333333335"
"A748,VAL,0.6366666666666667"
"A749,PRO,0.77"
