"ChainID,Resname,Parch_Value"
"A1,SER,1.3833333333333335"
"A2,GLN,0.8700000000000001"
"A3,GLU,1.5666666666666667"
"A4,GLN,0.5266666666666666"
"A5,ARG,2.31"
"A6,GLN,0.9800000000000001"
"A7,CYS,0.36000000000000004"
"A8,LYS,1.18"
"A9,LYS,1.2"
"A10,ILE,0.12666666666666668"
"A11,GLY,0.07"
"A12,GLU,0.19333333333333333"
"A13,HIS,0.5666666666666665"
"A14,CYS,0.07666666666666667"
"A15,TYR,0.37666666666666665"
"A16,VAL,0.20333333333333334"
"A17,ALA,0.08666666666666667"
"A18,ASP,0.9833333333333334"
"A19,GLU,1.4100000000000001"
"A20,CYS,0.0"
"A21,CYS,0.08333333333333333"
"A22,SER,0.049999999999999996"
"A23,LYS,0.7200000000000001"
"A24,ARG,1.0733333333333335"
"A25,CYS,0.02666666666666667"
"A26,LEU,0.09333333333333334"
"A27,PHE,0.24"
"A28,TYR,0.11666666666666665"
"A29,ALA,0.04"
"A30,ALA,0.030000000000000002"
"A31,LYS,0.4766666666666666"
"A32,CYS,0.0"
"A33,VAL,0.12333333333333334"
"A34,SER,0.6633333333333333"
