"ChainID,Resname,Parch_Value"
"A1,SER,0.82"
"A2,TYR,0.62"
"A3,CYS,0.05333333333333334"
"A4,ASN,0.4000000000000001"
"A5,CYS,0.06666666666666667"
"A6,LEU,0.4833333333333334"
"A7,CYS,0.06333333333333334"
"A8,ARG,1.2166666666666668"
"A9,ARG,1.1733333333333331"
"A10,GLY,0.08"
"A11,VAL,0.06"
"A12,CYS,0.03333333333333333"
"A13,ARG,0.6433333333333334"
"A14,CYS,0.03333333333333333"
"A15,ILE,0.44"
"A16,CYS,0.09000000000000001"
"A17,THR,1.1666666666666665"
"A18,ILE,1.2633333333333334"
