"ChainID,Resname,Parch_Value"
"A1,TRP,1.4033333333333333"
"A2,ASN,0.5599999999999999"
"A3,SER,0.21333333333333335"
"A4,ASN,0.35333333333333333"
"A5,VAL,0.26333333333333336"
"A6,HIS,0.7266666666666666"
"A7,SER,0.12333333333333334"
"A8,TYR,0.3466666666666667"
"A9,ARG,1.3633333333333333"
"A10,PHE,1.3433333333333335"
