"ChainID,Resname,Parch_Value"
"A1,GLY,0.6333333333333333"
"A2,ILE,0.15333333333333332"
"A3,PRO,0.08333333333333333"
"A4,CYS,0.006666666666666667"
"A5,GLY,0.05000000000000001"
"A6,GLU,0.13333333333333333"
"A7,SER,0.18333333333333335"
"A8,CYS,0.07"
"A9,VAL,0.20666666666666667"
"A10,TYR,0.3866666666666667"
"A11,ILE,0.14666666666666667"
"A12,PRO,0.28"
"A13,CYS,0.023333333333333334"
"A14,THR,0.11666666666666668"
"A15,VAL,0.10666666666666667"
"A16,THR,0.01"
"A17,ALA,0.06333333333333334"
"A18,LEU,0.17"
"A19,LEU,0.07333333333333335"
"A20,GLY,0.04"
"A21,CYS,0.01"
"A22,SER,0.21666666666666667"
"A23,CYS,0.12333333333333334"
"A24,LYS,1.2066666666666668"
"A25,ASP,1.2100000000000002"
"A26,LYS,1.1266666666666667"
"A27,VAL,0.19000000000000003"
"A28,CYS,0.0"
"A29,TYR,0.36000000000000004"
"A30,LYS,1.0166666666666668"
"A31,ASN,1.2233333333333334"
