"ChainID,Resname,Parch_Value"
"A1,MET,0.9400000000000001"
"A2,ASN,0.5599999999999999"
"A3,ILE,0.48666666666666664"
"A4,ASN,0.7133333333333334"
"A5,GLU,0.8166666666666665"
"A6,GLN,0.71"
"A7,THR,0.5166666666666667"
"A8,LEU,0.43333333333333335"
"A9,ASP,0.5599999999999999"
"A10,LYS,0.5933333333333334"
"A11,LEU,0.01"
"A12,ARG,0.5033333333333333"
"A13,GLN,0.25"
"A14,ALA,0.016666666666666666"
"A15,VAL,0.0033333333333333335"
"A16,LEU,0.01"
"A17,GLN,0.19666666666666666"
"A18,LYS,0.3666666666666667"
"A19,LYS,1.37"
"A20,ILE,0.013333333333333334"
"A21,LYS,0.7000000000000001"
"A22,GLU,0.5366666666666667"
"A23,ARG,0.30666666666666664"
"A24,ILE,0.37333333333333335"
"A25,GLN,0.3866666666666667"
"A26,ASN,0.16666666666666666"
"A27,SER,0.26"
"A28,LEU,0.3633333333333333"
"A29,SER,0.68"
"A30,THR,0.79"
"A31,GLU,1.2133333333333334"
"A32,LYS,1.29"
"A33,TYR,0.7533333333333333"
"A34,GLY,0.08"
"A35,SER,0.6033333333333334"
"A36,GLY,0.11666666666666665"
"A37,SER,0.013333333333333334"
"A38,GLY,0.08333333333333333"
"A39,SER,0.06666666666666667"
"A40,GLY,0.02"
"A41,SER,0.03"
"A42,GLY,0.02"
"A43,SER,0.11666666666666665"
"A44,GLY,0.07333333333333333"
"A45,SER,0.1366666666666667"
"A46,GLY,0.11333333333333333"
"A47,SER,0.08333333333333333"
"A48,GLY,0.11"
"A49,SER,0.07666666666666667"
"A50,GLY,0.04666666666666667"
"A51,SER,0.3866666666666667"
"A52,GLY,0.20333333333333334"
"A53,SER,0.09000000000000001"
"A54,GLY,0.01"
"A55,SER,0.13333333333333333"
"A56,GLY,0.04666666666666667"
"A57,SER,0.12"
"A58,GLY,0.11"
"A59,TYR,0.6"
"A3288,GLN,0.27"
"A3289,ILE,0.13"
"A3290,GLU,0.8566666666666668"
"A3291,THR,0.11"
"A3292,PHE,0.52"
"A3293,PHE,0.31666666666666665"
"A3294,ALA,0.06666666666666667"
"A3295,GLN,0.5833333333333334"
"A3296,ASP,0.24666666666666667"
"A3297,ILE,0.07666666666666667"
"A3298,GLU,0.29333333333333333"
"A3299,SER,0.34333333333333327"
"A3300,VAL,0.22999999999999998"
"A3301,GLN,0.06"
"A3302,LYS,0.9433333333333334"
"A3303,GLU,1.7933333333333332"
"A3304,LEU,0.013333333333333334"
"A3305,GLU,1.5766666666666669"
"A3306,ASN,0.5166666666666666"
"A3307,LEU,0.06999999999999999"
"A3308,SER,0.09333333333333334"
"A3309,GLU,0.5233333333333333"
"A3310,GLU,1.1466666666666667"
"A3311,GLU,0.39666666666666667"
"A3312,LEU,0.0"
"A3313,LEU,0.023333333333333334"
"A3314,ALA,0.016666666666666666"
"A3315,MET,0.07333333333333335"
"A3316,LEU,0.07666666666666667"
"A3317,ASN,0.3233333333333333"
"A3318,GLY,0.09000000000000001"
"A3319,ASP,0.8433333333333334"
"A3320,GLN,0.6433333333333333"
"A3321,GLN,2.08"
