"ChainID,Resname,Parch_Value"
"A1,GLN,0.63"
"A2,ALA,0.04"
"A3,ARG,1.1533333333333333"
"A4,ILE,0.42"
"A5,LEU,0.08"
"A6,GLU,0.6"
"A7,ALA,0.10333333333333333"
"A8,ASP,0.5933333333333334"
"A9,ALA,0.043333333333333335"
"A10,ARG,1.4566666666666668"
"A11,ILE,0.27"
"A12,LEU,0.02"
"A13,GLN,0.17"
"A14,ALA,0.05666666666666667"
"A15,TYR,0.03333333333333333"
"A16,ALA,0.016666666666666666"
"A17,ASN,0.20666666666666667"
"A18,ILE,0.10666666666666665"
"A19,LEU,0.02"
"A20,SER,0.20666666666666667"
"A21,ALA,0.0"
"A22,HIS,0.08666666666666667"
"A23,ALA,0.03666666666666667"
"A24,GLU,0.5166666666666667"
"A25,ILE,0.23666666666666666"
"A26,LEU,0.12"
"A27,ARG,1.8966666666666665"
"A28,ALA,0.31"
"A29,GLU,4.140000000000001"
"a1,GLN,0.9066666666666666"
"a2,ALA,0.16666666666666666"
"a3,ARG,1.9400000000000002"
"a4,ILE,0.7400000000000001"
"a5,LEU,0.4766666666666666"
"a6,GLU,0.5933333333333333"
"a7,ALA,0.03333333333333333"
"a8,ASP,1.0033333333333332"
"a9,ALA,0.08333333333333333"
"a10,ARG,0.87"
"a11,ILE,0.06333333333333334"
"a12,LEU,0.05666666666666667"
"a13,GLN,0.42"
"a14,ALA,0.006666666666666667"
"a15,TYR,0.03333333333333333"
"a16,ALA,0.02"
"a17,ASN,0.25333333333333335"
"a18,ILE,0.030000000000000002"
"a19,LEU,0.006666666666666667"
"a20,SER,0.24"
"a21,ALA,0.15333333333333335"
"a22,HIS,0.2733333333333334"
"a23,ALA,0.06"
"a24,GLU,2.01"
"a25,ILE,0.17333333333333334"
"a26,LEU,0.16"
"a27,ARG,1.3733333333333333"
"a28,ALA,0.45333333333333337"
"a29,GLU,5.663333333333333"
