"ChainID,Resname,Parch_Value"
"A1,LEU,1.0266666666666666"
"A2,GLN,0.73"
"A3,SER,0.36000000000000004"
"A4,ARG,1.0033333333333332"
"A5,PRO,0.4266666666666667"
"A6,GLU,0.9700000000000001"
"A7,PRO,0.15333333333333332"
"A8,THR,0.30333333333333334"
"A9,ALA,0.11666666666666665"
"A10,PRO,0.27"
"A11,PRO,0.35000000000000003"
"A12,GLU,1.5933333333333335"
"A13,GLU,0.96"
"A14,SER,0.12333333333333334"
"A15,PHE,0.5933333333333333"
"A16,ARG,0.5266666666666667"
"A17,PHE,0.15333333333333332"
"A18,GLY,0.013333333333333334"
"A19,GLU,0.44333333333333336"
"A20,GLU,0.48"
"A21,THR,0.04"
"A22,THR,0.19333333333333336"
"A23,THR,0.10666666666666665"
"A24,PRO,0.49000000000000005"
"A25,SER,0.44999999999999996"
"A26,GLN,0.6633333333333332"
"A27,LYS,1.8266666666666669"
"A28,GLN,1.3766666666666667"
"A29,GLU,2.08"
"A30,PRO,0.5966666666666667"
"A31,ILE,0.24333333333333332"
"A32,ASP,0.14333333333333334"
"A33,LYS,0.81"
"A34,GLU,0.8966666666666668"
"A35,LEU,0.22"
"A36,TYR,0.26333333333333336"
"A37,PRO,0.060000000000000005"
"A38,LEU,0.13999999999999999"
"A39,ALA,0.04666666666666667"
"A40,SER,0.01"
"A41,LEU,0.02"
"A42,ARG,1.0533333333333335"
"A43,SER,0.12"
"A44,LEU,0.08333333333333333"
"A45,PHE,0.24333333333333332"
"A46,GLY,0.20666666666666667"
"A47,SER,0.4133333333333334"
"A48,ASP,0.61"
"A49,PRO,0.48333333333333334"
"A50,SER,0.3"
"A51,SER,0.2833333333333334"
"A52,GLN,1.2366666666666666"
