"ChainID,Resname,Parch_Value"
"A1078,ALA,0.8866666666666667"
"A1079,ALA,0.17333333333333334"
"A1080,ALA,0.20333333333333337"
"A1081,ASP,0.93"
"A1082,ASP,0.7799999999999999"
"A1083,GLY,0.13333333333333333"
"A1084,ARG,1.4233333333333331"
"A1085,ARG,0.5466666666666666"
"A1086,ALA,0.03"
"A1087,GLU,0.49000000000000005"
"A1088,LEU,0.006666666666666667"
"A1089,ALA,0.016666666666666666"
"A1090,ASP,0.3033333333333333"
"A1091,ARG,1.0966666666666667"
"A1092,VAL,0.0"
"A1093,SER,0.02666666666666667"
"A1094,ARG,1.04"
"A1095,THR,0.05666666666666667"
"A1096,VAL,0.016666666666666666"
"A1097,ALA,0.006666666666666667"
"A1098,ASP,1.18"
"A1099,THR,0.05666666666666667"
"A1100,ILE,0.07666666666666666"
"A1101,GLY,0.06333333333333334"
"A1102,ARG,0.41"
"A1103,PRO,0.06333333333333334"
"A1104,ALA,0.1366666666666667"
"A1105,GLY,0.10333333333333333"
"A1106,SER,0.006666666666666667"
"A1107,ILE,0.10000000000000002"
"A1108,GLY,0.12666666666666668"
"A1109,GLY,0.07"
"A1110,HIS,1.2533333333333334"
"A1111,THR,0.26"
"A1112,SER,0.19666666666666666"
"A1113,LEU,0.17333333333333334"
"A1114,GLU,0.9733333333333333"
"A1115,SER,0.3233333333333333"
"A1116,MET,0.26"
"A1117,GLY,0.056666666666666664"
"A1118,LEU,0.03"
"A1119,ASP,0.43333333333333335"
"A1120,SER,0.21666666666666665"
"A1121,VAL,0.22"
"A1122,MET,0.043333333333333335"
"A1123,ILE,0.013333333333333334"
"A1124,ARG,0.81"
"A1125,ALA,0.01"
"A1126,LEU,0.0"
"A1127,ALA,0.0"
"A1128,SER,0.03333333333333333"
"A1129,ARG,0.77"
"A1130,LEU,0.0"
"A1131,SER,0.0033333333333333335"
"A1132,ALA,0.05000000000000001"
"A1133,GLU,0.7799999999999999"
"A1134,VAL,0.049999999999999996"
"A1135,ALA,0.05666666666666667"
"A1136,PRO,0.19666666666666668"
"A1137,VAL,0.023333333333333334"
"A1138,GLY,0.0033333333333333335"
"A1139,PRO,0.19666666666666666"
"A1140,GLU,0.8433333333333334"
"A1141,MET,0.11333333333333333"
"A1142,LEU,0.04"
"A1143,PHE,0.5333333333333333"
"A1144,GLY,0.09666666666666666"
"A1145,LEU,0.2233333333333333"
"A1146,ARG,1.9833333333333334"
"A1147,ASP,0.39666666666666667"
"A1148,LEU,0.20666666666666667"
"A1149,ASP,0.66"
"A1150,GLU,0.47333333333333333"
"A1151,LEU,0.02"
"A1152,VAL,0.0"
"A1153,ASP,0.53"
"A1154,HIS,0.08666666666666667"
"A1155,LEU,0.03"
"A1156,VAL,0.11666666666666665"
"A1157,ALA,0.21"
"A1158,ALA,0.29000000000000004"
"A1159,ARG,2.8733333333333335"
