"ChainID,Resname,Parch_Value"
"A1,GLY,0.7366666666666667"
"A2,ARG,2.0166666666666666"
"A3,ALA,0.17333333333333334"
"A4,THR,0.12333333333333334"
"A5,LYS,1.8733333333333333"
"A6,SER,0.16333333333333333"
"A7,ILE,0.15666666666666665"
"A8,PRO,0.013333333333333334"
"A9,PRO,0.09000000000000001"
"A10,ARG,0.36000000000000004"
"A11,ALA,0.14333333333333334"
"A12,PHE,1.0366666666666668"
"A13,PRO,0.5266666666666667"
"A14,ASP,2.05"
