"ChainID,Resname,Parch_Value"
"A100,MET,1.4000000000000001"
"A101,ILE,0.3433333333333333"
"A102,GLN,0.19333333333333333"
"A103,CYS,0.006666666666666667"
"A104,TYR,0.21999999999999997"
"A105,GLN,0.17666666666666667"
"A106,CYS,0.02"
"A107,GLU,1.6866666666666668"
"A108,GLU,1.09"
"A109,PHE,0.22999999999999998"
"A110,GLN,0.19000000000000003"
"A111,LEU,0.17333333333333334"
"A112,ASN,0.28"
"A113,ASN,0.5833333333333334"
"A114,ASP,0.9499999999999998"
"A115,CYS,0.02666666666666667"
"A116,SER,0.4266666666666667"
"A117,SER,0.24"
"A118,PRO,0.2333333333333333"
"A119,GLU,1.08"
"A120,PHE,0.3333333333333333"
"A121,ILE,0.2466666666666667"
"A122,VAL,0.08666666666666667"
"A123,ASN,0.3"
"A124,CYS,0.08"
"A125,THR,0.3333333333333333"
"A126,VAL,0.36000000000000004"
"A127,ASN,0.45"
"A128,VAL,0.16333333333333333"
"A129,GLN,0.5066666666666667"
"A130,ASP,0.7033333333333333"
"A131,MET,0.08333333333333333"
"A132,CYS,0.0033333333333333335"
"A133,GLN,0.11666666666666665"
"A134,LYS,0.37333333333333335"
"A135,GLU,0.1366666666666667"
"A136,VAL,0.11333333333333334"
"A137,MET,0.05333333333333334"
"A138,GLU,0.8133333333333334"
"A139,GLN,0.14333333333333334"
"A140,SER,0.15666666666666665"
"A141,ALA,0.04"
"A142,GLY,0.016666666666666666"
"A143,ILE,0.3066666666666667"
"A144,MET,0.043333333333333335"
"A145,TYR,0.07333333333333335"
"A146,ARG,0.7200000000000001"
"A147,LYS,0.19666666666666666"
"A148,SER,0.24333333333333332"
"A149,CYS,0.14666666666666667"
"A150,ALA,0.10666666666666667"
"A151,SER,0.17333333333333334"
"A152,SER,0.19333333333333336"
"A153,ALA,0.013333333333333334"
"A154,ALA,0.03333333333333333"
"A155,CYS,0.043333333333333335"
"A156,LEU,0.08"
"A157,ILE,0.06333333333333334"
"A158,ALA,0.043333333333333335"
"A159,SER,0.2233333333333333"
"A160,ALA,0.06333333333333334"
"A161,GLY,0.11"
"A162,TYR,0.5866666666666667"
"A163,GLN,0.4366666666666667"
"A164,SER,0.28"
"A165,PHE,0.62"
"A166,CYS,0.21999999999999997"
"A167,SER,0.11333333333333334"
"A168,PRO,0.14"
"A169,GLY,0.13333333333333333"
"A170,LYS,2.033333333333333"
"A171,LEU,0.62"
"A172,ASN,0.4366666666666667"
"A173,SER,0.2866666666666667"
"A174,VAL,0.33666666666666667"
"A175,CYS,0.08666666666666667"
"A176,ILE,0.16333333333333333"
"A177,SER,0.05000000000000001"
"A178,CYS,0.15333333333333332"
"A179,CYS,0.02666666666666667"
"A180,ASN,0.18000000000000002"
"A181,THR,0.08666666666666667"
"A182,PRO,0.05000000000000001"
"A183,LEU,0.3"
"A184,CYS,0.016666666666666666"
"A185,ASN,0.17"
