"ChainID,Resname,Parch_Value"
"A1,GLY,0.6433333333333334"
"A2,SER,0.3833333333333333"
"A3,HIS,0.5399999999999999"
"A4,ASN,0.3466666666666667"
"A5,LYS,1.0166666666666666"
"A6,PRO,0.37999999999999995"
"A7,GLU,0.5166666666666666"
"A8,LEU,0.2733333333333334"
"A9,LEU,0.2333333333333333"
"A10,TYR,0.32666666666666666"
"A11,ARG,0.91"
"A12,GLU,0.4366666666666667"
"A13,GLU,0.6833333333333332"
"A14,THR,0.18000000000000002"
"A15,ILE,0.24"
"A16,GLU,0.5766666666666667"
"A17,THR,0.23666666666666666"
"A18,LYS,1.2133333333333332"
"A19,ILE,0.03666666666666667"
"A20,ASP,0.9566666666666667"
"A21,PHE,0.3566666666666667"
"A22,GLN,0.6466666666666666"
"A23,GLU,0.4633333333333333"
"A24,GLU,0.5533333333333333"
"A25,ILE,0.2133333333333333"
"A26,GLN,0.09000000000000001"
"A27,GLU,0.3499999999999999"
"A28,ASN,0.16666666666666666"
"A29,PRO,0.16666666666666666"
"A30,ASP,0.33"
"A31,LEU,0.15666666666666665"
"A32,ALA,0.11666666666666668"
"A33,GLU,0.54"
"A34,GLY,0.08"
"A35,THR,0.09999999999999999"
"A36,VAL,0.10333333333333333"
"A37,ARG,1.02"
"A38,VAL,0.24333333333333332"
"A39,LYS,0.7433333333333333"
"A40,GLN,0.29666666666666663"
"A41,GLU,1.4666666666666668"
"A42,GLY,0.09000000000000001"
"A43,LYS,1.8399999999999999"
"A44,LEU,0.6233333333333334"
"A45,GLY,0.02"
"A46,LYS,0.5966666666666667"
"A47,LYS,0.31"
"A48,VAL,0.04"
"A49,GLU,0.02"
"A50,ILE,0.03666666666666667"
"A51,VAL,0.02666666666666667"
"A52,ARG,0.7600000000000001"
"A53,ILE,0.16333333333333333"
"A54,PHE,0.09999999999999999"
"A55,SER,0.04"
"A56,VAL,0.17333333333333334"
"A57,ASN,0.5033333333333333"
"A58,LYS,1.1833333333333333"
"A59,GLU,0.8566666666666666"
"A60,GLU,0.5433333333333333"
"A61,VAL,0.08666666666666667"
"A62,SER,0.15"
"A63,ARG,1.0633333333333332"
"A64,GLU,0.9900000000000001"
"A65,ILE,0.14"
"A66,VAL,0.11333333333333334"
"A67,SER,0.06333333333333332"
"A68,THR,0.12666666666666668"
"A69,SER,0.14"
"A70,THR,0.07666666666666667"
"A71,THR,0.17333333333333334"
"A72,ALA,0.10666666666666667"
"A73,PRO,0.13"
"A74,SER,0.20666666666666667"
"A75,PRO,0.060000000000000005"
"A76,ARG,0.4033333333333333"
"A77,ILE,0.04666666666666667"
"A78,VAL,0.006666666666666667"
"A79,GLU,0.14333333333333334"
"A80,LYS,0.3833333333333333"
"A81,GLY,0.01"
"A82,THR,0.16666666666666666"
"A83,LYS,1.5266666666666666"
"A84,LYS,2.72"
