"ChainID,Resname,Parch_Value"
"A850,GLY,0.35000000000000003"
"A851,SER,0.47333333333333333"
"A852,ARG,1.09"
"A853,ARG,2.006666666666667"
"A854,ALA,0.03333333333333333"
"A855,SER,0.11333333333333333"
"A856,VAL,0.3833333333333333"
"A857,GLY,0.05333333333333334"
"A858,SER,0.18333333333333332"
"A859,GLU,1.5866666666666667"
"A860,PHE,0.47333333333333333"
"A861,THR,0.19333333333333333"
"A862,GLU,1.49"
"A863,SER,0.11666666666666665"
"A864,ALA,0.04666666666666667"
"A865,TRP,0.5533333333333333"
"A866,VAL,0.03333333333333333"
"A867,ARG,0.6333333333333334"
"A868,CYS,0.12333333333333334"
"A869,ASP,0.9733333333333333"
"A870,ASP,0.9"
"A871,CYS,0.24"
"A872,PHE,0.5233333333333333"
"A873,LYS,1.7"
"A874,TRP,0.6699999999999999"
"A875,ARG,0.8700000000000001"
"A876,ARG,1.1566666666666665"
"A877,ILE,0.02666666666666667"
"A878,PRO,0.06666666666666667"
"A879,ALA,0.049999999999999996"
"A880,SER,0.23"
"A881,VAL,0.06666666666666667"
"A882,VAL,0.03333333333333333"
"A883,GLY,0.09666666666666666"
"A884,SER,0.09000000000000001"
"A885,ILE,0.21"
"A886,ASP,0.5066666666666667"
"A887,GLU,0.6266666666666667"
"A888,SER,0.18333333333333335"
"A889,SER,0.33666666666666667"
"A890,ARG,1.5133333333333334"
"A891,TRP,0.3833333333333333"
"A892,ILE,0.22999999999999998"
"A893,CYS,0.08666666666666667"
"A894,MET,0.21666666666666667"
"A895,ASN,0.31666666666666665"
"A896,ASN,0.2733333333333334"
"A897,SER,0.13333333333333333"
"A898,ASP,0.7033333333333333"
"A899,LYS,1.3933333333333335"
"A900,ARG,1.3366666666666667"
"A901,PHE,0.5433333333333333"
"A902,ALA,0.09666666666666668"
"A903,ASP,1.42"
"A904,CYS,0.30666666666666664"
"A905,SER,0.26666666666666666"
"A906,LYS,2.1166666666666667"
"A907,SER,0.24666666666666667"
"A908,GLN,0.49"
"A909,GLU,1.5333333333333332"
"A910,MET,0.6433333333333333"
"A911,SER,0.06333333333333334"
"A912,ASN,0.53"
"A913,GLU,0.8733333333333334"
"A914,GLU,0.59"
"A915,ILE,0.15333333333333332"
"A916,ASN,0.3833333333333333"
"A917,GLU,1.4566666666666668"
"A918,GLU,1.0666666666666667"
"A919,LEU,0.23"
"A920,GLY,0.22"
"A921,ILE,0.51"
"A922,GLY,0.19666666666666666"
"A923,GLN,0.9366666666666666"
"A924,ASP,1.4000000000000001"
"A925,GLU,1.9799999999999998"
"A926,ALA,0.20666666666666667"
"A927,ASP,1.4333333333333333"
"A928,ALA,1.2466666666666666"
