"ChainID,Resname,Parch_Value"
"A1,GLN,1.75"
"A2,SER,0.45999999999999996"
"A3,MET,0.22"
"A4,ARG,0.57"
"A5,THR,0.3666666666666667"
"A6,GLU,0.42333333333333334"
"A7,CYS,0.14333333333333334"
"A8,ASN,0.26666666666666666"
"A9,THR,0.05666666666666667"
"A10,ALA,0.14"
"A11,ARG,1.5466666666666666"
"A12,GLY,0.016666666666666666"
"A13,LYS,1.3699999999999999"
"A14,GLY,0.15"
"A15,HIS,0.4066666666666667"
"A16,MET,0.18666666666666665"
"A17,LEU,0.31666666666666665"
"A18,ILE,0.18999999999999997"
"A19,ALA,0.02"
"A20,TYR,0.18666666666666668"
"A21,PRO,0.2333333333333333"
"A22,GLY,0.01"
"A23,ASP,0.7666666666666667"
"A24,CYS,0.13333333333333333"
"A25,SER,0.14333333333333334"
"A26,GLN,0.23666666666666666"
"A27,TYR,0.5433333333333333"
"A28,ILE,0.13333333333333333"
"A29,SER,0.3933333333333333"
"A30,CYS,0.20333333333333334"
"A31,ASP,1.1466666666666667"
"A32,SER,0.21333333333333335"
"A33,ASN,0.27999999999999997"
"A34,ASP,0.39666666666666667"
"A35,GLN,0.33666666666666667"
"A36,SER,0.4266666666666666"
"A37,PRO,0.13333333333333333"
"A38,GLN,0.2933333333333333"
"A39,GLN,0.30000000000000004"
"A40,CYS,0.07"
"A41,ALA,0.22666666666666668"
"A42,SER,0.06999999999999999"
"A43,GLY,0.02"
"A44,THR,0.20000000000000004"
"A45,VAL,0.24"
"A46,PHE,0.22333333333333336"
"A47,ASN,0.15"
"A48,SER,0.25666666666666665"
"A49,GLU,0.75"
"A50,LYS,0.9900000000000001"
"A51,GLN,1.29"
"A52,ARG,1.4800000000000002"
"A53,CYS,0.08333333333333333"
"A54,ASP,0.2733333333333334"
"A55,PHE,0.31333333333333335"
"A56,ARG,0.7600000000000001"
"A57,ALA,0.13"
"A58,ASN,0.09666666666666666"
"A59,VAL,0.06333333333333334"
"A60,PRO,0.1366666666666667"
"A61,SER,0.25666666666666665"
"A62,CYS,0.12333333333333334"
"A63,LYS,2.0399999999999996"
"A64,VAL,1.68"
