"ChainID,Resname,Parch_Value"
"A31,SER,1.3166666666666667"
"A32,THR,0.8366666666666666"
"A33,GLY,0.1466666666666667"
"A34,ARG,1.37"
"A35,VAL,0.71"
"A36,LYS,0.48333333333333334"
"A37,LYS,0.4633333333333334"
"A38,PRO,0.07666666666666667"
"A39,HIS,0.9700000000000001"
"A40,ARG,2.5033333333333334"
"A41,TYR,1.58"
"B103,GLN,1.9533333333333334"
"B104,ASP,1.0633333333333332"
"B105,GLY,0.10333333333333333"
"B106,ARG,1.3"
"B107,ASN,0.3466666666666667"
"B108,ASP,0.7200000000000001"
"B109,PHE,0.27"
"B110,TYR,0.3833333333333333"
"B111,CYS,0.08666666666666667"
"B112,TRP,0.54"
"B113,VAL,0.08"
"B114,CYS,0.09000000000000001"
"B115,HIS,0.24"
"B116,ARG,1.7266666666666666"
"B117,GLU,0.8466666666666667"
"B118,GLY,0.0"
"B119,GLN,0.16666666666666666"
"B120,VAL,0.23666666666666666"
"B121,LEU,0.016666666666666666"
"B122,CYS,0.5033333333333333"
"B123,CYS,0.17666666666666667"
"B124,GLU,3.41"
"B125,LEU,0.03333333333333333"
"B126,CYS,0.036666666666666674"
"B127,PRO,0.28"
"B128,ARG,2.7133333333333334"
"B129,VAL,0.24333333333333337"
"B130,TYR,0.21666666666666665"
"B131,HIS,0.5299999999999999"
"B132,ALA,0.12"
"B133,LYS,1.9166666666666667"
"B134,CYS,0.9766666666666666"
"B135,LEU,0.4466666666666667"
"B136,ARG,2.49"
"B137,LEU,0.14"
"B138,THR,0.3133333333333333"
"B139,SER,0.34333333333333327"
"B140,GLU,0.7366666666666667"
"B141,PRO,0.62"
"B142,GLU,2.31"
"B143,GLY,0.62"
"B144,ASP,2.0666666666666664"
"B145,TRP,0.68"
"B146,PHE,0.3133333333333333"
"B147,CYS,0.006666666666666667"
"B148,PRO,0.26"
"B149,GLU,1.0966666666666667"
"B150,CYS,0.16333333333333333"
"B151,GLU,0.9900000000000001"
"B152,LYS,0.68"
"B153,ILE,0.013333333333333334"
"B154,THR,0.08"
"B155,VAL,0.7533333333333334"
"B156,ALA,0.21666666666666667"
"B157,GLU,1.4533333333333334"
"B158,CYS,0.016666666666666666"
"B159,ILE,0.32"
"B160,GLU,1.3066666666666666"
"B161,THR,0.16666666666666666"
"B162,GLN,0.37333333333333335"
"B163,SER,1.1233333333333333"
