"ChainID,Resname,Parch_Value"
"A1,GLY,0.5766666666666667"
"A2,ALA,0.18333333333333335"
"A3,MET,0.4466666666666667"
"A4,ALA,0.5199999999999999"
"A5,ASN,0.3233333333333333"
"A6,PRO,0.3466666666666667"
"A7,LYS,1.2066666666666668"
"A8,THR,0.3333333333333333"
"A9,ILE,0.03333333333333333"
"A10,LYS,1.1333333333333333"
"A11,ALA,0.016666666666666666"
"A12,ALA,0.05333333333333334"
"A13,ALA,0.02666666666666667"
"A14,TYR,0.006666666666666667"
"A15,ASN,0.043333333333333335"
"A16,GLN,0.12333333333333334"
"A17,ALA,0.0"
"A18,ARG,0.15"
"A19,SER,0.056666666666666664"
"A20,THR,0.07333333333333333"
"A21,LEU,0.0"
"A22,ALA,0.06333333333333334"
"A23,ASP,1.6966666666666665"
"A24,ALA,0.03"
"A25,GLY,0.04"
"A26,SER,0.0033333333333333335"
"A27,ARG,0.7000000000000001"
"A28,THR,0.20333333333333334"
"A29,ALA,0.0"
"A30,ALA,0.06"
"A31,LYS,0.9166666666666666"
"A32,SER,0.036666666666666674"
"A33,HIS,0.24"
"A34,PRO,0.09999999999999999"
"A35,ILE,0.18000000000000002"
"A36,HIS,0.39666666666666667"
"A37,GLY,0.10666666666666667"
"A38,LYS,0.9866666666666667"
"A39,THR,0.5099999999999999"
"A40,ASP,0.48"
"A41,VAL,0.03333333333333333"
"A42,PRO,0.043333333333333335"
"A43,VAL,0.049999999999999996"
"A44,SER,0.1366666666666667"
"A45,TYR,0.20333333333333334"
"A46,GLY,0.0"
"A47,THR,0.06"
"A48,SER,0.09999999999999999"
"A49,LEU,0.0"
"A50,LEU,0.0"
"A51,ALA,0.07333333333333335"
"A52,ALA,0.056666666666666664"
"A53,ALA,0.0"
"A54,ARG,0.8333333333333334"
"A55,ASP,0.38999999999999996"
"A56,GLU,0.1366666666666667"
"A57,PHE,0.01"
"A58,ARG,0.7399999999999999"
"A59,GLN,0.64"
"A60,ALA,0.0"
"A61,ASP,0.2966666666666667"
"A62,LYS,1.0466666666666666"
"A63,LYS,0.54"
"A64,LEU,0.013333333333333334"
"A65,PRO,0.13999999999999999"
"A66,ALA,0.10666666666666667"
"A67,LYS,0.5833333333333334"
"A68,ASP,0.06333333333333334"
"A69,LYS,0.31333333333333335"
"A70,LYS,0.6766666666666666"
"A71,SER,0.22"
"A72,ASP,0.5833333333333334"
"A73,MET,0.0"
"A74,SER,0.016666666666666666"
"A75,ILE,0.22333333333333336"
"A76,ALA,0.08666666666666667"
"A77,HIS,0.05666666666666667"
"A78,TYR,0.26666666666666666"
"A79,ASN,0.16333333333333333"
"A80,ALA,0.0"
"A81,VAL,0.0"
"A82,HIS,0.11"
"A83,SER,0.04"
"A84,ALA,0.0"
"A85,ALA,0.0033333333333333335"
"A86,LYS,0.8933333333333332"
"A87,THR,0.08"
"A88,MET,0.0"
"A89,GLY,0.08"
"A90,ILE,0.06"
"A91,ASP,1.2033333333333334"
"A92,THR,0.2333333333333333"
"A93,TRP,2.1733333333333333"
