"ChainID,Resname,Parch_Value"
"A1,ALA,0.8666666666666666"
"A2,GLY,0.15333333333333335"
"A3,CYS,0.2333333333333333"
"A4,ASN,0.29666666666666663"
"A5,ALA,0.043333333333333335"
"A6,GLY,0.05000000000000001"
"A7,GLN,0.09333333333333334"
"A8,LEU,0.08"
"A9,THR,0.10666666666666667"
"A10,VAL,0.08"
"A11,CYS,0.006666666666666667"
"A12,THR,0.13333333333333333"
"A13,GLY,0.05333333333333334"
"A14,ALA,0.0"
"A15,ILE,0.11"
"A16,ALA,0.06666666666666667"
"A17,GLY,0.08"
"A18,GLY,0.03666666666666667"
"A19,ALA,0.053333333333333344"
"A20,ARG,1.4033333333333333"
"A21,PRO,0.09333333333333334"
"A22,THR,0.05666666666666667"
"A23,ALA,0.12333333333333334"
"A24,ALA,0.04666666666666667"
"A25,CYS,0.006666666666666667"
"A26,CYS,0.0"
"A27,SER,0.04"
"A28,SER,0.013333333333333334"
"A29,LEU,0.016666666666666666"
"A30,ARG,0.7966666666666667"
"A31,ALA,0.09333333333333334"
"A32,GLN,0.5233333333333333"
"A33,GLN,0.18000000000000002"
"A34,GLY,0.06666666666666667"
"A35,CYS,0.2833333333333334"
"A36,PHE,0.053333333333333344"
"A37,CYS,0.20333333333333334"
"A38,GLN,0.5833333333333334"
"A39,PHE,0.3633333333333333"
"A40,ALA,0.24666666666666667"
"A41,LYS,1.6533333333333333"
"A42,ASP,1.4133333333333333"
"A43,PRO,0.31"
"A44,ARG,1.05"
"A45,TYR,0.7200000000000001"
"A46,GLY,0.10333333333333333"
"A47,ARG,1.2066666666666668"
"A48,TYR,0.41"
"A49,VAL,0.16"
"A50,ASN,0.04"
"A51,SER,0.03333333333333333"
"A52,PRO,0.10666666666666667"
"A53,ASN,0.17"
"A54,ALA,0.01"
"A55,ARG,0.45"
"A56,LYS,1.1433333333333333"
"A57,ALA,0.11"
"A58,VAL,0.08"
"A59,SER,0.5499999999999999"
"A60,SER,0.6433333333333333"
"A61,CYS,0.06999999999999999"
"A62,GLY,0.02"
"A63,ILE,0.48"
"A64,ALA,0.6266666666666666"
"A65,LEU,0.41"
"A66,PRO,0.06333333333333334"
"A67,THR,0.5233333333333333"
"A68,CYS,0.5766666666666667"
"A69,HIS,2.4433333333333334"
