"ChainID,Resname,Parch_Value"
"A180,MET,0.83"
"A181,MET,0.22666666666666668"
"A182,ASN,0.19999999999999998"
"A183,PRO,0.09333333333333332"
"A184,ILE,0.3833333333333333"
"A185,ASN,0.3133333333333333"
"A186,ARG,1.5533333333333335"
"A187,ASN,0.32666666666666666"
"A188,PRO,0.4033333333333333"
"A189,LYS,1.5966666666666667"
"A190,GLN,0.5166666666666666"
"A191,VAL,0.05666666666666667"
"A192,PRO,0.3133333333333333"
"A193,PHE,0.14333333333333334"
"A194,ALA,0.06666666666666667"
"A195,ALA,0.09333333333333334"
"A196,LEU,0.03"
"A197,LEU,0.04666666666666667"
"A198,PRO,0.3033333333333333"
"A199,THR,0.016666666666666666"
"A200,LEU,0.0"
"A201,MET,0.15"
"A202,ASN,0.31666666666666665"
"A203,GLN,0.06999999999999999"
"A204,LEU,0.18666666666666668"
"A205,ASP,1.2133333333333332"
"A206,LYS,1.7166666666666668"
"A207,ASP,0.9433333333333332"
"A208,ARG,0.96"
"A209,ALA,0.023333333333333334"
"A210,LEU,0.18000000000000002"
"A211,GLN,0.2366666666666667"
"A212,LEU,0.0"
"A213,ARG,0.5533333333333333"
"A214,THR,0.09333333333333334"
"A215,LEU,0.006666666666666667"
"A216,TYR,0.07333333333333333"
"A217,ALA,0.013333333333333334"
"A218,ARG,0.8566666666666666"
"A219,LEU,0.03"
"A220,LYS,0.7533333333333333"
"A221,LYS,0.5166666666666667"
"A222,ASN,0.5633333333333334"
"A223,GLU,0.61"
"A224,ILE,0.07"
"A225,PRO,0.3333333333333333"
"A226,LYS,1.34"
"A227,GLU,1.0833333333333333"
"A228,GLY,0.0"
"A229,PHE,0.0"
"A230,THR,0.023333333333333334"
"A231,ARG,1.7933333333333332"
"A232,HIS,0.38000000000000006"
"A233,MET,0.0"
"A234,LYS,0.8333333333333334"
"A235,ASP,0.7733333333333333"
"A236,ILE,0.08666666666666667"
"A237,VAL,0.013333333333333334"
"A238,GLY,0.01"
"A239,ASP,0.29333333333333333"
"A240,GLN,0.25333333333333335"
"A241,MET,0.05333333333333334"
"A242,LEU,0.016666666666666666"
"A243,ARG,0.5866666666666666"
"A244,MET,0.09000000000000001"
"A245,ALA,0.0"
"A246,VAL,0.09000000000000001"
"A247,SER,0.16"
"A248,LYS,0.8766666666666666"
"A249,LEU,0.24"
"A250,GLN,0.3"
"A251,GLN,0.62"
"A252,VAL,0.4566666666666667"
"A253,ASN,0.89"
"A254,TYR,2.2600000000000002"
