"ChainID,Resname,Parch_Value"
"A1,ASP,1.6600000000000001"
"A2,THR,0.42333333333333334"
"A3,THR,0.28333333333333327"
"A4,SER,0.4533333333333333"
"A5,ASP,1.1866666666666668"
"A6,PHE,0.7866666666666666"
"A7,HIS,0.7466666666666667"
"A8,THR,0.14666666666666667"
"A9,CYS,0.02"
"A10,GLN,0.5966666666666667"
"A11,ASP,0.39666666666666667"
"A12,LYS,0.81"
"A13,GLY,0.12"
"A14,GLY,0.0"
"A15,HIS,0.35666666666666663"
"A16,CYS,0.11666666666666665"
"A17,VAL,0.04666666666666667"
"A18,SER,0.10666666666666667"
"A19,PRO,0.3666666666666667"
"A20,LYS,1.25"
"A21,ILE,0.35333333333333333"
"A22,ARG,1.9666666666666668"
"A23,CYS,0.18999999999999997"
"A24,LEU,0.47666666666666674"
"A25,GLU,0.7933333333333333"
"A26,GLU,1.4366666666666665"
"A27,GLN,0.12666666666666668"
"A28,LEU,0.15"
"A29,GLY,0.15"
"A30,LEU,0.6833333333333332"
"A31,CYS,0.1366666666666667"
"A32,PRO,0.20666666666666667"
"A33,LEU,0.39999999999999997"
"A34,LYS,1.54"
"A35,ARG,1.3166666666666667"
"A36,TRP,0.6566666666666666"
"A37,THR,0.3233333333333333"
"A38,CYS,0.053333333333333344"
"A39,CYS,0.0"
"A40,LYS,0.9833333333333334"
"A41,GLU,1.7166666666666666"
"A42,ILE,0.9"
