"ChainID,Resname,Parch_Value"
"A148,GLY,1.0433333333333332"
"A149,PRO,0.49"
"A150,SER,0.2866666666666667"
"A151,LYS,1.0133333333333334"
"A152,PRO,0.03666666666666667"
"A153,PHE,0.20666666666666667"
"A154,TRP,0.08"
"A155,VAL,0.01"
"A156,LEU,0.013333333333333334"
"A157,VAL,0.02666666666666667"
"A158,VAL,0.02"
"A159,VAL,0.0033333333333333335"
"A160,GLY,0.0"
"A161,GLY,0.01"
"A162,VAL,0.01"
"A163,LEU,0.01"
"A164,ALA,0.03"
"A165,PHE,0.04"
"A166,TYR,0.013333333333333334"
"A167,SER,0.07"
"A168,LEU,0.01"
"A169,LEU,0.0"
"A170,VAL,0.03"
"A171,THR,0.006666666666666667"
"A172,VAL,0.0"
"A173,ALA,0.0"
"A174,PHE,0.02"
"A175,ILE,0.0"
"A176,ILE,0.0033333333333333335"
"A177,PHE,0.06333333333333334"
"A178,TRP,0.049999999999999996"
"A179,VAL,0.03333333333333333"
"A180,ARG,0.7866666666666666"
"A181,SER,0.09333333333333334"
"A182,LYS,0.8966666666666668"
"A183,ARG,2.4766666666666666"
"A184,SER,0.27"
"A185,ARG,3.0100000000000002"
"A186,LEU,0.4833333333333334"
"A187,LEU,0.4266666666666667"
"A188,HIS,1.0666666666666667"
"B148,GLY,0.8666666666666667"
"B149,PRO,0.14666666666666664"
"B150,SER,0.43333333333333335"
"B151,LYS,0.9499999999999998"
"B152,PRO,0.15666666666666668"
"B153,PHE,0.04"
"B154,TRP,0.24"
"B155,VAL,0.11"
"B156,LEU,0.013333333333333334"
"B157,VAL,0.05333333333333334"
"B158,VAL,0.05000000000000001"
"B159,VAL,0.03666666666666667"
"B160,GLY,0.0"
"B161,GLY,0.006666666666666667"
"B162,VAL,0.006666666666666667"
"B163,LEU,0.04"
"B164,ALA,0.06333333333333334"
"B165,PHE,0.06333333333333334"
"B166,TYR,0.10666666666666665"
"B167,SER,0.06333333333333334"
"B168,LEU,0.04"
"B169,LEU,0.13333333333333333"
"B170,VAL,0.02"
"B171,THR,0.016666666666666666"
"B172,VAL,0.0"
"B173,ALA,0.0"
"B174,PHE,0.01"
"B175,ILE,0.0"
"B176,ILE,0.056666666666666664"
"B177,PHE,0.09000000000000001"
"B178,TRP,0.09999999999999999"
"B179,VAL,0.14666666666666664"
"B180,ARG,1.5566666666666666"
"B181,SER,0.09666666666666666"
"B182,LYS,1.33"
"B183,ARG,1.7"
"B184,SER,0.11666666666666668"
"B185,ARG,1.6966666666666665"
"B186,LEU,0.17"
"B187,LEU,0.24666666666666667"
"B188,HIS,1.0866666666666667"
