"ChainID,Resname,Parch_Value"
"A1,LEU,0.79"
"A2,PRO,0.17666666666666667"
"A3,ARG,1.7333333333333332"
"A4,ASP,0.6066666666666666"
"A5,THR,0.0033333333333333335"
"A6,SER,0.09999999999999999"
"A7,ARG,1.2733333333333334"
"A8,CYS,0.0033333333333333335"
"A9,VAL,0.13333333333333333"
"A10,GLY,0.04"
"A11,TYR,0.5333333333333333"
"A12,HIS,0.6066666666666668"
"A13,GLY,0.14333333333333334"
"A14,TYR,0.6133333333333334"
"A15,CYS,0.12666666666666668"
"A16,ILE,0.15666666666666665"
"A17,ARG,1.22"
"A18,SER,0.09333333333333334"
"A19,LYS,1.4633333333333336"
"A20,VAL,0.29333333333333333"
"A21,CYS,0.04"
"A22,PRO,0.08666666666666667"
"A23,LYS,1.0866666666666667"
"A24,PRO,0.10666666666666667"
"A25,PHE,0.2833333333333334"
"A26,ALA,0.02"
"A27,ALA,0.27666666666666667"
"A28,PHE,0.1466666666666667"
"A29,GLY,0.07666666666666666"
"A30,THR,0.24333333333333332"
"A31,CYS,0.0"
"A32,SER,0.11333333333333333"
"A33,TRP,0.5599999999999999"
"A34,ARG,1.9833333333333332"
"A35,GLN,0.5533333333333332"
"A36,LYS,0.6"
"A37,THR,0.06999999999999999"
"A38,CYS,0.04"
"A39,CYS,0.15666666666666665"
"A40,VAL,0.07"
"A41,ASP,0.5633333333333334"
"A42,THR,0.15333333333333335"
"A43,THR,0.2733333333333334"
"A44,SER,0.21"
"A45,ASP,0.7599999999999999"
"A46,PHE,0.48333333333333334"
"A47,HIS,0.21"
"A48,THR,0.10333333333333333"
"A49,CYS,0.11333333333333333"
"A50,GLN,0.08"
"A51,ASP,0.6266666666666666"
"A52,LYS,1.6666666666666667"
"A53,GLY,0.14333333333333334"
"A54,GLY,0.09666666666666668"
"A55,HIS,0.8333333333333334"
"A56,CYS,0.07666666666666667"
"A57,VAL,0.02666666666666667"
"A58,SER,0.049999999999999996"
"A59,PRO,0.17666666666666667"
"A60,LYS,1.1966666666666665"
"A61,ILE,0.05333333333333334"
"A62,ARG,0.9166666666666666"
"A63,CYS,0.19666666666666666"
"A64,LEU,0.32"
"A65,GLU,2.0033333333333334"
"A66,GLU,1.5200000000000002"
"A67,GLN,0.7166666666666667"
"A68,LEU,0.9400000000000001"
"A69,GLY,0.21666666666666667"
"A70,LEU,0.65"
"A71,CYS,0.19333333333333336"
"A72,PRO,0.09666666666666668"
"A73,LEU,0.20333333333333334"
"A74,LYS,1.7266666666666666"
"A75,ARG,1.1266666666666667"
"A76,TRP,0.20666666666666667"
"A77,THR,0.12333333333333334"
"A78,CYS,0.22333333333333336"
"A79,CYS,0.14666666666666667"
"A80,LYS,0.9700000000000001"
"A81,GLU,1.64"
"A82,ILE,1.6033333333333335"
