"ChainID,Resname,Parch_Value"
"A1,GLY,1.1133333333333333"
"A2,ASP,1.7933333333333332"
"A3,CYS,0.6900000000000001"
"A4,LYS,1.3266666666666667"
"A5,PRO,0.24"
"A6,CYS,0.24666666666666667"
"A7,MET,0.17"
"A8,HIS,0.47333333333333333"
"A9,PRO,0.36000000000000004"
"A10,ASP,1.1900000000000002"
"A11,CYS,0.06999999999999999"
"A12,ARG,1.21"
"A13,PHE,0.47666666666666674"
"A14,ASN,0.47333333333333333"
"A15,PRO,0.20333333333333334"
"A16,GLY,0.08333333333333333"
"A17,ARG,0.4566666666666667"
"A18,CYS,0.27666666666666667"
"A19,ARG,2.6366666666666667"
