"ChainID,Resname,Parch_Value"
"A1,MET,2.49"
"A2,ARG,1.6733333333333331"
"A3,GLY,0.30333333333333334"
"A4,ARG,3.4500000000000006"
"A5,ASP,1.4400000000000002"
"A6,ASP,1.3133333333333335"
"A7,ASP,1.8733333333333333"
"A8,ASP,1.4266666666666667"
"A9,GLU,1.0833333333333333"
"A10,GLU,1.64"
"A11,ASN,0.8033333333333333"
"A12,PRO,0.36999999999999994"
"A13,ARG,1.0866666666666667"
"A14,ASP,0.27"
"A15,PRO,0.23666666666666666"
"A16,ARG,0.7966666666666667"
"A17,GLU,1.2866666666666668"
"A18,GLN,0.3433333333333333"
"A19,TYR,0.3666666666666667"
"A20,ARG,0.9233333333333333"
"A21,GLN,1.0866666666666667"
"A22,CYS,0.0"
"A23,GLN,0.11666666666666665"
"A24,GLU,1.2433333333333334"
"A25,TYR,0.29"
"A26,CYS,0.013333333333333334"
"A27,ARG,0.94"
"A28,ARG,0.82"
"A29,GLN,0.09999999999999999"
"A30,GLY,0.06666666666666667"
"A31,GLN,0.27666666666666667"
"A32,GLY,0.10000000000000002"
"A33,GLN,0.25333333333333335"
"A34,ARG,1.1033333333333333"
"A35,GLN,0.08"
"A36,GLN,0.4566666666666667"
"A37,GLN,0.3133333333333333"
"A38,GLN,0.6133333333333334"
"A39,CYS,0.0"
"A40,GLN,0.5599999999999999"
"A41,ILE,0.33"
"A42,ARG,1.36"
"A43,CYS,0.03333333333333333"
"A44,GLU,0.8633333333333333"
"A45,GLU,0.52"
"A46,ARG,1.1533333333333333"
"A47,LEU,0.18666666666666668"
"A48,GLU,0.8266666666666667"
"A49,GLU,0.48666666666666664"
"A50,ASP,0.12333333333333334"
"A51,GLN,0.2833333333333334"
"A52,ARG,0.73"
"A53,SER,0.20666666666666667"
"A54,GLN,0.3233333333333333"
"A55,GLU,1.0733333333333335"
"A56,GLU,2.08"
"A57,ARG,2.2566666666666673"
