"ChainID,Resname,Parch_Value"
"A5,GLN,1.3333333333333333"
"A6,LYS,1.4566666666666668"
"A7,HIS,0.4166666666666667"
"A8,ARG,1.2233333333333334"
"A9,ASP,0.7733333333333333"
"A10,PHE,0.08666666666666667"
"A11,VAL,0.03333333333333333"
"A12,ALA,0.09000000000000001"
"A13,GLU,0.6633333333333333"
"A14,PRO,0.06666666666666667"
"A15,MET,0.09999999999999999"
"A16,GLY,0.19666666666666666"
"A17,GLU,2.1666666666666665"
"A18,LYS,0.5866666666666668"
"A19,PRO,0.37666666666666665"
"A20,VAL,0.030000000000000002"
"A21,GLY,0.20666666666666667"
"A22,SER,0.03666666666666667"
"A23,LEU,0.03"
"A24,ALA,0.07"
"A25,GLY,0.08"
"A26,ILE,0.20666666666666667"
"A27,GLY,0.10333333333333333"
"A28,GLU,1.37"
"A29,VAL,0.23333333333333336"
"A30,LEU,0.016666666666666666"
"A31,GLY,0.01"
"A32,LYS,0.8966666666666666"
"A33,LYS,0.61"
"A34,LEU,0.0"
"A35,GLU,0.5266666666666667"
"A36,GLU,0.9233333333333333"
"A37,ARG,0.7233333333333333"
"A38,GLY,0.04"
"A39,PHE,0.14333333333333334"
"A40,ASP,0.37333333333333335"
"A41,LYS,1.03"
"A42,ALA,0.02666666666666667"
"A43,TYR,0.2966666666666667"
"A44,VAL,0.07666666666666667"
"A45,VAL,0.023333333333333334"
"A46,LEU,0.0"
"A47,GLY,0.02"
"A48,GLN,0.04666666666666667"
"A49,PHE,0.0"
"A50,LEU,0.23666666666666666"
"A51,VAL,0.03"
"A52,LEU,0.10666666666666667"
"A53,LYS,1.4066666666666665"
"A54,LYS,1.3533333333333333"
"A55,ASP,0.68"
"A56,GLU,1.1833333333333333"
"A57,ASP,0.6533333333333333"
"A58,LEU,0.08666666666666667"
"A59,PHE,0.04666666666666667"
"A60,ARG,0.8066666666666666"
"A61,GLU,0.5466666666666666"
"A62,TRP,0.11333333333333334"
"A63,LEU,0.016666666666666666"
"A64,LYS,1.2266666666666668"
"A65,ASP,1.6433333333333333"
"A66,THR,0.09999999999999999"
"A67,ALA,0.0"
"A68,GLY,0.03333333333333333"
"A69,ALA,0.10666666666666667"
"A70,ASN,0.19666666666666668"
"A71,ALA,0.12666666666666668"
"A72,LYS,1.05"
"A73,GLN,0.30666666666666664"
"A74,SER,0.10666666666666667"
"A75,ARG,1.6500000000000001"
"A76,ASP,0.6833333333333332"
"A77,ALA,0.036666666666666674"
"A78,PHE,0.09000000000000001"
"A79,GLY,0.01"
"A80,ALA,0.0033333333333333335"
"A81,LEU,0.0"
"A82,ARG,1.2133333333333332"
"A83,GLU,0.33"
"A84,TRP,0.02"
"A85,ALA,0.2233333333333333"
"A86,ASP,1.8166666666666667"
"A87,ALA,0.15666666666666668"
"A88,PHE,1.1333333333333335"
