"ChainID,Resname,Parch_Value"
"A1,GLU,0.79"
"A2,ASP,0.6466666666666666"
"A3,PRO,0.13"
"A4,ALA,0.02666666666666667"
"A5,VAL,0.02666666666666667"
"A6,ASP,0.4833333333333334"
"A7,LEU,0.07"
"A8,LEU,0.01"
"A9,LYS,0.6033333333333334"
"A10,ASN,0.35333333333333333"
"A11,TYR,0.25333333333333335"
"A12,MET,0.15000000000000002"
"A13,GLN,1.71"
