"ChainID,Resname,Parch_Value"
"A1,ALA,0.8666666666666667"
"A2,ALA,0.18333333333333335"
"A3,ALA,0.13333333333333333"
"A4,PRO,0.19999999999999998"
"A5,VAL,0.1366666666666667"
"A6,ARG,2.2733333333333334"
"A7,LEU,0.5066666666666667"
"A8,GLY,0.22333333333333336"
"A9,ARG,1.96"
"A10,LYS,1.1733333333333336"
"A11,ARG,0.84"
"A12,PRO,0.29"
"A13,LEU,0.4066666666666667"
"A14,PRO,0.24666666666666667"
"A15,ALA,0.030000000000000002"
"A16,CYS,0.14666666666666667"
"A17,PRO,0.08333333333333333"
"A18,ASN,0.10999999999999999"
"A19,PRO,0.2833333333333333"
"A20,LEU,0.11"
"A21,PHE,0.02666666666666667"
"A22,VAL,0.09333333333333334"
"A23,ARG,0.87"
"A24,TRP,0.17666666666666667"
"A25,LEU,0.006666666666666667"
"A26,THR,0.21333333333333335"
"A27,GLU,0.79"
"A28,TRP,0.3633333333333333"
"A29,ARG,1.25"
"A30,ASP,0.52"
"A31,GLU,1.1266666666666667"
"A32,ALA,0.043333333333333335"
"A33,THR,0.056666666666666664"
"A34,ARG,0.9833333333333334"
"A35,SER,0.08666666666666667"
"A36,ARG,0.9133333333333334"
"A37,ARG,1.6933333333333334"
"A38,ARG,1.9066666666666665"
"A39,THR,0.10999999999999999"
"A40,ARG,1.406666666666667"
"A41,PHE,0.09333333333333334"
"A42,VAL,0.20333333333333334"
"A43,PHE,0.03333333333333333"
"A44,GLN,0.15333333333333332"
"A45,LYS,0.5966666666666667"
"A46,ALA,0.0033333333333333335"
"A47,LEU,0.03"
"A48,ARG,0.6699999999999999"
"A49,SER,0.006666666666666667"
"A50,LEU,0.08"
"A51,ARG,0.6366666666666667"
"A52,ARG,1.4266666666666667"
"A53,TYR,0.2333333333333333"
"A54,PRO,0.016666666666666666"
"A55,LEU,0.043333333333333335"
"A56,PRO,0.10333333333333333"
"A57,LEU,0.056666666666666664"
"A58,ARG,1.2266666666666668"
"A59,SER,0.2833333333333333"
"A60,GLY,0.023333333333333334"
"A61,LYS,0.7000000000000001"
"A62,GLU,0.7633333333333333"
"A63,ALA,0.0033333333333333335"
"A64,LYS,0.7733333333333333"
"A65,ILE,0.2833333333333333"
"A66,LEU,0.2833333333333333"
"A67,GLN,1.17"
"A68,HIS,0.58"
"A69,PHE,0.03"
"A70,GLY,0.036666666666666674"
"A71,ASP,0.5933333333333334"
"A72,GLY,0.05666666666666667"
"A73,LEU,0.0"
"A74,CYS,0.0"
"A75,ARG,1.2133333333333332"
"A76,MET,0.12666666666666668"
"A77,LEU,0.023333333333333334"
"A78,ASP,0.19333333333333333"
"A79,GLU,0.7733333333333334"
"A80,ARG,0.8833333333333333"
"A81,LEU,0.02"
"A82,GLN,0.61"
"A83,ARG,2.1666666666666665"
"A84,HIS,0.7200000000000001"
"A85,ARG,1.1500000000000001"
"A86,THR,0.86"
"A87,SER,0.26333333333333336"
"A88,GLY,0.2933333333333334"
"A89,GLY,0.9133333333333334"
"A90,ASP,4.803333333333334"
