"ChainID,Resname,Parch_Value"
"A1,ALA,0.39333333333333337"
"A2,ILE,0.04"
"A3,SER,0.07666666666666667"
"A4,CYS,0.013333333333333334"
"A5,GLY,0.0033333333333333335"
"A6,GLN,0.08333333333333333"
"A7,VAL,0.0"
"A8,ALA,0.01"
"A9,SER,0.03333333333333333"
"A10,ALA,0.016666666666666666"
"A11,ILE,0.01"
"A12,ALA,0.006666666666666667"
"A13,PRO,0.07666666666666667"
"A14,CYS,0.0"
"A15,ILE,0.013333333333333334"
"A16,SER,0.08333333333333333"
"A17,TYR,0.049999999999999996"
"A18,ALA,0.0"
"A19,ARG,0.48666666666666664"
"A20,GLY,0.01"
"A21,GLN,0.15"
"A22,GLY,0.15333333333333335"
"A23,SER,0.15333333333333332"
"A24,GLY,0.08666666666666667"
"A25,PRO,0.023333333333333334"
"A26,SER,0.18666666666666668"
"A27,ALA,0.07666666666666667"
"A28,GLY,0.01"
"A29,CYS,0.02"
"A30,CYS,0.06333333333333334"
"A31,SER,0.06"
"A32,GLY,0.0"
"A33,VAL,0.04666666666666667"
"A34,ARG,0.6433333333333332"
"A35,SER,0.05000000000000001"
"A36,LEU,0.006666666666666667"
"A37,ASN,0.24666666666666667"
"A38,ASN,0.18333333333333335"
"A39,ALA,0.07"
"A40,ALA,0.013333333333333334"
"A41,ARG,1.0599999999999998"
"A42,THR,0.21"
"A43,THR,0.06333333333333334"
"A44,ALA,0.06666666666666667"
"A45,ASP,0.10333333333333333"
"A46,ARG,0.8466666666666667"
"A47,ARG,0.2133333333333333"
"A48,ALA,0.043333333333333335"
"A49,ALA,0.0"
"A50,CYS,0.0"
"A51,ASN,0.18666666666666668"
"A52,CYS,0.0"
"A53,LEU,0.0033333333333333335"
"A54,LYS,0.3633333333333333"
"A55,ASN,0.09666666666666666"
"A56,ALA,0.0"
"A57,ALA,0.02666666666666667"
"A58,ALA,0.056666666666666664"
"A59,GLY,0.013333333333333334"
"A60,VAL,0.07333333333333335"
"A61,SER,0.3333333333333333"
"A62,GLY,0.09000000000000001"
"A63,LEU,0.11"
"A64,ASN,0.18666666666666665"
"A65,ALA,0.08666666666666667"
"A66,GLY,0.03666666666666667"
"A67,ASN,0.03"
"A68,ALA,0.01"
"A69,ALA,0.1366666666666667"
"A70,SER,0.04"
"A71,ILE,0.06"
"A72,PRO,0.043333333333333335"
"A73,SER,0.17333333333333334"
"A74,LYS,0.8999999999999999"
"A75,CYS,0.09999999999999999"
"A76,GLY,0.12666666666666668"
"A77,VAL,0.08666666666666667"
"A78,SER,0.39999999999999997"
"A79,ILE,0.049999999999999996"
"A80,PRO,0.29000000000000004"
"A81,TYR,0.13"
"A82,THR,0.25666666666666665"
"A83,ILE,0.04"
"A84,SER,0.013333333333333334"
"A85,THR,0.12333333333333334"
"A86,SER,0.14"
"A87,THR,0.05333333333333334"
"A88,ASP,0.3033333333333333"
"A89,CYS,0.07"
"A90,SER,0.21999999999999997"
"A91,ARG,1.03"
"A92,VAL,0.04666666666666667"
"A93,ASN,0.28"
