"ChainID,Resname,Parch_Value"
"A737,LEU,1.16"
"A738,GLN,0.6666666666666666"
"A739,THR,0.25666666666666665"
"A740,LYS,1.1733333333333331"
"A741,ASP,0.3833333333333333"
"A742,LEU,0.16666666666666666"
"A743,GLN,0.22666666666666668"
"A744,GLN,0.27666666666666667"
"A745,LYS,0.7999999999999999"
"A746,PHE,0.10666666666666667"
"A747,TYR,0.5066666666666667"
"A748,GLU,0.8566666666666666"
"A749,ILE,0.42333333333333334"
"A750,ILE,0.11333333333333333"
"A751,LEU,0.06333333333333334"
"A752,ASP,1.0033333333333332"
"A753,ILE,0.37666666666666665"
"A754,GLU,0.59"
"A755,GLN,0.14333333333333334"
"A756,ASN,0.37333333333333335"
"A757,ASN,0.7266666666666667"
"A758,VAL,0.1366666666666667"
"A759,GLN,0.14666666666666667"
"A760,GLY,0.0033333333333333335"
"A761,LYS,1.2366666666666666"
"A762,THR,0.16333333333333333"
"A763,GLY,0.006666666666666667"
"A764,ILE,0.12333333333333334"
"A765,GLN,0.36000000000000004"
"A766,GLN,0.16333333333333333"
"A767,LEU,0.18333333333333335"
"A768,GLN,0.5499999999999999"
"A769,LYS,0.5333333333333333"
"A770,TRP,0.33"
"A771,GLU,0.5833333333333334"
"A772,ASP,0.35000000000000003"
"A773,TRP,0.3333333333333333"
"A774,VAL,0.14666666666666667"
"A775,ARG,1.2366666666666666"
"A776,TRP,1.3766666666666667"
"A777,ILE,0.24333333333333332"
"A778,GLY,0.16666666666666666"
"A779,ASN,0.11333333333333333"
"A780,ILE,0.11333333333333333"
"A781,PRO,0.10333333333333335"
"A782,GLN,0.25"
"A783,TYR,0.45999999999999996"
"A784,LEU,0.19000000000000003"
"A785,LYS,1.76"
"A786,MET,0.9766666666666666"
