"ChainID,Resname,Parch_Value"
"A1,SER,1.0233333333333334"
"A2,LEU,0.13"
"A3,GLY,0.15333333333333332"
"A4,ASN,0.19666666666666668"
"A5,GLY,0.043333333333333335"
"A6,PRO,0.2066666666666667"
"A7,ILE,0.05333333333333334"
"A8,LEU,0.036666666666666674"
"A9,ASN,0.08"
"A10,VAL,0.03333333333333333"
"A11,LEU,0.01"
"A12,VAL,0.01"
"A13,VAL,0.036666666666666674"
"A14,LEU,0.01"
"A15,GLY,0.0"
"A16,VAL,0.02"
"A17,VAL,0.04"
"A18,LEU,0.036666666666666674"
"A19,LEU,0.04"
"A20,GLY,0.023333333333333334"
"A21,GLN,0.29333333333333333"
"A22,PHE,0.08"
"A23,VAL,0.15333333333333332"
"A24,VAL,0.26"
"A25,ARG,1.14"
"A26,ARG,0.8366666666666666"
"A27,PHE,0.9500000000000001"
"A28,PHE,0.7466666666666667"
"A29,LYS,3.41"
"A30,SER,2.433333333333333"
