"ChainID,Resname,Parch_Value"
"X1,ALA,0.6033333333333333"
"X2,TRP,0.5266666666666666"
"X3,LYS,1.5200000000000002"
"X4,GLU,1.1066666666666667"
"X5,LYS,2.21"
"X6,ILE,0.20666666666666667"
"X7,ARG,1.4000000000000001"
"X8,LYS,1.2"
"X9,LYS,1.7"
"X10,LEU,0.20333333333333334"
"X11,LYS,0.94"
"X12,ASN,0.31666666666666665"
"X13,GLU,0.48333333333333334"
"X14,ILE,0.04666666666666667"
"X15,LYS,0.6533333333333333"
"X16,LYS,0.6633333333333333"
"X17,LYS,0.7699999999999999"
"X18,TRP,0.20666666666666667"
"X19,ARG,1.6966666666666665"
"X20,LYS,1.7"
"X21,ALA,0.05333333333333334"
"X22,VAL,0.3"
"X23,ILE,0.7400000000000001"
"X24,ALA,0.5933333333333333"
"X25,TRP,2.15"
