"ChainID,Resname,Parch_Value"
"A1,GLY,0.56"
"A2,MET,0.7166666666666668"
"A3,PRO,0.21999999999999997"
"A4,ARG,2.6366666666666667"
"A5,ASP,1.63"
"A6,PRO,0.3666666666666667"
"A7,GLU,1.5233333333333334"
"A8,GLN,0.52"
"A9,ARG,1.1733333333333333"
"A10,TYR,1.03"
"A11,GLU,0.87"
"A12,GLN,0.3833333333333333"
"A13,CYS,0.04"
"A14,GLN,0.14333333333333334"
"A15,GLN,0.18000000000000002"
"A16,GLN,0.26"
"A17,CYS,0.0033333333333333335"
"A18,GLU,0.6366666666666667"
"A19,ARG,0.6333333333333333"
"A20,GLN,0.32"
"A21,ARG,1.74"
"A22,ARG,2.0533333333333332"
"A23,GLY,0.22"
"A24,GLN,0.7266666666666667"
"A25,GLU,1.0633333333333335"
"A26,GLN,0.4666666666666666"
"A27,THR,0.02666666666666667"
"A28,LEU,0.03333333333333333"
"A29,CYS,0.023333333333333334"
"A30,ARG,0.7200000000000001"
"A31,ARG,0.8133333333333335"
"A32,ARG,0.56"
"A33,CYS,0.0"
"A34,GLU,0.5566666666666668"
"A35,GLN,0.22999999999999998"
"A36,ARG,0.3033333333333334"
"A37,ARG,1.2933333333333332"
"A38,GLN,0.43"
"A39,GLN,0.3733333333333333"
"A40,GLU,0.33"
"A41,GLU,1.2466666666666668"
"A42,ARG,1.2"
"A43,GLU,1.3166666666666667"
"A44,ARG,2.526666666666667"
"A45,GLN,1.8366666666666667"
