"ChainID,Resname,Parch_Value"
"A1,ASN,0.9500000000000001"
"A2,LEU,0.4033333333333333"
"A3,CYS,0.09333333333333334"
"A4,ALA,0.17333333333333334"
"A5,SER,0.16666666666666666"
"A6,LEU,0.18000000000000002"
"A7,ARG,0.93"
"A8,ALA,0.03666666666666667"
"A9,ARG,0.6733333333333333"
"A10,HIS,0.2866666666666667"
"A11,THR,0.01"
"A12,ILE,0.14"
"A13,PRO,0.06333333333333334"
"A14,GLN,0.2833333333333333"
"A15,CYS,0.006666666666666667"
"A16,ARG,0.5633333333333334"
"A17,LYS,1.2"
"A18,PHE,0.3666666666666667"
"A19,GLY,0.09333333333333334"
"A20,ARG,2.3533333333333335"
"A21,ARG,3.033333333333333"
