"ChainID,Resname,Parch_Value"
"A1,MET,0.6633333333333332"
"A2,ALA,0.23"
"A3,HIS,0.3499999999999999"
"A4,HIS,0.7166666666666668"
"A5,HIS,0.3833333333333333"
"A6,HIS,0.3233333333333333"
"A7,HIS,0.3333333333333333"
"A8,HIS,0.5466666666666667"
"A9,SER,0.21999999999999997"
"A10,SER,0.34333333333333327"
"A11,GLY,0.03666666666666667"
"A12,LEU,0.3666666666666667"
"A13,GLU,1.11"
"A14,VAL,0.18333333333333335"
"A15,LEU,0.21"
"A16,PHE,0.39333333333333337"
"A17,GLN,0.37666666666666665"
"A18,GLY,0.06666666666666667"
"A19,PRO,0.4466666666666667"
"A20,GLU,1.58"
"A21,GLY,0.21"
"A22,ARG,1.7966666666666669"
"A23,GLU,1.9166666666666667"
"A24,CYS,0.10333333333333333"
"A25,VAL,0.32"
"A26,ASN,0.14333333333333334"
"A27,CYS,0.04"
"A28,GLY,0.06"
"A29,ALA,0.06666666666666667"
"A30,THR,0.3133333333333333"
"A31,ALA,0.22666666666666666"
"A32,THR,0.21666666666666667"
"A33,PRO,0.16"
"A34,LEU,0.29666666666666663"
"A35,TRP,0.24666666666666667"
"A36,ARG,1.0466666666666666"
"A37,ARG,0.6633333333333332"
"A38,ASP,0.7166666666666667"
"A39,GLY,0.13333333333333333"
"A40,THR,0.15"
"A41,GLY,0.08"
"A42,HIS,0.6633333333333332"
"A43,TYR,0.7799999999999999"
"A44,LEU,0.15333333333333335"
"A45,CYS,0.03333333333333333"
"A46,ASN,0.64"
"A47,ALA,0.26999999999999996"
"A48,CYS,0.02666666666666667"
"A49,GLY,0.0"
"A50,LEU,0.38000000000000006"
"A51,TYR,0.11"
"A52,HIS,0.04"
"A53,LYS,0.5033333333333333"
"A54,MET,0.05000000000000001"
"A55,ASN,0.06"
"A56,GLY,0.1366666666666667"
"A57,GLN,0.23666666666666666"
"A58,ASN,0.2333333333333333"
"A59,ARG,0.9733333333333333"
"A60,PRO,0.08333333333333333"
"A61,LEU,0.19666666666666668"
"A62,ILE,0.07666666666666667"
"A63,LYS,2.4066666666666663"
