"ChainID,Resname,Parch_Value"
"A11,LYS,4.053333333333334"
"A12,LYS,2.186666666666667"
"A13,LYS,1.4233333333333331"
"A14,LEU,0.39666666666666667"
"A15,GLY,0.11666666666666665"
"A16,PHE,0.12333333333333334"
"A17,PHE,0.12666666666666668"
"A18,LEU,0.19999999999999998"
"A19,VAL,0.12"
"A20,THR,0.013333333333333334"
"A21,PHE,0.06666666666666667"
"A22,GLY,0.04"
"A23,PHE,0.08"
"A24,ILE,0.01"
"A25,TRP,0.08"
"A26,GLY,0.01"
"A27,MET,0.016666666666666666"
"A28,MET,0.01"
"A29,LEU,0.02666666666666667"
"A30,LEU,0.043333333333333335"
"A31,HIS,0.08"
"A32,PHE,0.02666666666666667"
"A33,THR,0.043333333333333335"
"A34,ILE,0.12666666666666668"
"A35,GLN,0.31666666666666665"
"A36,GLN,0.13"
"A37,ARG,0.4566666666666666"
"A38,LYS,1.3433333333333335"
"A39,LYS,1.8699999999999999"
