"ChainID,Resname,Parch_Value"
"A1,GLY,1.5233333333333334"
"A2,ASP,0.27666666666666667"
"A3,CYS,1.29"
"A4,LYS,0.12666666666666668"
"A5,PRO,0.18333333333333335"
"A6,CYS,0.09333333333333334"
"A7,MET,1.4366666666666668"
"A8,HIS,0.03333333333333333"
"A9,PRO,0.52"
"A10,ASP,0.08"
"A11,CYS,0.37333333333333335"
"A12,ARG,0.03"
"A13,PHE,0.3166666666666667"
"A14,ASN,0.17333333333333334"
"A15,PRO,0.18333333333333335"
"A16,GLY,0.11333333333333333"
"A17,ARG,0.19333333333333333"
"A18,CYS,0.6066666666666666"
"A19,ARG,0.023333333333333334"
