"ChainID,Resname,Parch_Value"
"A25,GLY,0.8333333333333334"
"A26,LYS,2.4133333333333336"
"A27,SER,0.40666666666666673"
"A28,SER,0.23666666666666666"
"A29,PRO,0.41333333333333333"
"A30,TYR,0.38999999999999996"
"A31,GLN,0.25"
"A32,LYS,1.9533333333333331"
"A33,LYS,1.0033333333333332"
"A34,THR,0.08333333333333333"
"A35,GLU,1.04"
"A36,ASN,0.19000000000000003"
"A37,PRO,0.33"
"A38,CYS,0.06333333333333334"
"A39,ALA,0.05333333333333334"
"A40,GLN,0.19333333333333336"
"A41,ARG,0.7799999999999999"
"A42,CYS,0.04666666666666667"
"A43,LEU,0.11"
"A44,GLN,0.35333333333333333"
"A45,SER,0.24333333333333332"
"A46,CYS,0.0"
"A47,GLN,0.45333333333333337"
"A48,GLN,0.39999999999999997"
"A49,GLU,0.6633333333333334"
"A50,PRO,0.3833333333333333"
"A51,ASP,0.4066666666666667"
"A52,ASP,0.6999999999999998"
"A53,LEU,0.16666666666666666"
"A54,LYS,1.0166666666666668"
"A55,GLN,0.09999999999999999"
"A56,LYS,0.8033333333333332"
"A57,ALA,0.06666666666666667"
"A58,CYS,0.09666666666666668"
"A59,GLU,0.23666666666666666"
"A60,SER,0.05333333333333334"
"A61,ARG,0.9633333333333334"
"A62,CYS,0.006666666666666667"
"A63,THR,0.21666666666666667"
"A64,LYS,0.8066666666666666"
"A65,LEU,0.22666666666666668"
"A66,GLU,0.4000000000000001"
"A67,TYR,0.13999999999999999"
"A68,ASP,0.06666666666666667"
"A69,PRO,0.12333333333333334"
"A70,ARG,1.15"
"A71,CYS,0.04"
"A72,VAL,0.15"
"A73,TYR,0.3333333333333333"
"A74,ASP,0.5499999999999999"
"A75,PRO,0.47000000000000003"
"A76,ARG,1.8566666666666667"
"A77,GLY,0.18000000000000002"
"A78,HIS,0.6133333333333333"
"A79,THR,0.13666666666666666"
"A80,GLY,0.013333333333333334"
"A81,THR,0.4000000000000001"
"A82,THR,0.6533333333333334"
"A83,ASN,0.7833333333333333"
