"ChainID,Resname,Parch_Value"
"A1,LYS,2.8066666666666666"
"A2,GLU,0.7933333333333333"
"A3,GLY,0.0"
"A4,TYR,0.21666666666666667"
"A5,LEU,0.07333333333333333"
"A6,VAL,0.12"
"A7,ASP,0.28"
"A8,TYR,1.0633333333333332"
"A9,HIS,0.6499999999999999"
"A10,THR,0.12666666666666668"
"A11,GLY,0.043333333333333335"
"A12,CYS,0.08333333333333333"
"A13,LYS,0.86"
"A14,TYR,0.11333333333333333"
"A15,THR,0.25"
"A16,CYS,0.15666666666666668"
"A17,ALA,0.4033333333333333"
"A18,LYS,1.5"
"A19,LEU,0.5499999999999999"
"A20,GLY,0.27"
"A21,ASP,1.3099999999999998"
"A22,ASN,0.45"
"A23,ASP,0.63"
"A24,TYR,0.8400000000000002"
"A25,CYS,0.01"
"A26,VAL,0.05000000000000001"
"A27,ARG,0.8766666666666666"
"A28,GLU,0.16333333333333333"
"A29,CYS,0.0"
"A30,ARG,0.4266666666666667"
"A31,LEU,0.17333333333333334"
"A32,ARG,0.68"
"A33,TYR,0.19333333333333333"
"A34,TYR,0.13333333333333333"
"A35,GLN,0.20333333333333334"
"A36,SER,0.08"
"A37,ALA,0.0"
"A38,HIS,0.1366666666666667"
"A39,GLY,0.0"
"A40,TYR,0.3266666666666667"
"A41,CYS,0.15333333333333332"
"A42,TYR,0.15333333333333332"
"A43,ALA,0.11"
"A44,PHE,0.5466666666666667"
"A45,ALA,0.01"
"A46,CYS,0.0"
"A47,TRP,0.18333333333333335"
"A48,CYS,0.006666666666666667"
"A49,THR,0.08333333333333333"
"A50,HIS,0.32"
"A51,LEU,0.11666666666666665"
"A52,TYR,0.24333333333333332"
"A53,GLU,2.02"
"A54,GLN,0.18000000000000002"
"A55,ALA,0.10999999999999999"
"A56,VAL,0.09999999999999999"
"A57,VAL,0.12"
"A58,TRP,0.23666666666666666"
"A59,PRO,0.20333333333333337"
"A60,LEU,0.30000000000000004"
"A61,PRO,0.3499999999999999"
"A62,ASN,0.44333333333333336"
"A63,LYS,0.5366666666666666"
"A64,ARG,0.8466666666666667"
"A65,CYS,0.14333333333333334"
"A66,LYS,1.6800000000000004"
