"ChainID,Resname,Parch_Value"
"A1,THR,0.33"
"A2,MET,0.12000000000000001"
"A3,CYS,0.0"
"A4,TYR,0.14666666666666664"
"A5,SER,0.14666666666666667"
"A6,HIS,0.38999999999999996"
"A7,THR,0.14666666666666664"
"A8,THR,0.30666666666666664"
"A9,THR,0.36000000000000004"
"A10,SER,0.13999999999999999"
"A11,ARG,1.3366666666666667"
"A12,ALA,0.2866666666666667"
"A13,ILE,0.16333333333333333"
"A14,LEU,0.06666666666666667"
"A15,THR,0.09333333333333334"
"A16,ASN,0.12333333333333334"
"A17,CYS,0.03333333333333333"
"A18,GLY,0.11"
"A19,GLU,2.0433333333333334"
"A20,ASN,0.4266666666666667"
"A21,SER,0.05666666666666667"
"A22,CYS,0.0"
"A23,TYR,0.09333333333333334"
"A24,ARG,0.30666666666666664"
"A25,LYS,0.6133333333333334"
"A26,SER,0.049999999999999996"
"A27,ARG,0.25666666666666665"
"A28,ARG,0.9266666666666667"
"A29,HIS,0.3"
"A30,PRO,0.05333333333333334"
"A31,PRO,0.04"
"A32,LYS,0.65"
"A33,MET,0.06"
"A34,VAL,0.07333333333333335"
"A35,LEU,0.08666666666666667"
"A36,GLY,0.03333333333333333"
"A37,ARG,0.34333333333333327"
"A38,GLY,0.023333333333333334"
"A39,CYS,0.17333333333333334"
"A40,GLY,0.02666666666666667"
"A41,CYS,0.12333333333333334"
"A42,PRO,0.11666666666666665"
"A43,PRO,0.3666666666666667"
"A44,GLY,0.16"
"A45,ASP,0.39999999999999997"
"A46,ASP,1.4333333333333333"
"A47,TYR,0.45"
"A48,LEU,0.11666666666666665"
"A49,GLU,0.07"
"A50,VAL,0.02"
"A51,LYS,1.04"
"A52,CYS,0.13333333333333333"
"A53,CYS,0.07666666666666667"
"A54,THR,0.21333333333333335"
"A55,SER,0.15"
"A56,PRO,0.17333333333333334"
"A57,ASP,0.24666666666666667"
"A58,LYS,0.9133333333333334"
"A59,CYS,0.09000000000000001"
"A60,ASN,0.01"
"A61,TYR,0.63"
