"ChainID,Resname,Parch_Value"
"A580,MET,1.28"
"A581,SER,0.5866666666666667"
"A582,VAL,0.22999999999999998"
"A583,SER,0.27666666666666667"
"A584,GLU,0.8099999999999999"
"A585,CYS,0.18000000000000002"
"A586,HIS,0.2966666666666667"
"A587,ARG,0.9700000000000001"
"A588,THR,0.06999999999999999"
"A589,ALA,0.01"
"A590,LEU,0.01"
"A591,VAL,0.05333333333333334"
"A592,SER,0.013333333333333334"
"A593,GLY,0.0"
"A594,MET,0.05666666666666667"
"A595,CYS,0.006666666666666667"
"A596,CYS,0.01"
"A597,ALA,0.02"
"A598,LEU,0.05333333333333334"
"A599,PHE,0.06333333333333334"
"A600,LEU,0.03"
"A601,LEU,0.023333333333333334"
"A602,ILE,0.05333333333333334"
"A603,LEU,0.013333333333333334"
"A604,LEU,0.02"
"A605,THR,0.03333333333333333"
"A606,GLY,0.006666666666666667"
"A607,VAL,0.01"
"A608,LEU,0.030000000000000002"
"A609,CYS,0.02"
"A610,HIS,0.09999999999999999"
"A611,ARG,0.45999999999999996"
"A612,PHE,0.1366666666666667"
"A613,HIS,0.11"
"A614,GLY,0.02666666666666667"
"A615,LEU,0.08"
"A616,TRP,0.26"
"A617,TYR,0.09999999999999999"
"A618,MET,0.12666666666666668"
"A619,LYS,0.6233333333333334"
"A620,MET,0.04"
"A621,MET,0.07666666666666666"
"A622,TRP,0.29"
"A623,ALA,0.013333333333333334"
"A624,TRP,0.20000000000000004"
"A625,LEU,0.10666666666666667"
"A626,GLN,0.31666666666666665"
"A627,ALA,0.10333333333333333"
"A628,LYS,0.81"
"A629,ARG,1.7866666666666668"
