"ChainID,Resname,Parch_Value"
"A1,MET,1.3466666666666667"
"A2,CYS,0.39666666666666667"
"A3,CYS,0.22999999999999998"
"A4,GLY,0.08"
"A5,GLU,1.8566666666666667"
"A6,GLY,0.24"
"A7,SER,0.4266666666666666"
"A8,SER,0.31666666666666665"
"A9,CYS,0.10666666666666667"
"A10,PRO,0.19333333333333333"
"A11,LYS,0.9666666666666667"
"A12,TYR,0.3066666666666667"
"A13,PHE,0.23666666666666666"
"A14,ARG,0.9733333333333333"
"A15,ASN,0.29000000000000004"
"A16,SER,0.16"
"A17,GLN,0.17666666666666667"
"A18,ILE,0.26666666666666666"
"A19,CYS,0.25333333333333335"
"A20,HIS,0.5733333333333334"
"A21,CYS,0.15333333333333332"
"A22,CYS,0.84"
