"ChainID,Resname,Parch_Value"
"A1,PRO,0.54"
"A2,MET,0.28333333333333327"
"A3,ALA,0.02"
"A4,ARG,0.7833333333333333"
"A5,ASN,0.19666666666666668"
"A6,LYS,1.5066666666666668"
"A7,ILE,0.05666666666666667"
"A8,LEU,0.12"
"A9,GLY,0.08333333333333333"
"A10,LYS,0.7833333333333333"
"A11,ILE,0.02"
"A12,LEU,0.02"
"A13,ARG,1.3033333333333332"
"A14,LYS,1.0866666666666667"
"A15,ILE,0.09000000000000001"
"A16,ALA,0.013333333333333334"
"A17,ALA,0.40666666666666673"
"A18,PHE,0.7366666666666667"
"A19,LYS,1.7299999999999998"
