"ChainID,Resname,Parch_Value"
"A1,LYS,4.233333333333333"
"A2,PHE,0.4966666666666666"
"A3,LYS,1.5733333333333333"
"A4,LYS,1.6233333333333333"
"A5,VAL,0.16666666666666666"
"A6,ILE,0.41333333333333333"
"A7,TRP,0.7399999999999999"
"A8,LYS,1.0366666666666666"
"A9,SER,0.36000000000000004"
"A10,PHE,0.5366666666666666"
"A11,LEU,1.4933333333333334"
