"ChainID,Resname,Parch_Value"
"A1,MET,0.75"
"A2,ASN,0.4366666666666667"
"A3,LYS,0.6933333333333334"
"A4,GLU,0.8566666666666666"
"A5,HIS,0.22"
"A6,ILE,0.013333333333333334"
"A7,LEU,0.09333333333333334"
"A8,ALA,0.05666666666666667"
"A9,GLN,0.1366666666666667"
"A10,LYS,0.91"
"A11,GLU,0.42333333333333334"
"A12,VAL,0.10666666666666665"
"A13,LEU,0.23666666666666666"
"A14,THR,0.11666666666666665"
"A15,PRO,0.26333333333333336"
"A16,ILE,0.09666666666666668"
"A17,GLU,0.25666666666666665"
"A18,TYR,0.16333333333333333"
"A19,GLU,1.6966666666666665"
"A20,HIS,0.1366666666666667"
"A21,TYR,0.04666666666666667"
"A22,VAL,0.016666666666666666"
"A23,LYS,0.5566666666666668"
"A24,HIS,0.1466666666666667"
"A25,LEU,0.0"
"A26,PHE,0.4266666666666667"
"A27,ASP,0.3433333333333333"
"A28,ILE,0.09000000000000001"
"A29,GLY,0.25333333333333335"
"A30,GLU,0.93"
"A31,ILE,0.043333333333333335"
"A32,THR,0.37666666666666665"
"A33,LYS,0.9033333333333333"
"A34,GLU,0.89"
"A35,LEU,0.26"
"A36,TYR,0.28333333333333327"
"A37,ILE,0.09000000000000001"
"A38,GLU,0.5833333333333334"
"A39,LEU,0.16333333333333333"
"A40,SER,0.05666666666666667"
"A41,SER,0.4566666666666666"
"A42,ASP,1.49"
"A43,LEU,1.57"
