"ChainID,Resname,Parch_Value"
"A1,GLY,0.7933333333333333"
"A2,ILE,0.07666666666666667"
"A3,VAL,0.01"
"A4,GLU,1.11"
"A5,GLN,0.13333333333333333"
"A6,CYS,0.0"
"A7,CYS,0.016666666666666666"
"A8,THR,0.08333333333333333"
"A9,SER,0.056666666666666664"
"A10,ILE,0.09333333333333332"
"A11,CYS,0.0"
"A12,SER,0.12333333333333334"
"A13,LEU,0.33666666666666667"
"A14,TYR,0.65"
"A15,GLN,0.08999999999999998"
"A16,LEU,0.0"
"A17,GLU,0.9"
"A18,ASN,0.38000000000000006"
"A19,TYR,0.22666666666666666"
"A20,CYS,0.19000000000000003"
"A21,ASN,1.4400000000000002"
"B1,PHE,0.8099999999999999"
"B2,VAL,0.08"
"B3,ASN,0.15"
"B4,GLN,0.05666666666666667"
"B5,HIS,0.08"
"B6,LEU,0.03333333333333333"
"B7,CYS,0.11333333333333333"
"B8,GLY,0.030000000000000002"
"B9,SER,0.24"
"B10,HIS,0.49333333333333335"
"B11,LEU,0.03333333333333333"
"B12,VAL,0.10666666666666665"
"B13,GLU,0.9766666666666666"
"B14,ALA,0.01"
"B15,LEU,0.0"
"B16,TYR,0.16333333333333333"
"B17,LEU,0.25333333333333335"
"B18,VAL,0.2233333333333333"
"B19,CYS,0.01"
"B20,GLY,0.07333333333333333"
"B21,GLU,1.7066666666666668"
"B22,ARG,1.1966666666666665"
"B23,GLY,0.030000000000000002"
"B24,PHE,0.07"
"B25,PHE,0.20666666666666667"
"B26,TYR,0.6633333333333332"
"B27,THR,0.24333333333333332"
"B28,PRO,0.14"
"B29,LYS,2.1999999999999997"
"B30,THR,1.3399999999999999"
