"ChainID,Resname,Parch_Value"
"A1,SER,1.7"
"A2,ASN,0.18000000000000002"
"A3,ALA,0.22"
"A4,MET,0.5599999999999999"
"A5,GLU,0.8099999999999999"
"A6,LEU,0.53"
"A7,ASP,1.47"
"A8,LEU,0.19333333333333333"
"A9,GLN,0.42333333333333334"
"A10,PRO,0.2733333333333333"
"A11,GLY,0.07666666666666667"
"A12,ASP,0.26666666666666666"
"A13,VAL,0.22666666666666668"
"A14,VAL,0.0"
"A15,LYS,0.4566666666666666"
"A16,VAL,0.0033333333333333335"
"A17,LEU,0.08666666666666667"
"A18,GLU,0.88"
"A19,SER,0.10666666666666667"
"A20,ALA,0.03333333333333333"
"A21,ALA,0.006666666666666667"
"A22,LEU,0.32666666666666666"
"A23,GLY,0.11666666666666665"
"A24,TRP,0.17"
"A25,VAL,0.2866666666666667"
"A26,ARG,1.1833333333333333"
"A27,ALA,0.016666666666666666"
"A28,ARG,0.4166666666666667"
"A29,VAL,0.0"
"A30,ILE,0.12333333333333334"
"A31,ARG,0.86"
"A32,VAL,0.2866666666666667"
"A33,LYS,1.3166666666666667"
"A34,SER,0.35333333333333333"
"A35,GLY,0.17666666666666667"
"A36,GLY,0.10999999999999999"
"A37,ARG,0.93"
"A38,VAL,0.0"
"A39,VAL,0.0033333333333333335"
"A40,VAL,0.0"
"A41,GLN,0.07333333333333335"
"A42,SER,0.14666666666666667"
"A43,ASP,0.5066666666666667"
"A44,GLN,0.15666666666666665"
"A45,GLY,0.013333333333333334"
"A46,ARG,1.26"
"A47,GLU,0.4366666666666666"
"A48,PHE,0.27666666666666667"
"A49,THR,0.30666666666666664"
"A50,ALA,0.02666666666666667"
"A51,ARG,1.5166666666666666"
"A52,GLY,0.016666666666666666"
"A53,ASN,0.31"
"A54,GLN,0.17333333333333334"
"A55,VAL,0.0"
"A56,ARG,0.8066666666666666"
"A57,LEU,0.5599999999999999"
"A58,ILE,0.25333333333333335"
"A59,GLU,2.453333333333333"
