"ChainID,Resname,Parch_Value"
"A1874,GLY,0.9666666666666667"
"A1875,GLU,1.5966666666666667"
"A1876,ALA,0.3233333333333333"
"A1877,VAL,0.10999999999999999"
"A1878,THR,0.12666666666666668"
"A1879,GLU,0.66"
"A1880,GLN,0.51"
"A1881,LEU,0.27"
"A1882,SER,0.023333333333333334"
"A1883,ARG,1.11"
"A1884,LEU,0.14333333333333334"
"A1885,VAL,0.06666666666666667"
"A1886,ALA,0.07333333333333333"
"A1887,GLY,0.25666666666666665"
"A1888,PHE,0.2333333333333333"
"A1889,VAL,0.08333333333333333"
"A1890,PRO,0.25"
"A1891,ASP,0.7799999999999999"
"A1892,ALA,0.21999999999999997"
"A1893,ALA,0.19333333333333336"
"A1894,GLY,0.15"
"A1895,SER,0.4433333333333333"
"A1896,VAL,0.09333333333333334"
"A1897,ASP,1.0566666666666669"
"A1898,PRO,0.6066666666666667"
"A1899,ASP,0.9833333333333334"
"A1900,ARG,1.2966666666666666"
"A1901,THR,0.03666666666666667"
"A1902,LEU,0.09999999999999999"
"A1903,LEU,0.16"
"A1904,GLU,0.58"
"A1905,HIS,0.05666666666666667"
"A1906,GLY,0.023333333333333334"
"A1907,ILE,0.11666666666666665"
"A1908,ASP,0.6166666666666667"
"A1909,SER,0.20666666666666667"
"A1910,ILE,0.24"
"A1911,ASN,0.08666666666666667"
"A1912,LEU,0.013333333333333334"
"A1913,MET,0.24"
"A1914,ASN,0.12666666666666668"
"A1915,LEU,0.1366666666666667"
"A1916,ARG,0.38999999999999996"
"A1917,PHE,0.62"
"A1918,GLU,0.68"
"A1919,ILE,0.11333333333333334"
"A1920,THR,0.08333333333333333"
"A1921,GLU,1.2333333333333334"
"A1922,ARG,0.8233333333333334"
"A1923,PHE,0.17666666666666667"
"A1924,GLY,0.07333333333333333"
"A1925,ARG,0.7066666666666667"
"A1926,THR,0.13999999999999999"
"A1927,LEU,0.03333333333333333"
"A1928,PRO,0.15666666666666665"
"A1929,LEU,0.05666666666666667"
"A1930,GLN,0.5133333333333333"
"A1931,LEU,0.03"
"A1932,LEU,0.02"
"A1933,SER,0.006666666666666667"
"A1934,GLU,0.4566666666666667"
"A1935,SER,0.0033333333333333335"
"A1936,THR,0.07333333333333335"
"A1937,VAL,0.03"
"A1938,PRO,0.12"
"A1939,VAL,0.06666666666666667"
"A1940,LEU,0.19999999999999998"
"A1941,ALA,0.02"
"A1942,ALA,0.06333333333333334"
"A1943,HIS,0.08"
"A1944,LEU,0.13333333333333333"
"A1945,SER,0.18000000000000002"
"A1946,ALA,0.3766666666666667"
"A1947,ASP,1.9533333333333331"
"A1948,ARG,1.6566666666666665"
"A1949,ALA,0.3666666666666667"
"A1950,HIS,2.73"
