"ChainID,Resname,Parch_Value"
"A1,GLU,1.0733333333333333"
"A2,ALA,0.16333333333333333"
"A3,SER,0.21666666666666667"
"A4,VAL,0.22"
"A5,ARG,1.1266666666666667"
"A6,TYR,0.26333333333333336"
"A7,ILE,0.12333333333333334"
"A8,THR,0.16666666666666666"
"A9,TYR,0.13666666666666666"
"A10,PRO,0.05333333333333334"
"A11,ALA,0.24"
"A12,ILE,0.18333333333333335"
"A13,ASP,0.6566666666666666"
"A14,ARG,2.0799999999999996"
"A15,GLY,0.21666666666666665"
"A16,ASP,1.1833333333333333"
"A17,HIS,0.86"
"A18,ALA,0.6166666666666667"
"A19,VAL,0.5266666666666667"
"A20,HIS,1.41"
"A21,CYS,0.24666666666666667"
"A22,ASP,0.7033333333333335"
"A23,LYS,1.2366666666666666"
"A24,ALA,0.12"
"A25,HIS,0.6433333333333333"
"A26,PRO,0.10999999999999999"
"A27,ASN,0.20333333333333334"
"A28,THR,0.20666666666666667"
"A29,CYS,0.20666666666666667"
"A30,LYS,1.04"
"A31,LYS,1.0333333333333334"
"A32,LYS,0.84"
"A33,GLN,0.77"
"A34,ALA,0.38999999999999996"
"A35,ASN,0.35666666666666663"
"A36,PRO,0.3033333333333333"
"A37,TYR,0.7966666666666665"
"A38,ARG,2.01"
"A39,ARG,1.75"
"A40,GLY,0.12666666666666668"
"A41,CYS,0.07666666666666666"
"A42,GLY,0.09333333333333334"
"A43,VAL,0.23666666666666666"
"A44,LEU,0.7166666666666668"
"A45,GLU,1.79"
"A46,GLY,0.18333333333333335"
"A47,CYS,0.26666666666666666"
"A48,HIS,0.8333333333333334"
"A49,ARG,0.9566666666666667"
"A50,GLU,1.8533333333333335"
"A51,THR,0.3266666666666667"
"A52,GLY,0.05666666666666667"
"A53,PRO,0.18666666666666668"
"A54,LYS,1.2866666666666668"
"A55,PRO,0.8133333333333334"
"A56,THR,0.63"
