"ChainID,Resname,Parch_Value"
"A1,VAL,0.73"
"A2,ALA,0.15333333333333335"
"A3,ARG,1.0599999999999998"
"A4,GLY,0.04"
"A5,TRP,0.3633333333333333"
"A6,GLY,0.11"
"A7,ARG,1.7166666666666668"
"A8,LYS,0.7033333333333333"
"A9,CYS,0.030000000000000002"
"A10,PRO,0.036666666666666674"
"A11,LEU,0.04"
"A12,PHE,0.16"
"A13,GLY,0.17"
"A14,LYS,2.963333333333333"
"A15,ASN,0.6133333333333333"
"A16,LYS,0.9666666666666668"
"A17,SER,0.5333333333333333"
"A18,ARG,2.1566666666666667"
