"ChainID,Resname,Parch_Value"
"A1,ALA,0.8666666666666667"
"A2,LYS,1.4133333333333333"
"A3,HIS,1.0333333333333334"
"A4,CYS,0.27666666666666667"
"A5,GLY,0.12"
"A6,LYS,1.3133333333333332"
"A7,HIS,0.8333333333333334"
"A8,SER,0.2733333333333334"
"A9,LYS,1.0933333333333335"
"A10,SER,0.35333333333333333"
"A11,TRP,1.14"
"A12,ASN,0.86"
"A13,GLY,0.12666666666666668"
"A14,LYS,1.2266666666666666"
"A15,CYS,0.2066666666666667"
"A16,PHE,0.54"
"A17,HIS,0.4466666666666666"
"A18,LYS,1.17"
"A19,LYS,1.0633333333333332"
"A20,CYS,0.0"
"A21,ASN,0.15666666666666665"
"A22,HIS,0.6733333333333333"
"A23,TRP,0.4666666666666666"
"A24,CYS,0.0"
"A25,MET,0.36999999999999994"
"A26,GLU,2.1666666666666665"
"A27,LYS,1.2366666666666666"
"A28,GLU,0.6466666666666667"
"A29,ASP,0.8999999999999999"
"A30,ALA,0.013333333333333334"
"A31,LYS,0.8833333333333333"
"A32,TYR,0.13333333333333333"
"A33,GLY,0.016666666666666666"
"A34,SER,0.06666666666666667"
"A35,CYS,0.02"
"A36,SER,0.05333333333333334"
"A37,HIS,0.5266666666666667"
"A38,GLY,0.2233333333333333"
"A39,ASP,0.39666666666666667"
"A40,CYS,0.043333333333333335"
"A41,TYR,0.36000000000000004"
"A42,CYS,0.01"
"A43,TYR,0.10666666666666667"
"A44,TYR,0.5266666666666667"
"A45,HIS,0.8099999999999999"
"A46,CYS,1.24"
