"ChainID,Resname,Parch_Value"
"A1,LEU,1.42"
"A2,LYS,1.3866666666666667"
"A3,LYS,1.2166666666666668"
"A4,LEU,0.09333333333333334"
"A5,TRP,0.20666666666666664"
"A6,ARG,0.6333333333333333"
"A7,PHE,0.26999999999999996"
"A8,LEU,0.036666666666666674"
"A9,LYS,1.53"
"A10,LYS,2.873333333333333"
"A11,LEU,1.3133333333333335"
