"ChainID,Resname,Parch_Value"
"A2,LYS,1.6466666666666665"
"A3,GLU,0.6033333333333334"
"A4,THR,0.3233333333333333"
"A5,GLU,0.19666666666666666"
"A6,ILE,0.17"
"A7,CYS,0.0"
"A8,ARG,0.8466666666666667"
"A9,GLN,0.07666666666666667"
"A10,TRP,0.14"
"A11,CYS,0.01"
"A12,GLN,0.34"
"A13,VAL,0.09666666666666668"
"A14,MET,0.12"
"A15,LYS,0.7233333333333333"
"A16,PRO,0.3"
"A17,GLN,0.3"
"A18,GLY,0.17"
"A19,GLY,0.21666666666666667"
"A20,GLU,0.6466666666666666"
"A21,GLU,0.6366666666666667"
"A22,GLN,0.4066666666666667"
"A23,ARG,1.2333333333333334"
"A24,ARG,1.4433333333333334"
"A25,CYS,0.0033333333333333335"
"A26,GLN,0.23666666666666666"
"A27,GLN,0.5499999999999999"
"A28,GLU,0.6266666666666666"
"A29,CYS,0.016666666666666666"
"A30,GLU,0.7633333333333333"
"A31,GLU,1.01"
"A32,ARG,2.4433333333333334"
"A33,LEU,0.7133333333333334"
"A34,ARG,1.4000000000000001"
"A35,ASP,3.4"
