"ChainID,Resname,Parch_Value"
"A1,SER,0.59"
"A2,PRO,0.12666666666666668"
"A3,ARG,1.7366666666666666"
"A4,VAL,0.4033333333333333"
"A5,CYS,0.013333333333333334"
"A6,ILE,0.10333333333333335"
"A7,ARG,0.9533333333333333"
"A8,VAL,0.036666666666666674"
"A9,CYS,0.049999999999999996"
"A10,ARG,0.7466666666666667"
"A11,ASN,0.26"
"A12,GLY,0.030000000000000002"
"A13,VAL,0.04"
"A14,CYS,0.08"
"A15,TYR,0.16666666666666666"
"A16,ARG,0.8133333333333334"
"A17,ARG,0.44333333333333336"
"A18,CYS,0.2733333333333334"
"A19,TRP,0.7200000000000001"
"A20,GLY,0.6233333333333334"
