"ChainID,Resname,Parch_Value"
"A244,THR,1.0"
"A245,ARG,1.95"
"A246,GLY,0.2866666666666667"
"A247,THR,0.25333333333333335"
"A248,THR,0.08666666666666667"
"A249,ASP,0.5133333333333333"
"A250,ASN,0.27"
"A251,LEU,0.030000000000000002"
"A252,ILE,0.04"
"A253,PRO,0.0033333333333333335"
"A254,VAL,0.013333333333333334"
"A255,TYR,0.03333333333333333"
"A256,CYS,0.0"
"A257,SER,0.0033333333333333335"
"A258,ILE,0.02"
"A259,LEU,0.01"
"A260,ALA,0.0"
"A261,ALA,0.0"
"A262,VAL,0.02"
"A263,VAL,0.013333333333333334"
"A264,VAL,0.03"
"A265,GLY,0.0"
"A266,LEU,0.01"
"A267,VAL,0.01"
"A268,ALA,0.01"
"A269,TYR,0.04"
"A270,ILE,0.006666666666666667"
"A271,ALA,0.0"
"A272,PHE,0.24333333333333332"
"A273,LYS,1.11"
"A274,ARG,1.5466666666666669"
"A275,TRP,0.81"
"A276,ASN,0.33"
"A277,SER,1.1233333333333333"
"B244,THR,1.6733333333333336"
"B245,ARG,1.1966666666666665"
"B246,GLY,0.15333333333333332"
"B247,THR,0.38999999999999996"
"B248,THR,0.23666666666666666"
"B249,ASP,0.4033333333333333"
"B250,ASN,0.11666666666666665"
"B251,LEU,0.04666666666666667"
"B252,ILE,0.023333333333333334"
"B253,PRO,0.05666666666666667"
"B254,VAL,0.01"
"B255,TYR,0.049999999999999996"
"B256,CYS,0.0"
"B257,SER,0.013333333333333334"
"B258,ILE,0.02666666666666667"
"B259,LEU,0.0"
"B260,ALA,0.0"
"B261,ALA,0.05666666666666667"
"B262,VAL,0.02"
"B263,VAL,0.02"
"B264,VAL,0.09999999999999999"
"B265,GLY,0.04666666666666667"
"B266,LEU,0.03"
"B267,VAL,0.04"
"B268,ALA,0.02"
"B269,TYR,0.09333333333333334"
"B270,ILE,0.05666666666666667"
"B271,ALA,0.10000000000000002"
"B272,PHE,0.21666666666666667"
"B273,LYS,0.8666666666666667"
"B274,ARG,1.67"
"B275,TRP,0.62"
"B276,ASN,0.5733333333333334"
"B277,SER,2.0"
