"ChainID,Resname,Parch_Value"
"A1,ILE,0.68"
"A2,LEU,0.28"
"A3,PRO,0.15666666666666665"
"A4,TRP,0.5"
"A5,LYS,1.2466666666666668"
"A6,TRP,0.6933333333333334"
"A7,LYS,1.4133333333333333"
"A8,TRP,0.32666666666666666"
"A9,THR,0.56"
"A10,PRO,0.27"
"A11,TRP,1.1733333333333333"
"A12,ARG,1.8866666666666667"
"A13,ARG,3.08"
