"ChainID,Resname,Parch_Value"
"A1,HIS,1.2766666666666666"
"A2,THR,0.5"
"A3,ASP,1.1233333333333333"
"A4,GLY,0.09999999999999999"
"A5,GLN,0.6733333333333333"
"A6,THR,0.9333333333333332"
"A7,ASN,0.09999999999999999"
"A8,THR,0.22"
"A9,VAL,0.08666666666666667"
"A10,THR,0.13"
"A11,ASP,0.7433333333333333"
"A12,GLY,0.27"
"A13,GLY,0.5"
"A14,ASP,1.8733333333333333"
"A15,GLY,0.31666666666666665"
"A16,ARG,1.57"
"A17,TYR,0.48"
"A18,THR,0.5499999999999999"
"A19,ASN,0.35333333333333333"
"A20,LYS,1.1033333333333333"
"A21,ASP,0.9466666666666667"
"A22,SER,0.17666666666666667"
"A23,ASP,0.7799999999999999"
"A24,THR,0.2866666666666667"
"A25,ASP,0.7399999999999999"
"A26,HIS,1.39"
"A27,ARG,2.6799999999999997"
"A28,GLU,2.22"
"A29,ASP,2.1933333333333334"
