"ChainID,Resname,Parch_Value"
"A2,ALA,1.2133333333333336"
"A3,PHE,0.25333333333333335"
"A4,ARG,0.8866666666666666"
"A5,GLN,0.3933333333333333"
"A6,ALA,0.05333333333333334"
"A7,LEU,0.01"
"A8,GLN,0.21"
"A9,LEU,0.12333333333333334"
"A10,ALA,0.02333333333333333"
"A11,ALA,0.01"
"A12,CYS,0.0033333333333333335"
"A13,GLY,0.023333333333333334"
"A14,LEU,0.06666666666666667"
"A15,ALA,0.01"
"A16,GLY,0.016666666666666666"
"A17,LEU,0.043333333333333335"
"A18,SER,0.016666666666666666"
"A19,ALA,0.030000000000000002"
"A20,ALA,0.01"
"A21,VAL,0.02"
"A22,LEU,0.11333333333333333"
"A23,PHE,0.06"
"A24,SER,0.016666666666666666"
"A25,ALA,0.09000000000000001"
"A26,VAL,0.10000000000000002"
"A27,ALA,0.04"
"A28,VAL,0.15333333333333335"
"A29,GLY,0.07333333333333333"
"A30,LYS,1.4466666666666665"
"A31,PRO,0.12666666666666668"
"A32,ARG,2.04"
"A33,ALA,0.2366666666666667"
"A34,GLY,0.42"
"A35,GLY,0.5533333333333333"
"A36,ASP,3.856666666666667"
