"ChainID,Resname,Parch_Value"
"A248,SER,0.91"
"A249,ASN,0.6033333333333334"
"A250,ALA,0.043333333333333335"
"A251,GLN,0.27666666666666667"
"A252,ARG,1.04"
"A253,PHE,0.38999999999999996"
"A254,GLU,0.7066666666666667"
"A255,ALA,0.02666666666666667"
"A256,ARG,1.0066666666666666"
"A257,ILE,0.18666666666666665"
"A258,GLU,0.6033333333333334"
"A259,ASP,1.0733333333333335"
"A260,GLY,0.25666666666666665"
"A261,LYS,0.41333333333333333"
"A262,LEU,0.0033333333333333335"
"A263,TYR,0.11333333333333333"
"A264,TYR,0.013333333333333334"
"A265,ASP,0.6266666666666666"
"A266,LYS,1.0566666666666666"
"A267,ARG,0.7399999999999999"
"A268,TRP,0.5099999999999999"
"A269,TYR,0.07"
"A270,HIS,0.1466666666666667"
"A271,LYS,1.0533333333333335"
"A272,SER,0.10333333333333333"
"A273,GLN,0.08333333333333333"
"A274,ALA,0.06333333333333334"
"A275,ILE,0.08333333333333333"
"A276,TYR,0.19333333333333336"
"A277,LEU,0.0"
"A278,GLU,0.17666666666666667"
"A279,SER,0.14333333333333334"
"A280,LYS,1.22"
"A281,ASP,1.0733333333333333"
"A282,ASN,0.7633333333333333"
"A283,GLN,0.47000000000000003"
"A284,LYS,0.5833333333333334"
"A285,LEU,0.07333333333333335"
"A286,SER,0.25"
"A287,CYS,0.05666666666666667"
"A288,VAL,0.06666666666666667"
"A289,ILE,0.06333333333333334"
"A290,SER,0.2133333333333333"
"A291,SER,0.20333333333333334"
"A292,VAL,0.07666666666666667"
"A293,GLY,0.04"
"A294,ALA,0.19666666666666666"
"A295,ASN,0.33"
"A296,GLU,0.12"
"A297,ILE,0.01"
"A298,TRP,0.26333333333333336"
"A299,VAL,0.07"
"A300,ARG,0.8633333333333333"
"A301,LYS,0.46666666666666673"
"A302,THR,0.21666666666666667"
"A303,SER,0.16333333333333333"
"A304,ASP,0.18666666666666668"
"A305,SER,0.27666666666666667"
"A306,THR,0.10666666666666667"
"A307,LYS,0.7600000000000001"
"A308,MET,0.09333333333333334"
"A309,ARG,0.49666666666666665"
"A310,ILE,0.013333333333333334"
"A311,TYR,0.22"
"A312,VAL,0.02666666666666667"
"A313,GLY,0.01"
"A314,GLN,0.02666666666666667"
"A315,LEU,0.0"
"A316,GLN,0.12333333333333334"
"A317,ARG,0.22666666666666668"
"A318,GLY,0.03333333333333333"
"A319,LEU,0.06333333333333334"
"A320,PHE,0.10999999999999999"
"A321,VAL,0.06333333333333334"
"A322,ILE,0.02666666666666667"
"A323,ARG,0.9066666666666666"
"A324,ARG,1.74"
"A325,ARG,1.8533333333333335"
"A326,SER,1.2633333333333334"
