"ChainID,Resname,Parch_Value"
"A1,SER,0.8566666666666668"
"A2,SER,0.22999999999999998"
"A3,THR,0.12333333333333334"
"A4,PRO,0.25666666666666665"
"A5,ASP,0.5733333333333334"
"A6,GLY,0.01"
"A7,THR,0.16333333333333333"
"A8,TRP,0.23666666666666666"
"A9,VAL,0.03333333333333333"
"A10,LYS,0.6566666666666667"
"A11,CYS,0.036666666666666674"
"A12,ARG,0.35333333333333333"
"A13,HIS,0.14666666666666664"
"A14,ASP,0.38000000000000006"
"A15,CYS,0.013333333333333334"
"A16,PHE,0.04"
"A17,THR,0.043333333333333335"
"A18,LYS,0.5333333333333333"
"A19,TYR,0.3133333333333333"
"A20,LYS,0.3499999999999999"
"A21,SER,0.16333333333333333"
"A22,CYS,0.04666666666666667"
"A23,GLN,0.77"
"A24,MET,0.37999999999999995"
"A25,SER,0.27666666666666667"
"A26,ASP,0.4666666666666666"
"A27,SER,0.31"
"A28,CYS,0.12666666666666668"
"A29,HIS,0.5399999999999999"
"A30,ASP,0.26333333333333336"
"A31,GLU,1.8066666666666666"
"A32,GLN,0.45999999999999996"
"A33,SER,0.16666666666666666"
"A34,CYS,0.07666666666666667"
"A35,HIS,0.32"
"A36,GLN,0.21333333333333335"
"A37,CYS,0.0033333333333333335"
"A38,HIS,0.28"
"A39,VAL,0.04666666666666667"
"A40,LYS,1.33"
"A41,HIS,0.22333333333333336"
"A42,THR,0.13333333333333333"
"A43,ASP,0.8466666666666667"
"A44,CYS,0.04"
"A45,VAL,0.11"
"A46,ASN,0.19333333333333333"
"A47,THR,0.23666666666666666"
"A48,GLY,0.016666666666666666"
"A49,CYS,0.0"
"A50,PRO,0.6933333333333334"
