"ChainID,Resname,Parch_Value"
"A1,PHE,0.7133333333333333"
"A2,PHE,0.16666666666666666"
"A3,SER,0.10999999999999999"
"A4,LEU,0.036666666666666674"
"A5,ILE,0.043333333333333335"
"A6,PRO,0.18999999999999997"
"A7,LYS,1.0866666666666667"
"A8,LEU,0.013333333333333334"
"A9,VAL,0.01"
"A10,GLY,0.06333333333333334"
"A11,GLY,0.04666666666666667"
"A12,LEU,0.043333333333333335"
"A13,ILE,0.04666666666666667"
"A14,LYS,1.5466666666666669"
"A15,ALA,0.12666666666666668"
"A16,PHE,0.66"
"A17,LYS,4.243333333333333"
