"ChainID,Resname,Parch_Value"
"A1,LEU,1.3433333333333335"
"A2,GLY,0.21333333333333335"
"A3,GLN,0.7266666666666667"
"A4,GLN,0.7466666666666667"
"A5,GLN,0.75"
"A6,ALA,0.2866666666666667"
"A7,PHE,0.26333333333333336"
"A8,PRO,0.07"
"A9,PRO,0.12666666666666668"
"A10,GLN,0.39666666666666667"
"A11,GLN,0.4266666666666666"
"A12,PRO,0.6366666666666666"
"A13,TYR,1.9266666666666665"
