"ChainID,Resname,Parch_Value"
"A1,LEU,3.223333333333333"
"A2,GLN,0.7666666666666666"
"A3,SER,0.33"
"A4,ARG,2.58"
"A5,PRO,0.44333333333333336"
"A6,GLU,1.5933333333333335"
"A7,PRO,0.17666666666666667"
"A8,THR,0.24666666666666667"
"A9,ALA,0.24333333333333332"
"A10,PRO,0.17333333333333334"
"A11,PRO,0.12"
"A12,GLU,1.3433333333333335"
"A13,GLU,0.8866666666666667"
"A14,SER,0.07"
"A15,PHE,0.21333333333333335"
"A16,ARG,1.1333333333333333"
"A17,PHE,0.8866666666666667"
"A18,GLY,0.2233333333333333"
"A19,GLU,0.7133333333333334"
"A20,GLU,1.43"
"A21,THR,0.28"
"A22,THR,0.27666666666666667"
"A23,THR,0.21333333333333335"
"A24,PRO,0.06666666666666667"
"A25,SER,0.4033333333333333"
"A26,GLN,0.6366666666666666"
"A27,LYS,1.3866666666666667"
"A28,GLN,0.18333333333333335"
"A29,GLU,1.5333333333333332"
"A30,PRO,0.6066666666666667"
"A31,ILE,0.43333333333333335"
"A32,ASP,1.6966666666666665"
"A33,LYS,1.4066666666666665"
"A34,GLU,1.2866666666666668"
"A35,LEU,0.5599999999999999"
"A36,TYR,0.24"
"A37,PRO,0.14333333333333334"
"A38,LEU,0.10666666666666667"
"A39,ALA,0.006666666666666667"
"A40,SER,0.13"
"A41,LEU,0.056666666666666664"
"A42,ARG,0.8233333333333334"
"A43,SER,0.12"
"A44,LEU,0.08666666666666667"
"A45,PHE,0.10333333333333333"
"A46,GLY,0.09000000000000001"
"A47,SER,0.48333333333333334"
"A48,ASP,1.1366666666666667"
"A49,PRO,0.3"
"A50,SER,0.24666666666666667"
"A51,SER,0.33"
"A52,GLN,1.7299999999999998"
