"ChainID,Resname,Parch_Value"
"A232,ALA,0.2933333333333334"
"A233,HIS,0.21666666666666665"
"A234,PRO,0.08333333333333333"
"A235,PRO,0.06333333333333334"
"A236,ASN,0.07"
"A237,GLU,0.25666666666666665"
"A238,ARG,0.6233333333333333"
"A239,THR,0.06666666666666667"
"A240,HIS,0.26"
"A241,LEU,0.19000000000000003"
"A242,VAL,0.04"
"A243,ILE,0.036666666666666674"
"A244,LEU,0.03333333333333333"
"A245,GLY,0.01"
"A246,ALA,0.013333333333333334"
"A247,ILE,0.04"
"A248,LEU,0.02"
"A249,LEU,0.02"
"A250,ALA,0.01"
"A251,LEU,0.04"
"A252,GLY,0.0"
"A253,VAL,0.016666666666666666"
"A254,ALA,0.01"
"A255,LEU,0.03"
"A256,THR,0.09666666666666666"
"A257,PHE,0.08"
"A258,ILE,0.02"
"A259,PHE,0.4533333333333333"
"A260,ARG,0.7933333333333333"
"A261,LEU,0.13"
"A262,ARG,0.5133333333333333"
"A263,LYS,0.47333333333333333"
"A264,GLY,0.06"
"A265,ARG,1.03"
"A266,LEU,0.3633333333333333"
"A267,LEU,0.30333333333333334"
"A268,ASP,0.9033333333333333"
"A269,VAL,0.12333333333333334"
"A270,LYS,1.2033333333333334"
"A271,LYS,3.03"
"A272,SER,0.32666666666666666"
"A273,GLY,0.20666666666666667"
"A274,ILE,0.16333333333333333"
"A275,GLN,0.8833333333333333"
"A276,ASP,1.3800000000000001"
"A277,THR,0.23333333333333336"
"A278,ASN,0.18333333333333335"
"A279,SER,0.23666666666666666"
"A280,LYS,2.77"
"A281,LYS,1.8466666666666667"
"A282,GLN,1.0333333333333334"
"A283,SER,1.4133333333333333"
"A284,ASP,2.3633333333333333"
"A285,THR,2.1366666666666667"
"A286,HIS,1.4433333333333334"
"A287,LEU,1.3833333333333335"
"A288,GLU,0.8766666666666666"
"A289,GLU,2.4099999999999997"
"A290,THR,1.05"
