"ChainID,Resname,Parch_Value"
"A1,GLY,0.17"
"A2,VAL,0.22999999999999998"
"A3,ASP,0.7200000000000001"
"A4,LYS,1.1900000000000002"
"A5,PRO,0.16333333333333333"
"A6,GLY,0.16666666666666666"
"A7,CYS,0.01"
"A8,ARG,0.96"
"A9,TYR,0.21666666666666667"
"A10,LEU,0.04666666666666667"
"A11,PHE,0.07666666666666667"
"A12,GLY,0.013333333333333334"
"A13,GLY,0.02"
"A14,CYS,0.016666666666666666"
"A15,LYS,1.42"
"A16,SER,0.2933333333333334"
"A17,ASP,0.5333333333333333"
"A18,ASP,0.6"
"A19,ASP,0.04"
"A20,CYS,0.0"
"A21,CYS,0.036666666666666674"
"A22,PRO,0.3666666666666667"
"A23,ARG,1.1333333333333333"
"A24,LEU,0.0"
"A25,GLY,0.03333333333333333"
"A26,CYS,0.13666666666666666"
"A27,LYS,0.8033333333333333"
"A28,GLY,0.23666666666666666"
"A29,LYS,2.3699999999999997"
"A30,GLY,0.3833333333333333"
"A31,HIS,0.44999999999999996"
"A32,ASP,0.5"
"A33,TYR,0.11333333333333333"
"A34,CYS,0.0"
"A35,ALA,0.060000000000000005"
"A36,TRP,0.24333333333333332"
"A37,ASP,1.1066666666666667"
"A38,GLY,0.2233333333333333"
"A39,THR,0.44333333333333336"
"A40,PHE,0.34"
"A41,SER,1.0999999999999999"
"A42,ASP,1.2866666666666668"
