"ChainID,Resname,Parch_Value"
"A1,SER,0.7133333333333334"
"A2,LYS,1.4066666666666665"
"A3,LYS,1.616666666666667"
"A4,SER,0.4033333333333333"
"A5,LYS,1.8933333333333333"
"A6,PRO,0.25333333333333335"
"A7,GLY,0.21999999999999997"
"A8,ASP,0.98"
"A9,GLY,0.056666666666666664"
"A10,ILE,0.19666666666666666"
"A11,ARG,0.85"
"A12,GLY,0.11333333333333333"
"A13,LYS,1.4233333333333336"
"A14,GLY,0.36000000000000004"
"A15,VAL,0.9533333333333331"
"A16,ARG,2.49"
"A17,GLY,1.2466666666666668"
