"ChainID,Resname,Parch_Value"
"A1,GLY,0.8333333333333334"
"A2,SER,0.36000000000000004"
"A3,GLY,0.27"
"A4,TRP,0.5033333333333333"
"A5,GLU,0.6666666666666666"
"A6,SER,0.03666666666666667"
"A7,LYS,1.2"
"A8,THR,0.24666666666666667"
"A9,GLY,0.030000000000000002"
"A10,SER,0.07"
"A11,CYS,0.02666666666666667"
"A12,ASN,0.21333333333333335"
"A13,THR,0.20333333333333334"
"A14,GLY,0.02666666666666667"
"A15,LYS,0.6833333333333335"
"A16,LEU,0.03666666666666667"
"A17,ALA,0.04"
"A18,CYS,0.02666666666666667"
"A19,CYS,0.04666666666666667"
"A20,ASP,0.28"
"A21,THR,0.14666666666666667"
"A22,ASN,0.4333333333333333"
"A23,LYS,0.9466666666666668"
"A24,LYS,0.8766666666666666"
"A25,VAL,0.12666666666666668"
"A26,GLN,0.7166666666666667"
"A27,LYS,1.7266666666666666"
"A28,SER,0.04"
"A29,THR,0.45"
"A30,GLY,0.016666666666666666"
"A31,GLU,1.79"
"A32,GLU,2.376666666666667"
"A33,SER,0.06666666666666667"
"A34,GLY,0.03"
"A35,LEU,0.33"
"A36,LEU,0.6366666666666667"
"A37,HIS,0.5466666666666667"
"A38,THR,0.25999999999999995"
"A39,GLY,0.21666666666666665"
"A40,ASP,1.1199999999999999"
"A41,VAL,0.16333333333333333"
"A42,LEU,0.3666666666666667"
"A43,ASP,1.5633333333333335"
"A44,GLN,0.3566666666666667"
"A45,VAL,0.5233333333333333"
"A46,ALA,0.0"
"A47,ILE,0.04"
"A48,GLN,0.3233333333333333"
"A49,CYS,0.09666666666666668"
"A50,THR,0.4266666666666667"
"A51,GLN,0.47333333333333333"
"A52,ILE,0.060000000000000005"
"A53,PRO,0.06"
"A54,LEU,0.26333333333333336"
"A55,LEU,0.07333333333333335"
"A56,ILE,0.16"
"A57,GLY,0.09000000000000001"
"A58,ILE,0.2066666666666667"
"A59,ALA,0.26"
"A60,ILE,0.056666666666666664"
"A61,GLU,1.9833333333333334"
"A62,ASP,1.5233333333333334"
"A63,GLU,0.48666666666666664"
"A64,CYS,0.09666666666666668"
"A65,LYS,1.5066666666666666"
"A66,ASN,0.3499999999999999"
"A67,THR,0.15"
"A68,PRO,0.016666666666666666"
"A69,THR,0.0"
"A70,CYS,0.02"
"A71,CYS,0.01"
"A72,GLU,1.1833333333333333"
"A73,ASP,0.09333333333333334"
"A74,VAL,0.12333333333333334"
"A75,GLU,0.2866666666666667"
"A76,ASP,1.61"
"A77,ASP,0.9166666666666666"
"A78,GLY,0.006666666666666667"
"A79,LEU,0.36000000000000004"
"A80,VAL,0.03333333333333333"
"A81,GLY,0.01"
"A82,ILE,0.0"
"A83,ASN,0.2966666666666667"
"A84,CYS,0.06333333333333334"
"A85,THR,0.14333333333333334"
"A86,PRO,0.10666666666666667"
"A87,ILE,0.06666666666666667"
"A88,PRO,0.07666666666666667"
"A89,LEU,0.6533333333333334"
"A90,ILE,1.3399999999999999"
