"ChainID,Resname,Parch_Value"
"A1,SER,0.6833333333333332"
"A2,CYS,0.12666666666666668"
"A3,PRO,0.12666666666666668"
"A4,PRO,0.13333333333333333"
"A5,CYS,0.14666666666666664"
"A6,MET,0.21"
"A7,GLU,0.5433333333333333"
"A8,VAL,0.15666666666666665"
"A9,SER,0.15"
"A10,SER,0.21"
"A11,CYS,0.043333333333333335"
"A12,ASP,0.26333333333333336"
"A13,GLU,1.3933333333333333"
"A14,GLU,2.216666666666667"
"A15,THR,0.4466666666666667"
"A16,GLY,0.09333333333333334"
"A17,GLU,0.9"
"A18,CYS,0.11666666666666665"
"A19,GLU,1.29"
"A20,ILE,0.4366666666666667"
"A21,GLY,0.07666666666666667"
"A22,SER,0.42"
"A23,ARG,1.9799999999999998"
"A24,CYS,0.19666666666666668"
"A25,PRO,0.18333333333333332"
"A26,PRO,0.29666666666666663"
"A27,CYS,1.4133333333333333"
