"ChainID,Resname,Parch_Value"
"A1445,GLN,1.11"
"A1446,THR,0.20333333333333334"
"A1447,PRO,0.06333333333333334"
"A1448,GLU,0.73"
"A1449,THR,0.030000000000000002"
"A1450,ALA,0.03666666666666667"
"A1451,PHE,0.02"
"A1452,ILE,0.03333333333333333"
"A1453,ASN,0.26666666666666666"
"A1454,ASN,0.12000000000000001"
"A1455,VAL,0.03333333333333333"
"A1456,THR,0.07333333333333335"
"A1457,SER,0.09000000000000001"
"A1458,ASN,0.21333333333333335"
"A1459,GLY,0.08666666666666667"
"A1460,GLY,0.013333333333333334"
"A1461,TYR,0.38999999999999996"
"A1462,HIS,0.7466666666666667"
"A1463,SER,0.056666666666666664"
"A1464,TRP,0.1433333333333333"
"A1465,HIS,0.41333333333333333"
"A1466,LEU,0.41333333333333333"
"A1467,VAL,0.19999999999999998"
"A1468,SER,0.2733333333333334"
"A1469,GLY,0.2866666666666666"
"A1470,ASP,0.39333333333333337"
"A1471,LEU,0.2933333333333333"
"A1472,ILE,0.21333333333333335"
"A1473,VAL,0.42333333333333334"
"A1474,LYS,2.2033333333333336"
"A1475,ASP,1.2633333333333334"
"A1476,VAL,0.16333333333333333"
"A1477,CYS,0.17666666666666667"
"A1478,TYR,0.20333333333333334"
"A1479,LYS,0.9899999999999999"
"A1480,LYS,0.6366666666666667"
"A1481,LEU,0.023333333333333334"
"A1482,LEU,0.01"
"A1483,HIS,0.10666666666666667"
"A1484,TRP,0.34333333333333327"
"A1485,SER,0.12666666666666668"
"A1486,GLY,0.11666666666666665"
"A1487,GLN,0.2933333333333334"
"A1488,THR,0.036666666666666674"
"A1489,ILE,0.02666666666666667"
"A1490,CYS,0.02"
"A1491,TYR,0.013333333333333334"
"A1492,ALA,0.043333333333333335"
"A1493,ASP,1.51"
"A1494,ASN,0.22333333333333336"
"A1495,LYS,0.5133333333333333"
"A1496,PHE,0.030000000000000002"
"A1497,TYR,0.5066666666666667"
"A1498,VAL,0.13333333333333333"
"A1499,VAL,0.14"
"A1500,LYS,0.4666666666666666"
"A1501,ASN,0.24"
"A1502,ASP,0.47333333333333333"
"A1503,VAL,0.17666666666666667"
"A1504,ALA,0.21666666666666667"
"A1505,LEU,0.3133333333333333"
"A1506,PRO,0.08333333333333333"
"A1507,PHE,0.17"
"A1508,SER,0.21666666666666667"
"A1509,ASP,0.3333333333333333"
"A1510,LEU,0.15666666666666665"
"A1511,GLU,0.5733333333333334"
"A1512,ALA,0.08"
"A1513,CYS,0.0"
"A1514,ARG,0.73"
"A1515,ALA,0.09333333333333334"
"A1516,TYR,0.18666666666666665"
"A1517,LEU,0.006666666666666667"
"A1518,THR,0.33"
"A1519,SER,0.043333333333333335"
"A1520,ARG,0.7799999999999999"
"A1521,ALA,0.17333333333333334"
"A1522,ALA,1.4433333333333334"
