"ChainID,Resname,Parch_Value"
"A2,ASN,1.8833333333333335"
"A3,GLU,0.5933333333333334"
"A4,THR,0.09666666666666668"
"A5,ASP,0.61"
"A6,ALA,0.3433333333333333"
"A7,LEU,0.02333333333333333"
"A8,LYS,0.87"
"A9,ASP,0.6433333333333334"
"A10,ARG,0.48"
"A11,ILE,0.07"
"A12,GLU,1.0133333333333334"
"A13,ASN,0.45999999999999996"
"A14,ILE,0.07333333333333335"
"A15,ARG,0.7033333333333335"
"A16,PRO,0.34"
"A17,ARG,0.6866666666666666"
"A19,THR,0.06333333333333334"
"A20,LEU,0.10666666666666667"
"A21,ALA,0.13333333333333333"
"A22,ALA,0.03666666666666667"
"A23,LYS,0.5533333333333333"
"A24,LEU,0.09999999999999999"
"A25,ARG,0.62"
"A26,GLU,0.7133333333333333"
"A27,LEU,0.44"
"A29,PRO,0.08666666666666667"
"A30,GLU,0.41"
"A31,ILE,0.03666666666666667"
"A32,ASP,0.12"
"A33,ARG,0.5766666666666667"
"A34,GLN,0.41999999999999993"
"A35,VAL,0.2966666666666667"
"A36,ARG,1.06"
"A37,ALA,0.07"
"A38,GLY,0.16333333333333333"
"A39,VAL,0.03333333333333333"
"A40,GLN,0.6566666666666666"
"A41,HIS,1.0166666666666668"
"A42,ASP,0.38000000000000006"
"A43,ASP,0.6266666666666666"
"A44,ILE,0.01"
"A45,VAL,0.03"
"A46,GLU,0.5633333333333334"
"A47,THR,0.2866666666666667"
"A48,LEU,0.0"
"A49,ASN,0.06999999999999999"
"A50,ALA,0.043333333333333335"
"A51,ASN,0.25333333333333335"
"A52,GLY,0.053333333333333344"
"A53,PHE,0.24"
"A54,ASP,1.0733333333333333"
"A55,VAL,0.06999999999999999"
"A56,ASN,0.27666666666666667"
"A57,LEU,0.30000000000000004"
"A58,ASN,0.1366666666666667"
"A59,THR,0.1466666666666667"
"A60,PHE,0.006666666666666667"
"A61,ARG,0.9733333333333333"
"A62,SER,0.17666666666666667"
"A63,TYR,0.30666666666666664"
"A64,LEU,0.10333333333333335"
"A65,TYR,0.34"
"A66,ARG,0.4333333333333333"
"A67,TYR,0.26333333333333336"
"A68,ARG,1.0733333333333335"
"A69,LYS,1.3466666666666667"
"A70,LYS,1.0633333333333332"
"A71,ALA,0.06333333333333334"
"A72,ARG,1.64"
"A73,ALA,0.9899999999999999"
