"ChainID,Resname,Parch_Value"
"A1,GLY,0.9500000000000001"
"A2,LYS,1.5966666666666667"
"A3,THR,0.8066666666666666"
"A4,ASP,0.34333333333333327"
"A5,PRO,0.30666666666666664"
"A6,GLU,1.11"
"A7,LEU,0.05333333333333334"
"A8,LYS,0.45999999999999996"
"A9,GLN,0.3"
"A10,CYS,0.0"
"A11,LYS,0.43333333333333335"
"A12,HIS,0.29"
"A13,GLN,0.43"
"A14,CYS,0.016666666666666666"
"A15,LYS,1.4133333333333333"
"A16,VAL,0.18000000000000002"
"A17,GLN,0.33"
"A18,ARG,1.3733333333333333"
"A19,GLN,0.4466666666666667"
"A20,TYR,0.71"
"A21,ASP,1.03"
"A22,GLU,1.3399999999999999"
"A23,GLU,1.7766666666666666"
"A24,GLN,0.3133333333333333"
"A25,LYS,0.27666666666666667"
"A26,GLU,1.37"
"A27,GLN,0.3333333333333333"
"A28,CYS,0.03"
"A29,ALA,0.0"
"A30,LYS,1.54"
"A31,GLY,0.03333333333333333"
"A32,CYS,0.0"
"A33,GLU,0.23666666666666666"
"A34,LYS,0.7433333333333333"
"A35,TYR,0.5566666666666666"
"A36,TYR,0.49"
"A37,LYS,0.9933333333333333"
"A38,GLU,0.7433333333333333"
"A39,LYS,1.3166666666666667"
"A40,LYS,1.6266666666666667"
"A41,GLY,0.22666666666666668"
"A42,ARG,1.82"
"A43,GLU,1.0266666666666666"
"A44,GLN,0.5033333333333333"
"A45,GLU,1.6766666666666667"
"A46,GLU,2.3033333333333332"
"A47,LEU,0.9933333333333335"
"A48,GLU,3.9233333333333333"
