"ChainID,Resname,Parch_Value"
"A1,PHE,1.0866666666666667"
"A2,ARG,1.1933333333333334"
"A3,ILE,0.07"
"A4,MET,0.09999999999999999"
"A5,ARG,0.9899999999999999"
"A6,ILE,0.10333333333333333"
"A7,LEU,0.14666666666666667"
"A8,ARG,1.6500000000000001"
"A9,VAL,0.17666666666666667"
"A10,LEU,0.24333333333333332"
"A11,LYS,1.1466666666666667"
"A12,LEU,0.7133333333333334"
