"ChainID,Resname,Parch_Value"
"A1,GLU,1.22"
"A2,CYS,0.16333333333333333"
"A3,ARG,0.5066666666666667"
"A4,TRP,0.36000000000000004"
"A5,PHE,0.12333333333333334"
"A6,TRP,0.09000000000000001"
"A7,GLY,0.01"
"A8,GLY,0.04666666666666667"
"A9,CYS,0.043333333333333335"
"A10,ASN,0.2233333333333333"
"A11,ASN,0.47333333333333333"
"A12,ASP,0.7066666666666667"
"A13,ALA,0.33"
"A14,ASP,0.11333333333333333"
"A15,CYS,0.10333333333333333"
"A16,CYS,0.13"
"A17,LYS,1.3633333333333333"
"A18,HIS,0.35333333333333333"
"A19,LEU,0.09333333333333334"
"A20,GLU,1.1466666666666667"
"A21,CYS,0.12666666666666668"
"A22,LYS,0.42333333333333334"
"A23,ARG,3.3033333333333332"
"A24,LYS,1.58"
"A25,TRP,0.3666666666666667"
"A26,PRO,0.043333333333333335"
"A27,HIS,0.3466666666666667"
"A28,ILE,0.0"
"A29,CYS,0.036666666666666674"
"A30,LEU,0.19000000000000003"
"A31,TRP,0.35333333333333333"
"A32,ASP,0.54"
"A33,GLY,0.38999999999999996"
"A34,THR,0.25"
"A35,PHE,0.4133333333333334"
"A36,THR,1.2333333333333334"
