"ChainID,Resname,Parch_Value"
"A1,ILE,1.09"
"A2,LYS,1.0666666666666667"
"A3,LYS,1.2266666666666666"
"A4,ILE,0.09333333333333334"
"A5,LEU,0.08"
"A6,SER,0.05333333333333334"
"A7,LYS,0.9033333333333333"
"A8,ILE,0.03333333333333333"
"A9,LYS,0.5"
"A10,LYS,1.3966666666666667"
"A11,LEU,0.18333333333333335"
"A12,LEU,0.08333333333333333"
"A13,LYS,1.33"
