"ChainID,Resname,Parch_Value"
"A2,PRO,0.98"
"A3,ARG,0.7233333333333333"
"A4,PRO,0.20333333333333334"
"A5,GLY,0.12"
"A6,GLY,0.16333333333333333"
"A7,GLY,0.09000000000000001"
"A8,GLY,0.17666666666666667"
"A9,ASN,0.3766666666666667"
"A10,GLY,0.19666666666666666"
"A11,ASP,1.0233333333333332"
"A12,PHE,0.4666666666666666"
"A13,GLU,1.0066666666666666"
"A14,GLU,0.8233333333333333"
"A15,ILE,0.15666666666666665"
"A16,PRO,0.10666666666666665"
"A17,GLU,1.4033333333333335"
"A18,GLU,1.3733333333333333"
"A19,TYR,0.6066666666666667"
"A20,LEU,1.2066666666666668"
