"ChainID,Resname,Parch_Value"
"A1,ARG,3.8833333333333333"
"A2,CYS,0.10666666666666667"
"A3,LEU,0.22666666666666666"
"A4,HIS,0.25333333333333335"
"A5,ALA,0.19000000000000003"
"A6,GLY,0.08"
"A7,ALA,0.02666666666666667"
"A8,ALA,0.09333333333333334"
"A9,CYS,0.03666666666666667"
"A10,SER,0.3333333333333333"
"A11,GLY,0.06"
"A12,PRO,0.06"
"A13,ILE,0.2966666666666667"
"A14,GLN,0.49333333333333335"
"A15,LYS,0.5966666666666667"
"A16,ILE,0.21666666666666667"
"A17,PRO,0.14333333333333334"
"A18,CYS,0.04666666666666667"
"A19,CYS,0.17333333333333334"
"A20,GLY,0.31666666666666665"
"A21,THR,0.5066666666666667"
"A22,CYS,0.13"
"A23,SER,0.4433333333333333"
"A24,ARG,1.3699999999999999"
"A25,ARG,0.8566666666666666"
"A26,LYS,0.8333333333333334"
"A27,CYS,0.013333333333333334"
"A28,THR,0.37666666666666665"
