"ChainID,Resname,Parch_Value"
"A1,ALA,0.7799999999999999"
"A2,THR,0.31666666666666665"
"A3,PRO,0.09666666666666666"
"A4,GLU,1.5366666666666668"
"A5,GLU,1.14"
"A6,LEU,0.08333333333333333"
"A7,GLN,0.26666666666666666"
"A8,ALA,0.2833333333333333"
"A9,MET,0.04666666666666667"
"A10,ASP,1.29"
"A11,ASN,0.16"
"A12,VAL,0.23666666666666666"
"A13,CYS,0.08"
"A14,ILE,0.77"
"A15,ILE,0.16666666666666666"
"A16,CYS,0.18000000000000002"
"A17,ARG,1.3866666666666667"
"A18,GLU,0.31666666666666665"
"A19,GLU,0.8666666666666667"
"A20,MET,0.01"
"A21,VAL,0.37666666666666665"
"A22,THR,0.25333333333333335"
"A23,GLY,0.2233333333333333"
"A24,ALA,0.05333333333333334"
"A25,LYS,1.2"
"A26,ARG,2.5033333333333334"
"A27,LEU,0.036666666666666674"
"A28,PRO,0.2833333333333334"
"A29,CYS,0.11666666666666665"
"A30,ASN,0.58"
"A31,HIS,0.08666666666666667"
"A32,ILE,0.060000000000000005"
"A33,PHE,0.0033333333333333335"
"A34,HIS,0.0"
"A35,THR,0.13"
"A36,SER,0.39999999999999997"
"A37,CYS,0.08666666666666667"
"A38,LEU,0.02"
"A39,ARG,0.75"
"A40,SER,0.06666666666666667"
"A41,TRP,0.01"
"A42,PHE,0.013333333333333334"
"A43,GLN,0.61"
"A44,ARG,1.2033333333333334"
"A45,GLN,0.26333333333333336"
"A46,GLN,0.5533333333333333"
"A47,THR,0.19000000000000003"
"A48,CYS,0.0033333333333333335"
"A49,PRO,0.03"
"A50,THR,0.21333333333333335"
"A51,CYS,0.22"
"A52,ARG,0.73"
"A53,MET,0.22666666666666668"
"A54,ASP,0.71"
"A55,VAL,0.030000000000000002"
"A56,LEU,1.0033333333333332"
