"ChainID,Resname,Parch_Value"
"A1,SER,0.7933333333333333"
"A2,ALA,0.06"
"A3,VAL,0.35000000000000003"
"A4,LEU,0.08333333333333333"
"A5,TRP,0.2333333333333333"
"A6,ASN,0.20333333333333334"
"A7,GLN,0.5599999999999999"
"A8,GLN,0.13333333333333333"
"A9,TYR,0.3333333333333333"
"A10,ASP,0.7733333333333333"
"A11,LYS,0.89"
"A12,THR,0.4333333333333333"
"A13,VAL,0.3666666666666667"
"A14,CYS,0.07666666666666666"
"A15,ASN,0.3833333333333333"
"A16,GLN,0.33666666666666667"
"A17,GLU,0.6633333333333334"
"A18,GLY,0.06666666666666667"
"A19,GLU,0.4666666666666666"
"A20,PHE,0.5333333333333333"
"A21,CYS,0.15666666666666665"
"A22,SER,0.30666666666666664"
"A23,LYS,0.8433333333333333"
"A24,SER,0.06666666666666667"
"A25,GLY,0.17"
"A26,VAL,0.37333333333333335"
"A27,ASP,0.9866666666666667"
"A28,CYS,0.18333333333333335"
"A29,CYS,0.19000000000000003"
"A30,ALA,0.35333333333333333"
"A31,GLY,0.24333333333333332"
"A32,LEU,0.18666666666666668"
"A33,SER,0.3133333333333333"
"A34,CYS,0.10666666666666665"
"A35,ARG,1.3399999999999999"
"A36,LYS,1.5633333333333335"
"A37,TYR,0.3866666666666667"
"A38,ASN,0.11333333333333334"
"A39,LEU,0.07"
"A40,MET,0.11666666666666665"
"A41,GLY,0.15333333333333332"
"A42,TYR,0.4066666666666667"
"A43,GLY,0.01"
"A44,VAL,0.08333333333333333"
"A45,CYS,0.0033333333333333335"
"A46,ALA,0.14"
"A47,ALA,0.41"
"A48,GLN,1.2533333333333332"
"A49,THR,0.48333333333333334"
"A50,CYS,0.21333333333333335"
"A51,SER,0.08333333333333333"
"A52,GLU,1.5"
"A53,GLU,0.5933333333333334"
"A54,GLY,0.09333333333333334"
"A55,THR,0.09666666666666668"
"A56,PHE,0.20666666666666667"
"A57,CYS,0.02"
"A58,SER,0.25333333333333335"
"A59,LEU,0.3333333333333333"
"A60,SER,0.11333333333333334"
"A61,ASP,1.47"
"A62,SER,0.68"
"A63,ASP,0.5"
"A64,CYS,0.13333333333333333"
"A65,CYS,0.21666666666666667"
"A66,SER,0.9833333333333334"
"A67,GLY,0.20333333333333334"
"A68,LEU,0.24"
"A69,LYS,0.9666666666666667"
"A70,CYS,0.19333333333333333"
"A71,LYS,0.9333333333333332"
"A72,ARG,0.9033333333333333"
"A73,ARG,1.01"
"A74,GLY,0.03666666666666667"
"A75,HIS,0.6066666666666666"
"A76,GLY,0.07666666666666667"
"A77,TYR,0.12"
"A78,GLY,0.0"
"A79,GLU,0.4566666666666667"
"A80,CYS,0.0"
"A81,SER,0.25"
"A82,LYS,2.086666666666667"
