"ChainID,Resname,Parch_Value"
"A1,MET,1.1933333333333334"
"A2,ALA,0.19666666666666668"
"A3,THR,0.5366666666666666"
"A4,LYS,0.9"
"A5,HIS,0.3433333333333333"
"A6,GLY,0.25333333333333335"
"A7,LYS,1.4100000000000001"
"A8,ASN,0.45999999999999996"
"A9,SER,0.41333333333333333"
"A10,TRP,0.24333333333333332"
"A11,LYS,1.0999999999999999"
"A12,THR,0.26333333333333336"
"A13,LEU,0.10333333333333333"
"A14,TYR,0.056666666666666664"
"A15,LEU,0.03666666666666667"
"A16,LYS,0.61"
"A17,ILE,0.0033333333333333335"
"A18,SER,0.03"
"A19,PHE,0.05000000000000001"
"A20,LEU,0.07"
"A21,GLY,0.006666666666666667"
"A22,CYS,0.016666666666666666"
"A23,LYS,0.5333333333333333"
"A24,VAL,0.02666666666666667"
"A25,VAL,0.13"
"A26,VAL,0.11333333333333333"
"A27,LEU,0.2833333333333333"
"A28,LEU,0.11666666666666665"
"A29,LYS,1.3633333333333333"
"A30,ARG,2.7733333333333334"
