"ChainID,Resname,Parch_Value"
"A1,GLY,0.9766666666666666"
"A2,VAL,0.43333333333333335"
"A3,ILE,0.5866666666666667"
"A4,ASP,0.77"
"A5,THR,0.15333333333333332"
"A6,SER,0.4433333333333333"
"A7,ALA,0.15333333333333332"
"A8,VAL,0.03333333333333333"
"A9,GLU,1.2366666666666666"
"A10,SER,0.3333333333333333"
"A11,ALA,0.16333333333333333"
"A12,ILE,0.06"
"A13,THR,0.38999999999999996"
"A14,ASP,1.5266666666666666"
"A15,GLY,0.05000000000000001"
"A16,GLN,0.37999999999999995"
"A17,GLY,0.12666666666666668"
"A18,ASP,0.79"
"A19,MET,0.3433333333333333"
"A20,LYS,1.9400000000000002"
"A21,ALA,0.20666666666666667"
"A22,ILE,0.023333333333333334"
"A23,GLY,0.08"
"A24,GLY,0.043333333333333335"
"A25,TYR,0.35000000000000003"
"A26,ILE,0.08666666666666667"
"A27,VAL,0.08"
"A28,GLY,0.02666666666666667"
"A29,ALA,0.016666666666666666"
"A30,LEU,0.07333333333333333"
"A31,VAL,0.05000000000000001"
"A32,ILE,0.01"
"A33,LEU,0.02"
"A34,ALA,0.02"
"A35,VAL,0.0"
"A36,ALA,0.01"
"A37,GLY,0.006666666666666667"
"A38,LEU,0.036666666666666674"
"A39,ILE,0.03"
"A40,TYR,0.08333333333333333"
"A41,SER,0.03"
"A42,MET,0.03"
"A43,LEU,0.13"
"A44,ARG,0.4066666666666667"
"A45,LYS,0.6333333333333333"
"A46,ALA,0.3"
