"ChainID,Resname,Parch_Value"
"A1,CYS,1.0"
"A2,GLY,0.17333333333333334"
"A3,GLN,0.41333333333333333"
"A4,ARG,2.4133333333333336"
"A5,GLU,1.8999999999999997"
"A6,THR,0.4666666666666666"
"A7,PRO,0.2333333333333333"
"A8,GLU,1.1866666666666668"
"A9,GLY,0.17666666666666664"
"A10,ALA,0.09000000000000001"
"A11,GLU,1.0933333333333335"
"A12,ALA,0.17333333333333334"
"A13,LYS,0.4666666666666666"
"A14,PRO,0.18666666666666668"
"A15,TRP,0.43999999999999995"
"A16,TYR,0.69"
"A17,CYS,1.4400000000000002"
