"ChainID,Resname,Parch_Value"
"A1,ALA,0.9533333333333335"
"A2,LYS,1.64"
"A3,TYR,0.5033333333333333"
"A4,THR,0.48"
"A5,GLY,0.01"
"A6,LYS,1.4766666666666668"
"A7,CYS,0.05000000000000001"
"A8,THR,0.16"
"A9,LYS,1.0033333333333332"
"A10,SER,0.14333333333333334"
"A11,LYS,1.11"
"A12,ASN,0.01"
"A13,GLU,0.14"
"A14,CYS,0.0033333333333333335"
"A15,LYS,1.0633333333333335"
"A16,TYR,0.22999999999999998"
"A17,LYS,1.0833333333333333"
"A18,ASN,0.11333333333333333"
"A19,SER,0.20333333333333334"
"A20,ALA,0.06333333333333334"
"A21,GLY,0.06"
"A22,LYS,0.7733333333333333"
"A23,ASP,0.42333333333333334"
"A24,THR,0.09999999999999999"
"A25,PHE,0.49000000000000005"
"A26,ILE,0.14666666666666667"
"A27,LYS,1.0266666666666666"
"A28,CYS,0.03333333333333333"
"A29,PRO,0.09000000000000001"
"A30,LYS,1.8466666666666667"
"A31,PHE,0.16333333333333333"
"A32,ASP,0.9233333333333333"
"A33,ASN,0.32"
"A34,LYS,0.8533333333333334"
"A35,LYS,0.9033333333333333"
"A36,CYS,0.01"
"A37,THR,0.30333333333333334"
"A38,LYS,1.04"
"A39,ASP,0.5933333333333334"
"A40,ASN,0.5666666666666665"
"A41,ASN,0.02666666666666667"
"A42,LYS,0.8533333333333334"
"A43,CYS,0.006666666666666667"
"A44,THR,0.10000000000000002"
"A45,VAL,0.01"
"A46,ASP,0.19666666666666666"
"A47,THR,0.42"
"A48,TYR,0.65"
"A49,ASN,0.23666666666666666"
"A50,ASN,0.19333333333333336"
"A51,ALA,0.36333333333333334"
"A52,VAL,0.18666666666666668"
"A53,ASP,1.5333333333333332"
"A54,CYS,0.11666666666666668"
"A55,ASP,1.67"
