"ChainID,Resname,Parch_Value"
"A1,ALA,1.01"
"A2,ASP,1.0066666666666666"
"A3,LYS,1.09"
"A4,ARG,1.1933333333333334"
"A5,CYS,0.006666666666666667"
"A6,TYR,0.3433333333333333"
"A7,ARG,0.6466666666666667"
"A8,MET,0.013333333333333334"
"A9,CYS,0.0"
"A10,GLN,0.12333333333333334"
"A11,ARG,0.91"
"A12,TYR,0.01"
"A13,HIS,0.03"
"A14,GLN,0.2733333333333334"
"A15,ARG,1.3133333333333332"
"A16,ARG,1.29"
"A17,GLN,0.09000000000000001"
"A18,ARG,0.26666666666666666"
"A19,ARG,0.5366666666666667"
"A20,GLN,0.10666666666666667"
"A21,CYS,0.0"
"A22,LYS,0.2733333333333334"
"A23,LYS,0.5066666666666667"
"A24,GLY,0.0033333333333333335"
"A25,CYS,0.04"
"A26,ARG,0.5466666666666667"
"A27,TYR,0.31666666666666665"
"A28,GLY,0.6699999999999999"
