"ChainID,Resname,Parch_Value"
"A472,ARG,2.81"
"A473,ASN,0.6866666666666666"
"A474,LEU,0.6866666666666666"
"A475,ALA,0.7200000000000001"
"A476,GLU,0.8666666666666667"
"A477,LEU,0.23"
"A478,HIS,0.36000000000000004"
"A479,ILE,0.2933333333333333"
"A480,GLY,0.06666666666666667"
"A481,GLN,0.42"
"A482,PRO,0.19333333333333336"
"A483,VAL,0.0"
"A484,VAL,0.08666666666666667"
"A485,HIS,0.07333333333333333"
"A486,LEU,0.10333333333333333"
"A487,GLU,1.26"
"A488,HIS,0.39666666666666667"
"A489,GLY,0.013333333333333334"
"A490,VAL,0.03666666666666667"
"A491,GLY,0.006666666666666667"
"A492,ARG,0.62"
"A493,TYR,0.08666666666666667"
"A494,ALA,0.04"
"A495,GLY,0.01"
"A496,MET,0.25333333333333335"
"A497,THR,0.28"
"A498,THR,0.21999999999999997"
"A499,LEU,0.12666666666666668"
"A500,GLU,1.4400000000000002"
"A501,ALA,0.13"
"A502,GLY,0.11333333333333333"
"A503,GLY,0.07666666666666667"
"A504,ILE,0.13"
"A505,THR,0.16666666666666666"
"A506,GLY,0.03333333333333333"
"A507,GLU,0.31"
"A508,TYR,0.18666666666666665"
"A509,LEU,0.01"
"A510,MET,0.03333333333333333"
"A511,LEU,0.0"
"A512,THR,0.023333333333333334"
"A513,TYR,0.0033333333333333335"
"A514,ALA,0.023333333333333334"
"A515,ASN,0.9666666666666667"
"A516,ASP,1.9166666666666667"
"A517,ALA,0.0"
"A518,LYS,0.69"
"A519,LEU,0.12333333333333334"
"A520,TYR,0.29"
"A521,VAL,0.016666666666666666"
"A522,PRO,0.10666666666666665"
"A523,VAL,0.18000000000000002"
"A524,SER,0.043333333333333335"
"A525,SER,0.016666666666666666"
"A526,LEU,0.15666666666666665"
"A527,HIS,0.07333333333333333"
"A528,LEU,0.12"
"A529,ILE,0.11"
"A530,SER,0.12666666666666668"
"A531,ARG,1.4566666666666668"
"A532,TYR,0.12"
"A533,ALA,0.11"
"A534,GLY,0.04666666666666667"
"A535,GLY,0.08666666666666667"
"A536,ALA,0.10333333333333333"
"A537,GLU,0.5666666666666668"
"A538,GLU,2.4233333333333333"
"A539,ASN,0.16666666666666666"
"A540,ALA,0.04666666666666667"
"A541,PRO,0.18666666666666665"
"A542,LEU,0.24666666666666667"
"A543,HIS,0.27"
"A544,LYS,1.3033333333333335"
"A545,LEU,0.16"
"A546,GLY,0.23666666666666666"
"A547,GLY,1.1666666666666667"
