"ChainID,Resname,Parch_Value"
"A1,GLY,0.9400000000000001"
"A2,SER,0.19666666666666666"
"A3,LYS,1.2266666666666666"
"A4,LYS,0.5599999999999999"
"A5,PRO,0.16666666666666666"
"A6,VAL,0.03666666666666667"
"A7,PRO,0.17333333333333334"
"A8,ILE,0.030000000000000002"
"A9,ILE,0.05666666666666667"
"A10,TYR,0.18000000000000002"
"A11,CYS,0.08"
"A12,ASN,0.17333333333333334"
"A13,ARG,0.8700000000000001"
"A14,ARG,1.0033333333333334"
"A15,THR,0.15"
"A16,GLY,0.036666666666666674"
"A17,LYS,0.89"
"A18,CYS,0.04"
"A19,GLN,0.31666666666666665"
"A20,ARG,1.2733333333333334"
"A21,MET,0.40666666666666673"
