"ChainID,Resname,Parch_Value"
"A1,SER,0.7333333333333334"
"A2,THR,0.13999999999999999"
"A3,CYS,0.10666666666666667"
"A4,CYS,0.22666666666666666"
"A5,GLY,0.11333333333333333"
"A6,TYR,0.7966666666666667"
"A7,ARG,0.8366666666666666"
"A8,MET,0.21"
"A9,CYS,0.030000000000000002"
"A10,VAL,0.11333333333333334"
"A11,PRO,0.10333333333333333"
"A12,CYS,0.42"
