"ChainID,Resname,Parch_Value"
"A1,PHE,1.2"
"A2,GLU,1.9400000000000002"
"A3,ASP,0.7600000000000001"
"A4,ILE,0.5366666666666666"
"A5,LEU,0.7266666666666666"
"A6,SER,0.22"
"A7,GLY,0.03666666666666667"
"A8,ASN,0.49"
"A9,LEU,0.06999999999999999"
"A10,LEU,0.036666666666666674"
"A11,GLN,0.09999999999999999"
"A12,ARG,0.8933333333333334"
"A13,MET,0.03333333333333333"
"A14,LEU,0.02666666666666667"
"A15,ARG,1.0033333333333332"
"A16,PRO,0.06333333333333334"
"A17,LEU,0.01"
"A18,ARG,1.1500000000000001"
"A19,SER,0.32999999999999996"
"A20,GLY,0.023333333333333334"
"A21,LEU,0.056666666666666664"
"A22,THR,0.5833333333333334"
"A23,GLN,0.39666666666666667"
"A24,LEU,0.03"
"A25,LEU,0.26666666666666666"
"A26,ASP,1.0133333333333334"
"A27,PHE,0.4266666666666667"
"A28,PHE,1.6733333333333331"
