"ChainID,Resname,Parch_Value"
"B323,GLY,0.6633333333333333"
"B324,SER,0.3066666666666667"
"B325,MET,0.22666666666666668"
"B326,THR,0.18000000000000002"
"B327,LEU,0.21666666666666667"
"B328,PRO,0.02666666666666667"
"B329,PRO,0.26333333333333336"
"B330,GLU,1.8233333333333333"
"B331,LEU,0.15"
"B332,SER,0.42333333333333334"
"B333,ILE,0.4666666666666666"
"B334,ILE,0.26666666666666666"
"B335,GLU,1.25"
"B336,ILE,0.15333333333333335"
"B337,PRO,0.5333333333333333"
"B338,PHE,0.8300000000000001"
"B339,ASP,0.47"
"B340,ASP,0.7933333333333333"
"B341,VAL,0.15666666666666665"
"B342,GLU,1.2633333333333334"
"B343,THR,0.24333333333333332"
"B344,ARG,1.4100000000000001"
"B345,SER,0.2233333333333333"
"B346,TYR,0.41"
"B347,GLU,0.7399999999999999"
"B348,PHE,0.12333333333333334"
"B349,ILE,0.15666666666666668"
"B350,GLU,0.21"
"B351,VAL,0.01"
"B352,GLU,1.0633333333333332"
"B353,ILE,0.19333333333333333"
"B354,LYS,1.64"
"B355,GLY,0.22"
"B356,ARG,1.0633333333333335"
"B357,GLY,0.07666666666666667"
"B358,LYS,1.2533333333333332"
"B359,ALA,0.04666666666666667"
"B360,LYS,0.9733333333333333"
"B361,LEU,0.04666666666666667"
"B362,GLY,0.006666666666666667"
"B363,LYS,2.0533333333333332"
"B364,ARG,1.5266666666666666"
"B365,GLU,1.4933333333333334"
"B366,PHE,0.43"
"B367,ALA,0.14333333333333334"
"B368,TRP,0.4366666666666667"
"B369,ILE,0.15"
"B370,PRO,0.18000000000000002"
"B371,GLU,0.48"
"B372,SER,0.5133333333333333"
"B373,GLY,0.11333333333333333"
"B374,LYS,1.4100000000000001"
"B375,TYR,0.96"
"B376,TRP,0.41999999999999993"
"B377,ALA,0.26333333333333336"
"B378,ASP,2.19"
"B379,GLU,3.8833333333333333"
