"ChainID,Resname,Parch_Value"
"A1,GLU,0.9733333333333333"
"A2,VAL,0.14333333333333334"
"A3,GLU,0.41"
"A4,ALA,0.04"
"A5,LEU,0.03666666666666667"
"A6,GLU,1.0933333333333333"
"A7,LYS,0.48666666666666664"
"A8,LYS,0.51"
"A9,VAL,0.26"
"A10,GLU,0.21999999999999997"
"A11,ALA,0.043333333333333335"
"A12,LEU,0.08666666666666667"
"A13,GLU,0.31"
"A14,ALA,0.006666666666666667"
"A15,LYS,0.8633333333333334"
"A16,VAL,0.03666666666666667"
"A17,GLN,0.32666666666666666"
"A18,LYS,1.01"
"A19,LEU,0.03333333333333333"
"A20,GLU,1.0233333333333334"
"A21,LYS,1.1366666666666667"
"A22,LYS,0.6033333333333334"
"A23,VAL,0.05666666666666667"
"A24,GLU,0.35000000000000003"
"A25,ALA,0.0"
"A26,LEU,0.35666666666666663"
"A27,GLU,1.0866666666666667"
"A28,HIS,0.22"
"A29,GLY,0.10666666666666667"
"A30,TRP,0.9899999999999999"
"A31,ASP,1.6433333333333333"
"A32,GLY,0.10666666666666667"
"A33,ARG,1.2433333333333334"
"B1,GLU,1.1433333333333333"
"B2,VAL,0.12"
"B3,GLU,0.8666666666666667"
"B4,ALA,0.10333333333333333"
"B5,LEU,0.016666666666666666"
"B6,GLU,0.39000000000000007"
"B7,LYS,0.09666666666666668"
"B8,LYS,0.8766666666666666"
"B9,VAL,0.17333333333333334"
"B10,GLU,0.5299999999999999"
"B11,ALA,0.2833333333333334"
"B12,LEU,0.1366666666666667"
"B13,GLU,0.84"
"B14,ALA,0.08"
"B15,LYS,0.41"
"B16,VAL,0.023333333333333334"
"B17,GLN,0.3666666666666667"
"B18,LYS,0.77"
"B19,LEU,0.08"
"B20,GLU,0.9"
"B21,LYS,1.21"
"B22,LYS,0.8166666666666668"
"B23,VAL,0.1466666666666667"
"B24,GLU,0.6866666666666665"
"B25,ALA,0.02666666666666667"
"B26,LEU,0.24"
"B27,GLU,1.55"
"B28,HIS,0.19999999999999998"
"B29,GLY,0.06"
"B30,TRP,0.12333333333333334"
"B31,ASP,0.49666666666666665"
"B32,GLY,0.33666666666666667"
"B33,ARG,2.4099999999999997"
