"ChainID,Resname,Parch_Value"
"A1,ALA,1.2633333333333334"
"A2,SER,0.37000000000000005"
"A3,PRO,0.29"
"A4,GLN,0.5633333333333334"
"A5,GLN,0.26"
"A6,ALA,0.0033333333333333335"
"A7,LYS,1.0833333333333333"
"A8,TYR,0.3333333333333333"
"A9,CYS,0.01"
"A10,TYR,0.21333333333333335"
"A11,GLU,0.7399999999999999"
"A12,GLN,0.13333333333333333"
"A13,CYS,0.01"
"A14,ASN,0.26666666666666666"
"A15,VAL,0.35333333333333333"
"A16,ASN,0.15666666666666668"
"A17,LYS,0.7799999999999999"
"A18,VAL,0.06333333333333334"
"A19,PRO,0.20666666666666664"
"A20,PHE,0.34"
"A21,ASP,0.3633333333333333"
"A22,GLN,0.10333333333333333"
"A23,CYS,0.0"
"A24,TYR,0.25333333333333335"
"A25,GLN,0.13999999999999999"
"A26,MET,0.03"
"A27,CYS,0.0"
"A28,SER,0.08333333333333333"
"A29,PRO,0.13666666666666666"
"A30,LEU,0.13"
"A31,GLU,0.44999999999999996"
"A32,ARG,1.2533333333333334"
"A33,SER,1.64"
