"ChainID,Resname,Parch_Value"
"A1,GLY,0.9833333333333334"
"A2,ASN,0.25666666666666665"
"A3,SER,0.10999999999999999"
"A4,TRP,0.47000000000000003"
"A5,LEU,0.08333333333333333"
"A6,CYS,0.0"
"A7,VAL,0.013333333333333334"
"A8,ARG,0.6466666666666666"
"A9,ARG,0.9566666666666667"
"A10,GLY,0.03666666666666667"
"A11,GLY,0.0"
"A12,ASN,0.11333333333333333"
"A13,CYS,0.03333333333333333"
"A14,ARG,0.7233333333333333"
"A15,PHE,0.10666666666666667"
"A16,GLY,0.03333333333333333"
"A17,ARG,1.46"
"A18,CYS,0.29333333333333333"
"A19,GLN,0.3133333333333333"
"A20,PHE,0.24333333333333332"
"A21,ALA,0.13"
"A22,GLU,0.96"
"A23,ARG,1.1866666666666668"
"A24,GLN,0.5666666666666667"
"A25,ILE,0.19333333333333336"
"A26,GLY,0.043333333333333335"
"A27,ARG,0.9733333333333333"
"A28,CYS,0.0033333333333333335"
"A29,SER,0.12333333333333334"
"A30,ALA,0.14"
"A31,PHE,0.11666666666666665"
"A32,GLN,0.03"
"A33,PRO,0.02666666666666667"
"A34,CYS,0.0"
"A35,CYS,0.0"
"A36,GLY,0.18000000000000002"
"A37,ARG,2.736666666666667"
