"ChainID,Resname,Parch_Value"
"A1,GLY,1.15"
"A2,SER,0.9733333333333333"
"A3,LYS,1.16"
"A4,TYR,0.9433333333333334"
"A5,SER,1.0733333333333335"
"A6,ASP,1.4466666666666665"
"A7,THR,0.5266666666666667"
"A8,ALA,0.12666666666666668"
"A9,ASP,0.7733333333333334"
"A10,GLU,1.7700000000000002"
"A11,SER,0.45"
"A12,SER,0.30666666666666664"
"A13,TYR,0.3499999999999999"
"A14,ARG,2.0866666666666664"
"A15,TRP,2.58"
