"ChainID,Resname,Parch_Value"
"A101,MET,0.7933333333333333"
"A102,GLN,1.3166666666666667"
"A103,ASN,0.77"
"A104,ASN,0.38999999999999996"
"A105,GLU,1.3166666666666667"
"A106,GLU,1.7333333333333334"
"A107,LEU,0.030000000000000002"
"A108,PRO,0.10333333333333333"
"A109,THR,0.14333333333333334"
"A110,TYR,0.12666666666666668"
"A111,GLU,0.6966666666666667"
"A112,GLU,1.47"
"A113,ALA,0.006666666666666667"
"A114,LYS,0.5566666666666666"
"A115,VAL,0.09333333333333334"
"A201,GLY,0.2733333333333334"
"A202,GLY,0.10333333333333333"
"A203,GLY,0.016666666666666666"
"A204,GLY,0.06666666666666667"
"A205,GLY,0.24"
"A206,SER,0.12666666666666668"
"A493,LYS,0.48333333333333334"
"A494,VAL,0.2133333333333333"
"A495,THR,0.13"
"A496,GLN,0.6699999999999999"
"A497,SER,0.09333333333333334"
"A498,PHE,0.54"
"A499,LEU,0.21333333333333335"
"A500,PRO,0.03333333333333333"
"A501,PRO,0.3"
"A502,GLY,0.06666666666666667"
"A503,TRP,0.35333333333333333"
"A504,GLU,0.35333333333333333"
"A505,MET,0.016666666666666666"
"A506,ARG,0.31"
"A507,ILE,0.25333333333333335"
"A508,ALA,0.0033333333333333335"
"A509,PRO,0.24666666666666667"
"A510,ASN,0.25333333333333335"
"A511,GLY,0.03333333333333333"
"A512,ARG,0.9266666666666667"
"A513,PRO,0.17666666666666667"
"A514,PHE,0.0033333333333333335"
"A515,PHE,0.09000000000000001"
"A516,ILE,0.0"
"A517,ASP,0.16333333333333333"
"A518,HIS,0.10333333333333333"
"A519,ASN,0.49666666666666665"
"A520,THR,0.29"
"A521,LYS,1.0633333333333335"
"A522,THR,0.11333333333333334"
"A523,THR,0.01"
"A524,THR,0.04666666666666667"
"A525,TRP,0.4366666666666667"
"A526,GLU,0.6766666666666667"
"A527,ASP,1.04"
"A528,PRO,0.03"
"A529,ARG,1.2133333333333332"
"A530,LEU,0.23"
"A531,LYS,0.9233333333333333"
"A532,PHE,0.8099999999999999"
"A533,PRO,0.31666666666666665"
"A534,VAL,0.5366666666666667"
"A535,HIS,1.0033333333333332"
"A536,MET,1.0466666666666666"
"A537,ARG,1.5766666666666669"
"A538,SER,0.8966666666666665"
"A539,LYS,3.2733333333333334"
