"ChainID,Resname,Parch_Value"
"A1,ASN,1.5333333333333334"
"A2,ARG,2.8633333333333333"
"A3,LEU,0.47"
"A4,CYS,0.3133333333333333"
"A5,THR,0.48666666666666664"
"A6,ASN,0.21999999999999997"
"A7,CYS,0.06333333333333332"
"A8,CYS,0.16333333333333333"
"A9,ALA,0.33"
"A10,GLY,0.10666666666666667"
"A11,ARG,2.033333333333333"
"A12,LYS,1.9233333333333331"
"A13,GLY,0.5133333333333333"
"A14,CYS,0.03"
"A15,ASN,0.14"
"A16,TYR,0.0"
"A17,TYR,0.04666666666666667"
"A18,SER,0.043333333333333335"
"A19,ALA,0.15666666666666665"
"A20,ASP,0.9233333333333332"
"A21,GLY,0.060000000000000005"
"A22,THR,0.16333333333333333"
"A23,PHE,0.20333333333333334"
"A24,ILE,0.11666666666666665"
"A25,CYS,0.06333333333333334"
"A26,GLU,1.1866666666666668"
"A27,GLY,0.023333333333333334"
"A28,GLU,1.6433333333333333"
"A29,SER,0.5766666666666667"
"A30,ASP,0.8833333333333333"
"A31,PRO,0.8466666666666667"
"A32,ASN,0.28333333333333327"
"A33,ASN,0.11666666666666665"
"A34,PRO,0.09333333333333334"
"A35,LYS,1.0866666666666667"
"A36,ALA,0.12"
"A37,CYS,0.10666666666666667"
"A38,PRO,0.5233333333333333"
"A39,ARG,1.8233333333333335"
"A40,ASN,0.5366666666666666"
"A41,CYS,0.26"
"A42,ASP,1.03"
"A43,PRO,0.24"
"A44,ASN,0.12"
"A45,ILE,0.11333333333333333"
"A46,ALA,0.17666666666666667"
"A47,TYR,0.27666666666666667"
"A48,SER,0.07"
"A49,LEU,0.26"
"A50,CYS,1.3166666666666667"
