"ChainID,Resname,Parch_Value"
"A1,VAL,0.49333333333333335"
"A2,LYS,0.17"
"A3,ASP,0.18000000000000002"
"A4,GLY,0.006666666666666667"
"A5,TYR,0.15666666666666665"
"A6,ILE,0.08"
"A7,VAL,0.030000000000000002"
"A8,ASP,0.45"
"A9,ASP,0.9033333333333333"
"A10,VAL,0.33"
"A11,ASN,0.3466666666666667"
"A12,CYS,0.08"
"A13,THR,0.10666666666666667"
"A14,TYR,0.8433333333333333"
"A15,PHE,0.79"
"A16,CYS,0.13"
"A17,GLY,0.19999999999999998"
"A18,ARG,1.9066666666666665"
"A19,ASN,0.26333333333333336"
"A20,ALA,0.21"
"A21,TYR,1.3033333333333335"
"A22,CYS,0.0"
"A23,ASN,0.09999999999999999"
"A24,GLU,1.1133333333333333"
"A25,GLU,0.31"
"A26,CYS,0.0"
"A27,THR,0.15333333333333332"
"A28,LYS,0.8166666666666668"
"A29,LEU,0.29000000000000004"
"A30,LYS,0.9533333333333333"
"A31,GLY,0.013333333333333334"
"A32,GLU,0.8566666666666666"
"A33,SER,0.02"
"A34,GLY,0.0033333333333333335"
"A35,TYR,0.1366666666666667"
"A36,CYS,0.0"
"A37,GLN,0.15333333333333332"
"A38,TRP,0.17"
"A39,ALA,0.05333333333333334"
"A40,SER,0.016666666666666666"
"A41,PRO,0.12"
"A42,TYR,0.3"
"A43,GLY,0.03333333333333333"
"A44,ASN,0.05333333333333334"
"A45,ALA,0.05000000000000001"
"A46,CYS,0.04"
"A47,TYR,0.0"
"A48,CYS,0.0"
"A49,TYR,0.26666666666666666"
"A50,LYS,0.86"
"A51,LEU,0.0"
"A52,PRO,0.016666666666666666"
"A53,ASP,0.3466666666666667"
"A54,HIS,0.14"
"A55,VAL,0.043333333333333335"
"A56,ARG,1.1133333333333333"
"A57,THR,0.013333333333333334"
"A58,LYS,0.42"
"A59,GLY,0.12666666666666668"
"A60,PRO,0.15"
"A61,GLY,0.06"
"A62,ARG,2.206666666666667"
"A63,CYS,0.9500000000000001"
"A64,HIS,2.6766666666666663"
