"ChainID,Resname,Parch_Value"
"A1,MET,0.8233333333333333"
"A2,LEU,0.33"
"A3,LYS,1.1400000000000001"
"A4,ASP,1.33"
"A5,TYR,0.71"
"A6,HIS,0.36000000000000004"
"A7,LEU,0.32333333333333336"
"A8,LYS,2.236666666666667"
"A9,GLU,1.75"
"A10,MET,0.4266666666666666"
"A11,PRO,0.39999999999999997"
"A12,GLU,0.4566666666666667"
"A13,MET,0.6466666666666666"
"A14,GLU,0.3833333333333333"
"A15,ASP,0.7999999999999999"
"A16,GLU,1.8399999999999999"
"A17,PHE,0.12666666666666668"
"A18,LEU,0.01"
"A19,GLU,0.6933333333333334"
"A20,TYR,0.6766666666666667"
"A21,CYS,0.08666666666666667"
"A22,ALA,0.12"
"A23,LYS,0.9666666666666668"
"A24,ASN,0.12"
"A25,PRO,0.26"
"A26,SER,0.5066666666666667"
"A27,TYR,0.37666666666666665"
"A28,GLU,0.8166666666666665"
"A29,GLU,1.0833333333333333"
"A30,ALA,0.043333333333333335"
"A31,TYR,0.39999999999999997"
"A32,LEU,0.22999999999999998"
"A33,LYS,1.0633333333333332"
"A34,PHE,0.14333333333333334"
"A35,GLY,0.09666666666666666"
"A36,ASP,0.9199999999999999"
"A37,LYS,0.6366666666666666"
"A38,LEU,0.05333333333333334"
"A39,LEU,0.15333333333333335"
"A40,GLU,0.48666666666666664"
"A41,TYR,0.03666666666666667"
"A42,GLU,0.5166666666666666"
"A43,LEU,0.11"
"A44,LEU,0.19333333333333333"
"A45,GLY,0.14666666666666664"
"A46,LYS,0.41"
"A47,ILE,0.006666666666666667"
"A48,LYS,0.6533333333333333"
"A49,ARG,0.9466666666666667"
"A50,ILE,0.19666666666666668"
"A51,ASN,0.20999999999999996"
"A52,HIS,0.37333333333333335"
"A53,ILE,0.21666666666666667"
"A54,VAL,0.13333333333333333"
"A55,VAL,0.06666666666666667"
"A56,LEU,0.2933333333333334"
"A57,ALA,0.043333333333333335"
"A58,HIS,0.3433333333333333"
"A59,HIS,1.0533333333333335"
