"ChainID,Resname,Parch_Value"
"A1,ALA,1.51"
"A2,HIS,1.1900000000000002"
"A3,CYS,0.3666666666666667"
"A4,ASP,1.2133333333333334"
"A5,HIS,0.12333333333333334"
"A6,PHE,0.09000000000000001"
"A7,LEU,0.02"
"A8,GLY,0.01"
"A9,GLU,0.5333333333333333"
"A10,ALA,0.04666666666666667"
"A11,PRO,0.20333333333333334"
"A12,VAL,0.02333333333333333"
"A13,TYR,0.9166666666666666"
"A14,PRO,0.2733333333333334"
"A15,CYS,0.07666666666666667"
"A16,LYS,0.6900000000000001"
"A17,GLU,1.2633333333333334"
"A18,LYS,1.2833333333333334"
"A19,ALA,0.030000000000000002"
"A20,CYS,0.0"
"A21,LYS,0.9766666666666667"
"A22,SER,0.6466666666666666"
"A23,VAL,0.15"
"A24,CYS,0.0"
"A25,LYS,1.4133333333333333"
"A26,GLU,1.5566666666666666"
"A27,HIS,0.27"
"A28,TYR,0.34"
"A29,HIS,1.2899999999999998"
"A30,HIS,0.8033333333333333"
"A31,ALA,0.0033333333333333335"
"A32,CYS,0.12"
"A33,LYS,0.6900000000000001"
"A34,GLY,0.0"
"A35,GLU,0.9900000000000001"
"A36,CYS,0.08333333333333333"
"A37,GLU,0.7033333333333333"
"A38,TYR,0.69"
"A39,HIS,0.8133333333333334"
"A40,GLY,0.33666666666666667"
"A41,ARG,1.3466666666666667"
"A42,GLU,0.9766666666666666"
"A43,VAL,0.19333333333333336"
"A44,HIS,0.27666666666666667"
"A45,CYS,0.01"
"A46,HIS,0.02"
"A47,CYS,0.0"
"A48,TYR,0.16333333333333333"
"A49,GLY,0.0"
"A50,ASP,0.68"
"A51,TYR,0.5933333333333333"
"A52,HIS,1.9333333333333333"
