"ChainID,Resname,Parch_Value"
"A1,MET,0.3733333333333333"
"A2,GLN,0.14333333333333334"
"A3,ILE,0.0"
"A4,PHE,0.09666666666666668"
"A5,VAL,0.01"
"A6,LYS,0.33"
"A7,THR,0.21333333333333335"
"A8,LEU,0.21666666666666665"
"A9,THR,0.23333333333333336"
"A10,GLY,0.05000000000000001"
"A11,LYS,0.87"
"A12,THR,0.1366666666666667"
"A13,ILE,0.24333333333333332"
"A14,THR,0.18666666666666668"
"A15,LEU,0.02"
"A16,GLU,1.53"
"A17,VAL,0.08666666666666667"
"A18,GLU,1.9666666666666668"
"A19,PRO,0.16666666666666666"
"A20,SER,0.16"
"A21,ASP,0.2333333333333333"
"A22,THR,0.06333333333333334"
"A23,ILE,0.11666666666666665"
"A24,GLU,0.7333333333333334"
"A25,ASN,0.26333333333333336"
"A26,VAL,0.0"
"A27,LYS,0.33666666666666667"
"A28,ALA,0.10333333333333333"
"A29,LYS,1.06"
"A30,ILE,0.013333333333333334"
"A31,GLN,0.15"
"A32,ASP,0.82"
"A33,LYS,1.2766666666666666"
"A34,GLU,0.43999999999999995"
"A35,GLY,0.06"
"A36,ILE,0.01"
"A37,PRO,0.11333333333333333"
"A38,PRO,0.12"
"A39,ASP,1.17"
"A40,GLN,0.12666666666666668"
"A41,GLN,0.0"
"A42,ARG,1.4766666666666666"
"A43,LEU,0.03333333333333333"
"A44,ILE,0.02"
"A45,PHE,0.13333333333333333"
"A46,ALA,0.15"
"A47,GLY,0.030000000000000002"
"A48,LYS,1.0633333333333335"
"A49,GLN,0.35333333333333333"
"A50,LEU,0.14333333333333334"
"A51,GLU,1.54"
"A52,ASP,0.8366666666666666"
"A53,GLY,0.12666666666666668"
"A54,ARG,1.0133333333333334"
"A55,THR,0.18666666666666668"
"A56,LEU,0.04666666666666667"
"A57,SER,0.12666666666666668"
"A58,ASP,0.61"
"A59,TYR,0.7066666666666667"
"A60,ASN,0.25666666666666665"
"A61,ILE,0.006666666666666667"
"A62,GLN,0.2366666666666667"
"A63,LYS,0.7833333333333333"
"A64,GLU,0.8033333333333333"
"A65,SER,0.02"
"A66,THR,0.08"
"A67,LEU,0.0"
"A68,HIS,0.22666666666666668"
"A69,LEU,0.006666666666666667"
"A70,VAL,0.036666666666666674"
"A71,LEU,0.04"
"A72,ARG,1.2833333333333332"
"A73,LEU,0.20333333333333334"
"A74,ARG,1.2766666666666666"
"A75,GLY,0.03333333333333333"
"A76,GLY,0.21333333333333335"
