"ChainID,Resname,Parch_Value"
"A1,LYS,2.8333333333333335"
"A2,ARG,0.91"
"A3,ILE,0.2233333333333333"
"A4,VAL,0.043333333333333335"
"A5,LYS,0.89"
"A6,ARG,0.94"
"A7,ILE,0.17333333333333334"
"A8,LYS,1.9266666666666665"
"A9,LYS,1.1666666666666667"
"A10,TRP,0.16333333333333333"
"A11,LEU,0.3233333333333333"
"A12,ARG,2.4133333333333336"
