"ChainID,Resname,Parch_Value"
"A1,GLY,0.8333333333333334"
"A2,PRO,0.16"
"A3,LEU,0.29333333333333333"
"A4,GLY,0.16333333333333333"
"A5,SER,0.39666666666666667"
"A6,LYS,1.1700000000000002"
"A7,LYS,1.5566666666666666"
"A8,ARG,0.9700000000000001"
"A9,GLU,0.7599999999999999"
"A10,VAL,0.5099999999999999"
"A11,TRP,0.66"
"A12,THR,0.45999999999999996"
"A13,ASP,1.09"
"A14,ALA,0.06666666666666667"
"A15,GLU,0.7799999999999999"
"A16,HIS,0.09666666666666668"
"A17,ALA,0.06666666666666667"
"A18,LYS,0.8533333333333332"
"A19,PHE,0.02666666666666667"
"A20,VAL,0.06"
"A21,GLU,0.32"
"A22,GLY,0.01"
"A23,LEU,0.02"
"A24,ALA,0.04666666666666667"
"A25,LEU,0.04666666666666667"
"A26,PHE,0.07333333333333335"
"A27,HIS,0.5833333333333334"
"A28,LYS,1.1366666666666667"
"A29,ASP,0.09999999999999999"
"A30,TRP,0.13"
"A31,LYS,0.6266666666666666"
"A32,LYS,0.31666666666666665"
"A33,ILE,0.013333333333333334"
"A34,LYS,0.5933333333333334"
"A35,GLU,0.62"
"A36,TYR,0.33"
"A37,ILE,0.09666666666666668"
"A38,GLY,0.12333333333333334"
"A39,THR,0.6866666666666666"
"A40,LYS,0.9233333333333333"
"A41,THR,0.08333333333333333"
"A42,VAL,0.06666666666666667"
"A43,VAL,0.016666666666666666"
"A44,GLN,0.14333333333333334"
"A45,ILE,0.0"
"A46,ARG,0.5433333333333333"
"A47,SER,0.016666666666666666"
"A48,HIS,0.15333333333333332"
"A49,ALA,0.0"
"A50,GLN,0.32"
"A51,LYS,0.7666666666666667"
"A52,TYR,0.18666666666666668"
"A53,PHE,0.12666666666666668"
"A54,LEU,0.22"
"A55,LYS,1.5200000000000002"
"A56,LEU,0.24333333333333332"
"A57,ASN,0.2866666666666667"
"A58,LYS,0.7366666666666667"
"A59,THR,1.1866666666666668"
"A60,ALA,1.14"
