"ChainID,Resname,Parch_Value"
"A1,VAL,0.8700000000000001"
"A2,LYS,1.6066666666666667"
"A3,TRP,0.24333333333333332"
"A4,VAL,0.006666666666666667"
"A5,LYS,1.0266666666666666"
"A6,LYS,0.84"
"A7,VAL,0.01"
"A8,VAL,0.04"
"A9,LYS,1.9466666666666665"
"A10,TRP,0.26333333333333336"
"A11,VAL,0.02333333333333333"
"A12,LYS,1.4633333333333336"
"A13,LYS,1.4533333333333334"
"A14,VAL,2.4166666666666665"
