"ChainID,Resname,Parch_Value"
"A11,GLY,0.6333333333333333"
"A12,GLY,0.12333333333333334"
"A13,LEU,0.05000000000000001"
"A14,HIS,0.12666666666666668"
"A15,VAL,0.22666666666666666"
"A16,LEU,0.043333333333333335"
"A17,LEU,0.0"
"A18,THR,0.06999999999999999"
"A19,ALA,0.013333333333333334"
"A20,THR,0.0033333333333333335"
"A21,PRO,0.01"
"A22,VAL,0.02"
"A23,GLY,0.0"
"A24,LEU,0.043333333333333335"
"A25,THR,0.01"
"A26,LEU,0.01"
"A27,LEU,0.07"
"A28,ILE,0.04"
"A29,VAL,0.02"
"A30,LEU,0.04666666666666667"
"A31,ALA,0.11"
"A32,ALA,0.0"
"A33,LEU,0.03666666666666667"
"A34,GLY,0.036666666666666674"
"A35,PHE,0.4466666666666666"
"A36,PHE,0.06999999999999999"
"A37,TYR,0.7999999999999999"
"A38,GLY,0.32"
"A39,LYS,2.9466666666666668"
"A40,LYS,3.0866666666666664"
"A41,ARG,4.373333333333334"
