"ChainID,Resname,Parch_Value"
"A1,ASN,0.75"
"A2,LEU,0.35333333333333333"
"A3,THR,0.1366666666666667"
"A4,LYS,1.78"
"A5,GLN,0.49666666666666665"
"A6,LYS,1.3233333333333335"
"A7,ASP,0.9133333333333334"
"A8,ALA,0.12333333333333334"
"A9,VAL,0.16333333333333333"
"A10,SER,0.08333333333333333"
"A11,ASP,1.4333333333333333"
"A12,THR,0.16666666666666666"
"A13,GLY,0.05333333333333334"
"A14,THR,0.15333333333333332"
"A15,ALA,0.07333333333333333"
"A16,ALA,0.02"
"A17,VAL,0.06666666666666667"
"A18,VAL,0.06333333333333334"
"A19,LYS,0.6166666666666667"
"A20,VAL,0.016666666666666666"
"A21,VAL,0.0"
"A22,GLU,0.25666666666666665"
"A23,SER,0.08"
"A24,GLN,0.09000000000000001"
"A25,ALA,0.0"
"A26,GLU,0.7200000000000001"
"A27,LEU,0.13999999999999999"
"A28,TYR,0.19999999999999998"
"A29,GLU,0.12333333333333334"
"A30,LEU,0.12666666666666668"
"A31,LYS,0.6866666666666666"
"A32,ASN,0.25"
"A33,THR,0.35333333333333333"
"A34,ASN,0.33"
"A35,GLU,0.63"
"A36,LYS,0.9466666666666667"
"A37,ALA,0.0"
"A38,SER,0.11333333333333333"
"A39,LEU,0.13333333333333333"
"A40,SER,0.20999999999999996"
"A41,LYS,0.39333333333333337"
"A42,LEU,0.0"
"A43,VAL,0.12333333333333334"
"A44,SER,0.20333333333333334"
"A45,SER,0.18666666666666668"
"A46,GLY,0.06"
"A47,ASN,0.19666666666666668"
"A48,ILE,0.006666666666666667"
"A49,SER,0.07"
"A50,GLN,0.6633333333333333"
"A51,LYS,1.36"
"A52,GLN,0.013333333333333334"
"A53,ALA,0.0"
"A54,ASP,0.036666666666666674"
"A55,SER,0.19333333333333333"
"A56,TYR,0.03333333333333333"
"A57,LYS,0.6633333333333333"
"A58,ALA,0.006666666666666667"
"A59,TYR,0.25"
"A60,TYR,0.5233333333333333"
"A61,GLY,0.18666666666666668"
"A62,LYS,0.9033333333333333"
"A63,HIS,0.4133333333333334"
"A64,SER,0.4766666666666666"
"A65,GLY,0.25333333333333335"
"A66,GLU,0.9899999999999999"
"A67,THR,0.21333333333333335"
"A68,GLN,0.7566666666666667"
"A69,THR,0.3133333333333333"
"A70,VAL,0.02666666666666667"
"A71,ALA,0.31666666666666665"
"A72,ASN,2.22"
