"ChainID,Resname,Parch_Value"
"A456,SER,1.3966666666666667"
"A457,GLY,0.32666666666666666"
"A458,GLU,1.43"
"A459,TYR,0.5399999999999999"
"A460,THR,0.18333333333333335"
"A461,GLU,0.8033333333333333"
"A462,ILE,0.01"
"A463,ALA,0.05333333333333334"
"A464,LEU,0.016666666666666666"
"A465,PRO,0.2833333333333334"
"A466,PHE,0.11666666666666665"
"A467,SER,0.2233333333333333"
"A468,TYR,0.38000000000000006"
"A469,ASP,1.1633333333333333"
"A470,GLY,0.2933333333333333"
"A471,ALA,0.14"
"A472,GLY,0.06"
"A473,GLU,0.9033333333333333"
"A474,TYR,0.38333333333333336"
"A475,TYR,0.48"
"A476,TRP,0.023333333333333334"
"A477,LYS,0.3233333333333333"
"A478,THR,0.0033333333333333335"
"A479,ASP,0.6833333333333332"
"A480,GLN,0.6466666666666666"
"A481,PHE,0.02666666666666667"
"A482,SER,0.21666666666666667"
"A483,THR,0.20666666666666667"
"A484,ASP,0.4166666666666667"
"A485,PRO,0.19999999999999998"
"A486,ASN,0.44333333333333336"
"A487,ASP,0.63"
"A488,TRP,0.26333333333333336"
"A489,SER,0.30333333333333334"
"A490,ARG,0.5866666666666668"
"A491,TYR,0.10666666666666667"
"A492,VAL,0.0"
"A493,ASN,0.30666666666666664"
"A494,SER,0.11333333333333333"
"A495,TRP,0.3633333333333333"
"A496,ASN,0.23"
"A497,LEU,0.2866666666666667"
"A498,ASP,0.6833333333333332"
"A499,LEU,0.25333333333333335"
"A500,LEU,0.0033333333333333335"
"A501,GLU,0.5633333333333334"
"A502,ILE,0.0"
"A503,ASN,0.08333333333333333"
"A504,GLY,0.25"
"A505,THR,0.10333333333333333"
"A506,ASP,0.5233333333333333"
"A507,TYR,0.29333333333333333"
"A508,THR,0.44999999999999996"
"A509,ASN,0.79"
"A510,VAL,0.27666666666666667"
"A511,TRP,0.20999999999999996"
"A512,VAL,0.05666666666666667"
"A513,ALA,0.0"
"A514,GLN,0.07666666666666667"
"A515,HIS,0.22999999999999998"
"A516,GLN,0.06333333333333334"
"A517,ILE,0.023333333333333334"
"A518,PRO,0.10333333333333333"
"A519,ALA,0.05333333333333334"
"A520,ALA,0.06666666666666667"
"A521,SER,0.26333333333333336"
"A522,ASP,1.3166666666666667"
"A523,GLY,0.02333333333333333"
"A524,TYR,0.29"
"A525,TRP,0.04666666666666667"
"A526,TYR,0.15333333333333332"
"A527,ILE,0.0033333333333333335"
"A528,HIS,0.3566666666666667"
"A529,TYR,0.11333333333333333"
"A530,LYS,1.5"
"A531,SER,0.3666666666666667"
"A532,GLY,0.3066666666666667"
"A533,VAL,0.16666666666666666"
"A534,SER,0.35333333333333333"
"A535,TRP,0.20333333333333334"
"A536,GLY,0.04"
"A537,HIS,0.5933333333333334"
"A538,VAL,0.09333333333333334"
"A539,GLU,0.5933333333333333"
"A540,ILE,0.02"
"A541,LYS,0.7399999999999999"
