"ChainID,Resname,Parch_Value"
"A2,ILE,0.8300000000000001"
"A3,CYS,0.11"
"A4,ARG,0.45333333333333337"
"A5,ILE,0.043333333333333335"
"A6,ILE,0.01"
"A7,VAL,0.016666666666666666"
"A8,VAL,0.02666666666666667"
"A9,ARG,0.9700000000000001"
"A10,VAL,0.10666666666666667"
"A11,CYS,0.05666666666666667"
"A12,ARG,1.2133333333333334"
"A13,PRO,0.12333333333333334"
"A14,ILE,0.06333333333333334"
"A15,CYS,0.06"
"A16,ARG,0.65"
"A17,ILE,0.13333333333333333"
"A18,THR,0.03666666666666667"
"A19,VAL,0.04666666666666667"
"A20,ILE,0.03666666666666667"
"A21,ARG,0.7166666666666667"
"A22,VAL,0.036666666666666674"
"A23,CYS,0.16666666666666666"
"A24,SER,0.42"
