"ChainID,Resname,Parch_Value"
"A1,GLY,0.86"
"A2,ASP,0.9700000000000001"
"A3,ILE,0.19000000000000003"
"A4,LYS,0.5499999999999999"
"A5,CYS,0.023333333333333334"
"A6,SER,0.27"
"A7,GLY,0.02666666666666667"
"A8,THR,0.17333333333333334"
"A9,ARG,0.98"
"A10,GLN,0.22999999999999998"
"A11,CYS,0.0"
"A12,TRP,0.24333333333333332"
"A13,GLY,0.05666666666666667"
"A14,PRO,0.09999999999999999"
"A15,CYS,0.0033333333333333335"
"A16,LYS,1.36"
"A17,LYS,0.77"
"A18,GLN,0.19666666666666666"
"A19,THR,0.20666666666666667"
"A20,THR,0.18333333333333335"
"A21,CYS,0.05333333333333334"
"A22,THR,0.5333333333333333"
"A23,ASN,0.61"
"A24,SER,0.04666666666666667"
"A25,LYS,0.7133333333333334"
"A26,CYS,0.04666666666666667"
"A27,MET,0.05333333333333334"
"A28,ASN,0.26"
"A29,GLY,0.05000000000000001"
"A30,LYS,0.2333333333333333"
"A31,CYS,0.04666666666666667"
"A32,LYS,0.9766666666666666"
"A33,CYS,0.11666666666666665"
"A34,TYR,0.2966666666666667"
"A35,GLY,0.03333333333333333"
"A36,CYS,0.17"
"A37,VAL,1.4666666666666668"
