"ChainID,Resname,Parch_Value"
"A1,MET,0.8533333333333334"
"A2,GLY,0.13333333333333333"
"A3,HIS,0.66"
"A4,HIS,0.7666666666666666"
"A5,HIS,0.7866666666666667"
"A6,HIS,0.42"
"A7,HIS,0.8133333333333334"
"A8,HIS,0.68"
"A9,GLU,1.26"
"A10,ASN,0.5"
"A11,LEU,0.6033333333333334"
"A12,TYR,0.32666666666666666"
"A13,PHE,0.31333333333333335"
"A14,GLN,0.20333333333333334"
"A15,SER,0.7333333333333333"
"A16,HIS,0.4033333333333333"
"A17,MET,0.21999999999999997"
"A18,THR,0.0033333333333333335"
"A19,ASP,0.7033333333333333"
"A20,GLU,0.9199999999999999"
"A21,LEU,0.0"
"A22,LEU,0.03"
"A23,GLU,1.61"
"A24,ARG,0.77"
"A25,LEU,0.0033333333333333335"
"A26,ARG,0.41333333333333333"
"A27,GLN,0.14333333333333334"
"A28,LEU,0.006666666666666667"
"A29,PHE,0.03333333333333333"
"A30,GLU,0.09000000000000001"
"A31,GLU,1.3399999999999999"
"A32,LEU,0.006666666666666667"
"A33,HIS,0.3"
"A34,GLU,1.4433333333333334"
"A35,ARG,1.6866666666666668"
"A36,GLY,0.13333333333333333"
"A37,THR,0.11333333333333333"
"A38,GLU,0.25333333333333335"
"A39,ILE,0.02666666666666667"
"A40,VAL,0.09666666666666668"
"A41,VAL,0.01"
"A42,GLU,0.21666666666666667"
"A43,VAL,0.013333333333333334"
"A44,HIS,0.24333333333333332"
"A45,ILE,0.21666666666666667"
"A46,ASN,0.6833333333333332"
"A47,GLY,0.18000000000000002"
"A48,GLU,1.6866666666666668"
"A49,ARG,1.4800000000000002"
"A50,ASP,0.5133333333333333"
"A51,GLU,1.9333333333333333"
"A52,ILE,0.10666666666666667"
"A53,ARG,1.36"
"A54,VAL,0.08"
"A55,ARG,1.54"
"A56,ASN,1.17"
"A57,ILE,0.07"
"A58,SER,0.10666666666666667"
"A59,LYS,0.8366666666666666"
"A60,GLU,0.3333333333333333"
"A61,GLU,0.21"
"A62,LEU,0.0"
"A63,LYS,0.5733333333333334"
"A64,LYS,0.8466666666666667"
"A65,LEU,0.03666666666666667"
"A66,LEU,0.10666666666666667"
"A67,GLU,1.0566666666666666"
"A68,ARG,1.3633333333333333"
"A69,ILE,0.10999999999999999"
"A70,ARG,0.43333333333333335"
"A71,GLU,1.33"
"A72,LYS,0.6933333333333334"
"A73,ILE,0.09333333333333334"
"A74,GLU,0.49"
"A75,ARG,1.4800000000000002"
"A76,GLU,1.2666666666666666"
"A77,GLY,0.060000000000000005"
"A78,SER,0.19666666666666666"
"A79,SER,0.3133333333333333"
"A80,GLU,1.21"
"A81,VAL,0.11333333333333334"
"A82,GLU,0.52"
"A83,VAL,0.0"
"A84,ASN,0.11666666666666665"
"A85,VAL,0.0"
"A86,HIS,0.32"
"A87,SER,0.03333333333333333"
"A88,GLY,0.12666666666666668"
"A89,GLY,0.13"
"A90,GLN,0.2733333333333334"
"A91,THR,0.09000000000000001"
"A92,TRP,0.12666666666666668"
"A93,THR,0.26"
"A94,PHE,0.09666666666666666"
"A95,ASN,0.15666666666666665"
"A96,GLU,0.3633333333333333"
"A97,LYS,3.8766666666666665"
