"ChainID,Resname,Parch_Value"
"A1,ARG,3.096666666666667"
"A2,TRP,0.29"
"A3,LYS,1.1566666666666667"
"A4,ARG,1.1733333333333333"
"A5,HIS,0.3133333333333333"
"A6,ILE,0.01"
"A7,SER,0.07333333333333335"
"A8,GLU,0.5033333333333333"
"A9,GLN,0.11666666666666668"
"A10,LEU,0.07666666666666667"
"A11,ARG,0.5866666666666666"
"A12,ARG,1.7166666666666668"
"A13,ARG,0.96"
"A14,ASP,0.43333333333333335"
"A15,ARG,1.16"
"A16,LEU,0.15333333333333335"
"A17,GLN,0.59"
"A18,ARG,0.88"
"A19,GLN,0.21333333333333335"
"A20,ALA,0.8966666666666666"
