"ChainID,Resname,Parch_Value"
"A1,GLY,1.0999999999999999"
"A2,ASP,1.2233333333333334"
"A3,CYS,0.21999999999999997"
"A4,LEU,0.4266666666666667"
"A5,GLY,0.12"
"A6,TRP,0.3866666666666667"
"A7,PHE,0.24333333333333332"
"A8,SER,0.25333333333333335"
"A9,GLY,0.19333333333333333"
"A10,CYS,0.2733333333333334"
"A11,ASP,1.05"
"A12,PRO,0.24"
"A13,ASN,0.19999999999999998"
"A14,ASN,0.34"
"A15,ASN,0.6"
"A16,LYS,1.8266666666666669"
"A17,CYS,0.17666666666666667"
"A18,CYS,0.19000000000000003"
"A19,GLU,1.6366666666666667"
"A20,GLY,0.23666666666666666"
"A21,TYR,0.5566666666666666"
"A22,VAL,0.2833333333333334"
"A23,CYS,0.06333333333333334"
"A24,HIS,0.28"
"A25,TRP,1.6433333333333333"
"A26,LYS,1.2"
"A27,TYR,0.21333333333333335"
"A28,PRO,0.023333333333333334"
"A29,TRP,0.18333333333333335"
"A30,CYS,0.01"
"A31,ARG,0.54"
"A32,TYR,1.0266666666666666"
"A33,ASP,1.62"
"A34,LEU,2.3233333333333333"
