"ChainID,Resname,Parch_Value"
"A1,PHE,1.2066666666666668"
"A2,LEU,0.07333333333333335"
"A3,GLY,0.049999999999999996"
"A4,MET,0.9533333333333335"
"A5,LEU,0.04666666666666667"
"A6,LEU,0.06333333333333334"
"A7,HIS,0.9033333333333333"
"A8,GLY,0.16666666666666666"
"A9,VAL,0.02666666666666667"
"A10,GLY,0.0033333333333333335"
"A11,HIS,0.12666666666666668"
"A12,ALA,0.16"
"A13,ILE,0.05666666666666667"
"A14,HIS,0.16333333333333333"
"A15,GLY,0.05000000000000001"
"A16,LEU,0.3433333333333333"
"A17,ILE,0.15333333333333332"
"A18,HIS,0.48666666666666664"
"A19,GLY,0.04"
"A20,LYS,0.39999999999999997"
"A21,GLN,0.45999999999999996"
"A22,ASN,0.35666666666666663"
"A23,VAL,0.7666666666666666"
"A24,GLU,4.716666666666666"
