"ChainID,Resname,Parch_Value"
"A11,ARG,1.7966666666666666"
"A12,ILE,0.13666666666666666"
"A13,CYS,0.03333333333333333"
"A14,GLN,0.08666666666666667"
"A15,PHE,0.14333333333333334"
"A16,VAL,0.01"
"A17,LEU,0.0033333333333333335"
"A18,ILE,0.03333333333333333"
"A19,ARG,0.7000000000000001"
"A20,VAL,0.07666666666666667"
"A21,CYS,0.17333333333333334"
"A22,ARG,1.3466666666666667"
"B111,ARG,1.8499999999999999"
"B112,ILE,0.08333333333333333"
"B113,CYS,0.06666666666666667"
"B114,GLN,0.17666666666666667"
"B115,PHE,0.13"
"B116,VAL,0.06"
"B117,LEU,0.05333333333333334"
"B118,ILE,0.08"
"B119,ARG,0.7366666666666667"
"B120,VAL,0.09666666666666666"
"B121,CYS,0.16666666666666666"
"B122,ARG,1.1233333333333333"
"C211,ARG,3.3533333333333335"
"C212,ILE,0.13999999999999999"
"C213,CYS,0.11666666666666665"
"C214,GLN,0.31"
"C215,PHE,0.11333333333333334"
"C216,VAL,0.013333333333333334"
"C217,LEU,0.06"
"C218,ILE,0.006666666666666667"
"C219,ARG,0.7366666666666667"
"C220,VAL,0.023333333333333334"
"C221,CYS,0.06999999999999999"
"C222,ARG,1.4400000000000002"
"D311,ARG,2.4166666666666665"
"D312,ILE,0.19666666666666666"
"D313,CYS,0.05333333333333334"
"D314,GLN,0.29333333333333333"
"D315,PHE,0.08666666666666667"
"D316,VAL,0.02"
"D317,LEU,0.02333333333333333"
"D318,ILE,0.01"
"D319,ARG,0.48666666666666664"
"D320,VAL,0.1433333333333333"
"D321,CYS,0.17666666666666667"
"D322,ARG,2.5366666666666666"
