"ChainID,Resname,Parch_Value"
"A1,ALA,0.49333333333333335"
"A2,GLY,0.05333333333333334"
"A3,GLU,0.41333333333333333"
"A4,CYS,0.08666666666666667"
"A5,VAL,0.2966666666666667"
"A6,ARG,1.9733333333333334"
"A7,GLY,0.08666666666666667"
"A8,ARG,0.7133333333333334"
"A9,CYS,0.01"
"A10,PRO,0.21666666666666665"
"A11,GLY,0.10666666666666667"
"A12,GLY,0.13999999999999999"
"A13,LEU,0.10333333333333333"
"A14,CYS,0.04666666666666667"
"A15,CYS,0.01"
"A16,SER,0.01"
"A17,LYS,0.6533333333333333"
"A18,PHE,0.15"
"A19,GLY,0.07333333333333333"
"A20,PHE,0.10333333333333333"
"A21,CYS,0.07"
"A22,GLY,0.01"
"A23,SER,0.24"
"A24,GLY,0.09999999999999999"
"A25,PRO,0.06999999999999999"
"A26,ALA,0.07666666666666667"
"A27,TYR,0.4533333333333333"
"A28,CYS,0.17666666666666667"
"A29,GLY,0.36000000000000004"
"A30,GLY,0.5666666666666668"
