"ChainID,Resname,Parch_Value"
"A1,THR,1.1266666666666667"
"A2,THR,0.17666666666666667"
"A3,TYR,0.17666666666666667"
"A4,LYS,0.28"
"A5,TYR,0.09999999999999999"
"A6,ILE,0.05000000000000001"
"A7,LEU,0.006666666666666667"
"A8,ASN,0.2333333333333333"
"A9,LEU,0.006666666666666667"
"A10,LYS,0.9400000000000001"
"A11,PHE,0.33"
"A12,ALA,0.4266666666666667"
"A13,PHE,0.96"
"A14,GLY,0.18000000000000002"
"A15,ASP,1.33"
"A16,THR,0.21666666666666667"
"A17,ASN,0.33666666666666667"
"A18,SER,0.27666666666666667"
"A19,GLU,2.2866666666666666"
"A20,ALA,0.07333333333333333"
"A21,VAL,0.15333333333333332"
"A22,ASP,0.6466666666666666"
"A23,ALA,0.036666666666666674"
"A24,ALA,0.64"
"A25,GLU,1.0"
"A26,ALA,0.09999999999999999"
"A27,GLU,0.7833333333333332"
"A28,LYS,0.6833333333333332"
"A29,LYS,0.9100000000000001"
"A30,PHE,0.08"
"A31,LYS,0.9033333333333333"
"A32,GLN,0.06666666666666667"
"A33,TYR,0.20333333333333334"
"A34,ALA,0.013333333333333334"
"A35,ASN,0.11333333333333333"
"A36,ASP,1.0266666666666666"
"A37,HIS,0.10666666666666667"
"A38,GLY,0.14666666666666664"
"A39,VAL,0.10333333333333333"
"A40,ASP,1.8099999999999998"
"A41,GLY,0.07333333333333333"
"A42,GLU,1.4100000000000001"
"A43,TRP,0.5133333333333333"
"A44,THR,0.19666666666666666"
"A45,TYR,0.25"
"A46,ASP,1.05"
"A47,ASP,1.3566666666666667"
"A48,ALA,0.20666666666666667"
"A49,THR,0.22333333333333336"
"A50,LYS,2.0399999999999996"
"A51,THR,0.44333333333333336"
"A52,PHE,0.06"
"A53,THR,0.07666666666666666"
"A54,VAL,0.0"
"A55,THR,0.15666666666666665"
"A56,ALA,0.01"
"A57,LYS,0.9400000000000001"
"A58,ASP,0.7966666666666665"
"A59,SER,0.36000000000000004"
"A60,HIS,0.81"
"A61,ALA,0.04"
"A62,ASP,0.54"
"A63,ARG,0.9933333333333333"
"A64,VAL,0.01"
"A65,ARG,0.8566666666666668"
"A66,GLU,0.2933333333333334"
"A67,LEU,0.02333333333333333"
"A68,ALA,0.013333333333333334"
"A69,GLN,0.7033333333333333"
"A70,ARG,0.96"
"A71,LEU,0.05333333333333334"
"A72,ARG,1.4800000000000002"
"A73,GLN,1.04"
"A74,ARG,1.876666666666667"
"A75,PRO,0.25"
"A76,ARG,1.6500000000000001"
"A77,VAL,0.9400000000000001"
"A78,GLU,0.89"
"A79,ARG,1.0966666666666667"
"A80,VAL,0.04666666666666667"
"A81,GLU,0.9066666666666667"
"A82,ILE,0.35333333333333333"
"A83,THR,0.1366666666666667"
"A84,GLU,0.6266666666666666"
"A85,VAL,0.02666666666666667"
"A86,THR,0.15666666666666665"
"A87,GLU,0.5833333333333334"
