"ChainID,Resname,Parch_Value"
"A1,GLY,0.5933333333333334"
"A2,ILE,0.19333333333333333"
"A3,LEU,0.10666666666666667"
"A4,ASP,0.5633333333333334"
"A5,ILE,0.05000000000000001"
"A6,LYS,0.5633333333333334"
"A7,ASN,0.14666666666666667"
"A8,LYS,0.84"
"A9,VAL,0.03666666666666667"
"A10,SER,0.12"
"A11,ASN,0.22999999999999998"
"A12,LEU,0.04"
"A13,PHE,0.11333333333333334"
"A14,LYS,1.4400000000000002"
"A15,LYS,1.4366666666666668"
"A16,ILE,0.09333333333333334"
"A17,LYS,1.6533333333333333"
"A18,GLY,0.25666666666666665"
"A19,GLU,2.9466666666666668"
"A20,LYS,2.86"
