"ChainID,Resname,Parch_Value"
"A1,PHE,0.8566666666666668"
"A2,PHE,0.33666666666666667"
"A3,CYS,0.18000000000000002"
"A4,VAL,0.3333333333333333"
"A5,GLN,0.45333333333333337"
"A6,GLY,0.16333333333333333"
"A8,ALA,0.09666666666666668"
"A9,ASN,0.28"
"A10,ARG,0.8466666666666667"
"A11,PHE,0.30666666666666664"
"A13,ILE,0.34"
"A14,ASN,0.36000000000000004"
"A15,VAL,0.26"
"A16,CYS,1.1033333333333333"
