"ChainID,Resname,Parch_Value"
"A1,ALA,1.58"
"A2,ASP,1.0733333333333333"
"A3,CYS,0.05333333333333334"
"A4,THR,0.7799999999999999"
"A5,GLU,1.7566666666666666"
"A6,TYR,0.5133333333333333"
"A7,CYS,0.16"
"A8,SER,0.4833333333333334"
"A9,ASN,0.51"
"A10,SER,0.3666666666666667"
"A11,CYS,0.10333333333333333"
"A12,PRO,0.12"
"A13,PHE,0.32666666666666666"
"A14,CYS,0.02666666666666667"
"A15,ASN,0.19333333333333336"
"A16,GLY,0.16666666666666666"
"A17,GLN,0.08666666666666667"
"A18,PRO,0.06666666666666667"
"A19,LEU,0.05666666666666667"
"A20,TYR,0.5033333333333333"
"A21,GLN,0.27666666666666667"
"A22,LEU,0.06666666666666667"
"A23,CYS,0.013333333333333334"
"A24,CYS,0.016666666666666666"
"A25,ILE,0.20333333333333334"
"A26,ASN,0.15333333333333332"
"A27,ASN,0.16666666666666666"
"A28,CYS,0.08666666666666667"
"A29,CYS,0.21"
"A30,PRO,0.6466666666666666"
"A31,SER,1.7766666666666666"
