"ChainID,Resname,Parch_Value"
"A239,ALA,0.9333333333333332"
"A240,MET,0.35333333333333333"
"A241,GLY,0.06333333333333334"
"A242,ASN,0.8466666666666667"
"A243,LYS,1.1933333333333334"
"A244,ILE,0.03333333333333333"
"A245,TYR,0.06333333333333334"
"A246,VAL,0.0"
"A247,GLY,0.0"
"A248,GLY,0.006666666666666667"
"A249,LEU,0.023333333333333334"
"A250,PRO,0.09999999999999999"
"A251,THR,0.2333333333333333"
"A252,CYS,0.15666666666666665"
"A253,LEU,0.10333333333333333"
"A254,ASN,0.3433333333333333"
"A255,GLN,0.39333333333333337"
"A256,ASP,1.3433333333333335"
"A257,GLN,0.7066666666666667"
"A258,VAL,0.0"
"A259,LYS,0.5333333333333333"
"A260,GLU,1.1933333333333334"
"A261,LEU,0.11666666666666665"
"A262,LEU,0.0"
"A263,GLN,0.26"
"A264,SER,0.19333333333333333"
"A265,PHE,0.08333333333333333"
"A266,GLY,0.016666666666666666"
"A267,GLU,1.5533333333333335"
"A268,LEU,0.09999999999999999"
"A269,LYS,1.4966666666666668"
"A270,GLY,0.25666666666666665"
"A271,LEU,0.08"
"A272,ASN,0.3666666666666667"
"A273,LEU,0.07333333333333335"
"A274,VAL,0.04"
"A275,MET,0.07"
"A276,ASP,0.25"
"A277,THR,0.18333333333333335"
"A278,ASN,0.09666666666666668"
"A279,THR,0.10333333333333333"
"A280,ASN,0.3066666666666667"
"A281,LEU,0.19666666666666668"
"A282,ASN,0.07666666666666667"
"A283,LYS,0.5133333333333333"
"A284,GLY,0.043333333333333335"
"A285,PHE,0.07"
"A286,ALA,0.0"
"A287,PHE,0.20333333333333334"
"A288,PHE,0.023333333333333334"
"A289,GLU,0.5566666666666666"
"A290,TYR,0.16666666666666666"
"A291,CYS,0.48333333333333334"
"A292,ASP,0.4033333333333333"
"A293,PRO,0.56"
"A294,SER,0.18666666666666668"
"A295,VAL,0.06333333333333334"
"A296,THR,0.08"
"A297,ASP,0.7200000000000001"
"A298,HIS,0.09333333333333334"
"A299,ALA,0.0"
"A300,ILE,0.08666666666666667"
"A301,ALA,0.013333333333333334"
"A302,GLY,0.03"
"A303,LEU,0.0"
"A304,HIS,0.32666666666666666"
"A305,GLY,0.24"
"A306,MET,0.26333333333333336"
"A307,LEU,0.30000000000000004"
"A308,LEU,0.2233333333333333"
"A309,GLY,0.12666666666666668"
"A310,ASP,1.61"
"A311,ARG,1.2000000000000002"
"A312,ARG,0.9966666666666667"
"A313,LEU,0.07333333333333333"
"A314,VAL,0.15333333333333332"
"A315,VAL,0.04"
"A316,GLN,0.16666666666666666"
"A317,ARG,0.9"
"A318,SER,0.09333333333333334"
"A319,ILE,1.2966666666666669"
