"ChainID,Resname,Parch_Value"
"A1,GLU,2.22"
"A2,LYS,1.7133333333333332"
"A3,ARG,1.1866666666666668"
"A4,TRP,0.67"
"A5,ARG,1.1166666666666667"
"A6,ARG,1.57"
"A7,LEU,0.22999999999999998"
"A8,ILE,0.07"
"A9,PHE,0.36999999999999994"
"A10,ASN,0.5433333333333333"
"A11,TYR,0.29666666666666663"
"A12,PHE,1.3033333333333335"
