"ChainID,Resname,Parch_Value"
"A1,PRO,0.7433333333333335"
"A2,MET,0.20666666666666667"
"A3,ALA,0.21"
"A4,GLN,0.33666666666666667"
"A5,VAL,0.09999999999999999"
"A6,HIS,0.13333333333333333"
"A7,GLN,0.29666666666666663"
"A8,GLY,0.14"
"A9,LEU,0.2866666666666667"
"A10,MET,0.4666666666666666"
"A11,PRO,0.20666666666666667"
"A12,THR,0.13999999999999999"
"A13,ALA,0.13"
"A14,PRO,0.21999999999999997"
"A15,PRO,0.7000000000000001"
"A16,GLU,1.8433333333333335"
"A17,ASP,1.07"
"A18,PRO,0.5166666666666666"
"A19,ALA,0.043333333333333335"
"A20,VAL,0.15"
"A21,ASP,0.3866666666666667"
"A22,LEU,0.08666666666666667"
"A23,LEU,0.02"
"A24,LYS,0.5800000000000001"
"A25,ASN,0.12000000000000001"
"A26,TYR,0.09000000000000001"
"A27,MET,0.06666666666666667"
"A28,GLN,0.27666666666666667"
"A29,LEU,0.04666666666666667"
"A30,GLY,0.036666666666666674"
"A31,LYS,1.0833333333333333"
"A32,GLN,0.36000000000000004"
"A33,GLN,0.13"
"A34,ARG,1.9900000000000002"
"A35,GLU,0.7866666666666666"
"A36,LYS,1.0066666666666666"
"A37,GLN,0.44333333333333336"
"A38,ARG,1.22"
"A39,GLU,0.71"
"A40,SER,0.42333333333333334"
"A41,ARG,1.37"
"A42,GLU,0.9333333333333332"
"A43,LYS,1.7266666666666666"
"A44,PRO,0.39999999999999997"
"A45,TYR,0.49333333333333335"
"A46,LYS,1.6266666666666667"
"A47,GLU,2.0500000000000003"
"A48,VAL,0.13333333333333333"
"A49,THR,0.18666666666666668"
"A50,GLU,1.0266666666666666"
"A51,ASP,0.7799999999999999"
"A52,LEU,0.41"
"A53,LEU,0.22"
"A54,HIS,0.41"
"A55,LEU,0.31333333333333335"
"A56,ASN,0.2133333333333333"
"A57,SER,0.06666666666666667"
"A58,LEU,0.04666666666666667"
"A59,PHE,0.18666666666666665"
"A60,GLY,0.08333333333333333"
"A61,GLY,0.12666666666666668"
"A62,ASP,1.33"
"A63,GLN,1.8"
