"ChainID,Resname,Parch_Value"
"A1,MET,0.9900000000000001"
"A2,GLY,0.25666666666666665"
"A3,HIS,0.86"
"A4,HIS,0.71"
"A5,HIS,0.5399999999999999"
"A6,HIS,0.49"
"A7,HIS,0.33666666666666667"
"A8,HIS,1.0766666666666667"
"A9,THR,0.09000000000000001"
"A10,LYS,1.0533333333333332"
"A11,GLY,0.0"
"A12,ASN,0.18333333333333332"
"A13,VAL,0.0"
"A14,THR,0.03333333333333333"
"A15,SER,0.13333333333333333"
"A16,LYS,0.5333333333333333"
"A17,THR,0.9266666666666667"
"A18,ASP,1.0733333333333333"
"A19,GLY,0.06"
"A20,GLN,0.31666666666666665"
"A21,PRO,0.29333333333333333"
"A22,ILE,0.013333333333333334"
"A23,ILE,0.06666666666666667"
"A24,GLY,0.016666666666666666"
"A25,ALA,0.0"
"A26,SER,0.10000000000000002"
"A27,VAL,0.0"
"A28,VAL,0.2933333333333334"
"A29,GLU,1.4233333333333336"
"A30,THR,0.09333333333333334"
"A31,THR,0.38999999999999996"
"A32,ALA,0.16666666666666666"
"A33,THR,0.21999999999999997"
"A34,THR,0.08666666666666667"
"A35,ASN,0.6066666666666667"
"A36,GLY,0.02666666666666667"
"A37,THR,0.18666666666666668"
"A38,ILE,0.16333333333333333"
"A39,THR,0.0"
"A40,ASP,0.7399999999999999"
"A41,PHE,0.2933333333333333"
"A42,ASP,1.1066666666666667"
"A43,GLY,0.0"
"A44,ASN,0.19000000000000003"
"A45,PHE,0.0"
"A46,THR,0.3833333333333333"
"A47,LEU,0.16"
"A48,SER,0.4566666666666666"
"A49,VAL,0.21666666666666667"
"A50,PRO,0.13333333333333333"
"A51,VAL,0.2866666666666667"
"A52,ASN,0.5433333333333333"
"A53,SER,0.17"
"A54,THR,0.3833333333333333"
"A55,LEU,0.0"
"A56,LYS,0.39666666666666667"
"A57,ILE,0.0"
"A58,THR,0.12333333333333334"
"A59,TYR,0.33"
"A60,ILE,0.25666666666666665"
"A61,GLY,0.17666666666666667"
"A62,TYR,0.3066666666666667"
"A63,LYS,0.38666666666666666"
"A64,PRO,0.37333333333333335"
"A65,VAL,0.21666666666666667"
"A66,THR,0.22333333333333336"
"A67,VAL,0.16666666666666666"
"A68,LYS,1.4533333333333334"
"A69,ALA,0.01"
"A70,ALA,0.14666666666666667"
"A71,ALA,0.3666666666666667"
"A72,ILE,0.27"
"A73,VAL,0.04666666666666667"
"A74,ASN,0.4766666666666666"
"A75,VAL,0.016666666666666666"
"A76,LEU,0.41"
"A77,LEU,0.02333333333333333"
"A78,GLU,0.31666666666666665"
"A79,GLU,1.1966666666666665"
"A80,ASP,0.6366666666666666"
"A81,THR,0.49333333333333335"
"A82,GLN,0.27"
"A83,MET,0.19333333333333333"
"A84,VAL,0.5833333333333334"
"A85,ASP,0.94"
"A86,GLU,1.9366666666666668"
"A87,VAL,0.42"
"A88,VAL,0.42"
"A89,VAL,0.19000000000000003"
"A90,THR,0.19333333333333333"
"A91,GLY,0.04666666666666666"
"A92,TYR,0.21333333333333335"
"A93,THR,0.9766666666666667"
