"ChainID,Resname,Parch_Value"
"A1,GLY,1.1366666666666667"
"A2,CYS,0.12"
"A3,HIS,0.35333333333333333"
"A4,TYR,0.35333333333333333"
"A5,THR,0.03"
"A6,PRO,0.09000000000000001"
"A7,PHE,0.13666666666666666"
"A8,GLY,0.06333333333333334"
"A9,LEU,0.3"
"A10,ILE,0.04"
"A11,CYS,0.10666666666666667"
"A12,PHE,1.4166666666666667"
