"ChainID,Resname,Parch_Value"
"A1,VAL,0.45"
"A2,ASN,0.27666666666666667"
"A3,VAL,0.023333333333333334"
"A4,ASN,0.10000000000000002"
"A5,PHE,0.006666666666666667"
"A6,ARG,0.9633333333333333"
"A7,CYS,0.016666666666666666"
"A8,ASP,0.19000000000000003"
"A9,ASN,0.29333333333333333"
"A10,GLY,0.0"
"A11,VAL,0.10333333333333333"
"A12,THR,0.03"
"A13,GLN,0.4366666666666667"
"A14,MET,0.3366666666666666"
"A15,GLY,0.08333333333333333"
"A16,ASP,0.14666666666666667"
"A17,SER,0.0"
"A18,VAL,0.0"
"A19,TYR,0.05000000000000001"
"A20,ALA,0.0"
"A21,VAL,0.0"
"A22,GLY,0.0"
"A23,ASN,0.08"
"A24,VAL,0.02666666666666667"
"A25,SER,0.06666666666666667"
"A26,GLN,0.13999999999999999"
"A27,LEU,0.0"
"A28,GLY,0.016666666666666666"
"A29,ASN,0.07666666666666667"
"A30,TRP,0.16"
"A31,SER,0.056666666666666664"
"A32,PRO,0.023333333333333334"
"A33,ALA,0.05333333333333334"
"A34,SER,0.13333333333333333"
"A35,ALA,0.03"
"A36,VAL,0.18666666666666665"
"A37,ARG,0.56"
"A38,LEU,0.0"
"A39,THR,0.26333333333333336"
"A40,ASP,0.15000000000000002"
"A41,THR,0.2966666666666667"
"A42,SER,0.26"
"A43,SER,0.14"
"A44,TYR,0.10666666666666667"
"A45,PRO,0.02"
"A46,THR,0.09000000000000001"
"A47,TRP,0.016666666666666666"
"A48,LYS,0.31333333333333335"
"A49,GLY,0.006666666666666667"
"A50,SER,0.09333333333333334"
"A51,ILE,0.09000000000000001"
"A52,ALA,0.13"
"A53,LEU,0.04"
"A54,PRO,0.10666666666666667"
"A55,ASP,0.5033333333333333"
"A56,GLY,0.049999999999999996"
"A57,GLN,0.06333333333333334"
"A58,ASN,0.19000000000000003"
"A59,VAL,0.03"
"A60,GLU,0.5933333333333334"
"A61,TRP,0.0"
"A62,LYS,0.05333333333333334"
"A63,CYS,0.006666666666666667"
"A64,LEU,0.0033333333333333335"
"A65,ILE,0.02333333333333333"
"A66,ARG,0.21"
"A67,ASN,0.10666666666666667"
"A68,GLU,0.7433333333333333"
"A69,ALA,0.11666666666666665"
"A70,ASP,0.5266666666666667"
"A71,ALA,0.060000000000000005"
"A72,THR,0.22666666666666668"
"A73,LEU,0.4000000000000001"
"A74,VAL,0.07333333333333333"
"A75,ARG,0.7833333333333333"
"A76,GLN,0.15"
"A77,TRP,0.1366666666666667"
"A78,GLN,0.013333333333333334"
"A79,SER,0.29"
"A80,GLY,0.08666666666666667"
"A81,GLY,0.19999999999999998"
"A82,ASN,0.32666666666666666"
"A83,ASN,0.01"
"A84,GLN,0.48"
"A85,VAL,0.07"
"A86,GLN,0.15"
"A87,ALA,0.04"
"A88,ALA,0.03666666666666667"
"A89,ALA,0.07333333333333333"
"A90,GLY,0.08666666666666667"
"A91,ALA,0.016666666666666666"
"A92,SER,0.17666666666666667"
"A93,THR,0.04"
"A94,SER,0.29000000000000004"
"A95,GLY,0.0"
"A96,SER,0.35333333333333333"
"A97,PHE,0.8466666666666667"
