"ChainID,Resname,Parch_Value"
"A1,ASN,1.07"
"A2,SER,0.6133333333333333"
"A3,TYR,0.4166666666666667"
"A4,PRO,0.31333333333333335"
"A5,GLY,0.09666666666666668"
"A6,CYS,0.043333333333333335"
"A7,PRO,0.18333333333333335"
"A8,SER,0.27666666666666667"
"A9,SER,0.43"
"A10,TYR,0.22666666666666666"
"A11,ASP,0.8966666666666666"
"A12,GLY,0.24333333333333332"
"A13,TYR,0.14333333333333334"
"A14,CYS,0.12"
"A15,LEU,0.12666666666666668"
"A16,ASN,0.24666666666666667"
"A17,GLY,0.15333333333333332"
"A18,GLY,0.043333333333333335"
"A19,VAL,0.16"
"A20,CYS,0.056666666666666664"
"A21,MET,0.07666666666666667"
"A22,HIS,0.17333333333333334"
"A23,ILE,0.04666666666666667"
"A24,GLU,1.4233333333333336"
"A25,SER,0.06333333333333334"
"A26,LEU,0.14"
"A27,ASP,1.24"
"A28,SER,0.20000000000000004"
"A29,TYR,0.44"
"A30,THR,0.19999999999999998"
"A31,CYS,0.043333333333333335"
"A32,ASN,0.3466666666666667"
"A33,CYS,0.05666666666666667"
"A34,VAL,0.14333333333333334"
"A35,ILE,0.37666666666666665"
"A36,GLY,0.036666666666666674"
"A37,TYR,0.33"
"A38,SER,0.7999999999999999"
"A39,GLY,0.56"
"A40,ASP,0.75"
"A41,ARG,0.9899999999999999"
"A42,CYS,0.05333333333333334"
"A43,GLN,0.79"
"A44,THR,0.5800000000000001"
"A45,ARG,0.5466666666666667"
"A46,ASP,0.4633333333333334"
"A47,LEU,0.15333333333333335"
"A48,ARG,1.33"
"A49,TRP,0.39666666666666667"
"A50,TRP,0.25666666666666665"
"A51,GLU,0.4566666666666666"
"A52,LEU,0.8533333333333334"
"A53,ARG,3.48"
