"ChainID,Resname,Parch_Value"
"A811,MET,0.8133333333333334"
"A812,GLU,0.83"
"A813,ALA,0.09333333333333334"
"A814,LEU,0.24333333333333332"
"A815,SER,0.14666666666666667"
"A816,TRP,0.38999999999999996"
"A817,ASP,0.5633333333333334"
"A818,CYS,0.06333333333333334"
"A819,PHE,0.12"
"A820,ALA,0.0033333333333333335"
"A821,LEU,0.03"
"A822,SER,0.04666666666666667"
"A823,LEU,0.05666666666666667"
"A824,LEU,0.01"
"A825,ALA,0.016666666666666666"
"A826,VAL,0.08"
"A827,ALA,0.02"
"A828,LEU,0.03333333333333333"
"A829,GLY,0.023333333333333334"
"A830,LEU,0.16"
"A831,GLY,0.0033333333333333335"
"A832,VAL,0.11333333333333334"
"A833,PRO,0.03333333333333333"
"A834,MET,0.08333333333333333"
"A835,LEU,0.04"
"A836,HIS,0.29333333333333333"
"A837,HIS,0.25333333333333335"
"A838,LEU,0.060000000000000005"
"A839,CYS,0.10333333333333333"
"A840,GLY,0.16"
"A841,TRP,0.6633333333333333"
"A842,ASP,1.04"
"A843,LEU,0.22333333333333336"
"A844,TRP,0.20666666666666667"
"A845,TYR,0.49666666666666665"
"A846,CYS,0.049999999999999996"
"A847,PHE,0.20000000000000004"
"A848,HIS,0.22333333333333336"
"A849,LEU,0.053333333333333344"
"A850,CYS,0.21"
"A851,LEU,0.29333333333333333"
"A852,ALA,0.15333333333333332"
"A853,TRP,0.37333333333333335"
"A854,LEU,0.41"
"A855,PRO,0.07666666666666667"
"A856,TRP,1.01"
"A857,ARG,0.8099999999999999"
"A858,GLY,0.25666666666666665"
"A859,ARG,1.58"
"A860,GLN,1.8733333333333333"
