"ChainID,Resname,Parch_Value"
"A1,PHE,1.0066666666666666"
"A2,LEU,0.32999999999999996"
"A3,PRO,0.14333333333333334"
"A4,LYS,1.6866666666666665"
"A5,ILE,0.19333333333333333"
"A6,LEU,0.34"
"A7,ARG,0.9933333333333333"
"A8,LYS,1.1733333333333331"
"A9,ILE,0.21666666666666667"
"A10,VAL,0.6533333333333333"
"A11,ARG,3.1300000000000003"
"A12,ALA,1.2"
"A13,LEU,1.8966666666666665"
