"ChainID,Resname,Parch_Value"
"A1,VAL,0.8966666666666666"
"A2,VAL,0.1366666666666667"
"A3,VAL,0.13333333333333333"
"A4,ILE,0.02"
"A5,LEU,0.0033333333333333335"
"A6,SER,0.08333333333333333"
"A7,ILE,0.19666666666666666"
"A8,VAL,0.02666666666666667"
"A9,GLY,0.0"
"A10,THR,0.4266666666666667"
"A11,VAL,0.04666666666666667"
"A12,LEU,0.0"
"A13,SER,0.08666666666666667"
"A14,ASP,0.61"
"A15,ILE,0.023333333333333334"
"A16,ILE,0.0"
"A17,GLN,0.13"
"A18,LYS,0.7166666666666667"
"A19,TYR,0.11666666666666665"
"A20,PHE,0.060000000000000005"
"A21,PHE,0.16666666666666666"
"A22,SER,0.04666666666666666"
"A23,PRO,0.32666666666666666"
"A24,THR,0.10000000000000002"
"A25,LEU,0.03333333333333333"
"A26,PHE,0.17333333333333334"
"A27,ARG,1.0033333333333332"
"A28,VAL,0.06666666666666667"
"A29,ILE,0.0"
"A30,ARG,1.1733333333333333"
"A31,LEU,0.22"
"A32,ALA,0.0"
"A33,ARG,1.0533333333333335"
"A34,ILE,0.7566666666666667"
"A35,GLY,0.2933333333333334"
"A36,ARG,1.9400000000000002"
"A37,ILE,1.2233333333333334"
