"ChainID,Resname,Parch_Value"
"A290,SER,1.1966666666666665"
"A291,CYS,0.13333333333333333"
"A292,LYS,1.2466666666666668"
"A293,ALA,0.13333333333333333"
"A294,THR,0.10999999999999999"
"A295,THR,0.5666666666666667"
"A296,GLY,0.12666666666666668"
"A297,ASP,0.7433333333333333"
"A298,SER,0.056666666666666664"
"A299,GLU,1.2633333333333334"
"A300,PHE,0.17999999999999997"
"A301,TYR,0.20666666666666667"
"A302,ASP,0.9433333333333332"
"A303,THR,0.03333333333333333"
"A304,TYR,0.23333333333333336"
"A305,SER,0.03"
"A306,ILE,0.05000000000000001"
"A307,THR,0.09333333333333334"
"A308,ALA,0.030000000000000002"
"A309,CYS,0.03666666666666667"
"A310,ARG,0.32666666666666666"
"A311,ILE,0.12"
"A312,ASP,0.2933333333333334"
"A313,CYS,0.02333333333333333"
"A314,GLU,0.14333333333333334"
"A315,THR,0.14"
"A316,ARG,1.4800000000000002"
"A317,TYR,0.14"
"A318,LEU,0.04666666666666667"
"A319,VAL,0.04"
"A320,GLU,1.3"
"A321,ASN,0.13666666666666666"
"A322,CYS,0.03"
"A323,ASN,0.15333333333333332"
"A324,CYS,0.0"
"A325,ARG,0.45999999999999996"
"A326,MET,0.06666666666666667"
"A327,VAL,0.24666666666666667"
"A328,HIS,0.11666666666666665"
"A329,MET,0.15"
"A330,PRO,0.18666666666666665"
"A331,GLY,0.19999999999999998"
"A332,ASP,1.3333333333333333"
"A333,ALA,0.18333333333333335"
"A334,PRO,0.15666666666666665"
"A335,TYR,0.38999999999999996"
"A336,CYS,0.07333333333333333"
"A337,THR,0.1466666666666667"
"A338,PRO,0.05333333333333334"
"A339,GLU,1.18"
"A340,GLN,0.2733333333333334"
"A341,TYR,0.13333333333333333"
"A342,LYS,0.6333333333333334"
"A343,GLU,1.0766666666666667"
"A344,CYS,0.01"
"A345,ALA,0.0033333333333333335"
"A346,ASP,0.8366666666666666"
"A347,PRO,0.08666666666666667"
"A348,ALA,0.0033333333333333335"
"A349,LEU,0.24"
"A350,ASP,1.0266666666666666"
"A351,PHE,0.15333333333333332"
"A352,LEU,0.023333333333333334"
"A353,VAL,0.22999999999999998"
"A354,GLU,0.3466666666666667"
"A355,LYS,1.4566666666666668"
"A356,ASP,0.2966666666666667"
"A357,ASN,0.09000000000000001"
"A358,GLU,1.1199999999999999"
"A359,TYR,0.5333333333333333"
"A360,CYS,0.01"
"A361,VAL,0.16"
"A362,CYS,0.19000000000000003"
"A363,GLU,0.7399999999999999"
"A364,MET,0.2733333333333333"
"A365,PRO,0.24"
"A366,CYS,0.12666666666666668"
"A367,ASN,1.5233333333333334"
