"ChainID,Resname,Parch_Value"
"A1,GLY,0.6266666666666666"
"A2,SER,0.79"
"A3,GLY,0.25"
"A4,THR,0.4633333333333334"
"A5,GLY,0.04666666666666667"
"A6,CYS,0.0"
"A7,PRO,0.15000000000000002"
"A8,PRO,0.38999999999999996"
"A9,LEU,0.10999999999999999"
"A10,PRO,0.3433333333333333"
"A11,ASP,1.2466666666666668"
"A12,ASP,0.9433333333333334"
"A13,GLY,0.25"
"A14,ILE,0.22999999999999998"
"A15,VAL,0.26333333333333336"
"A16,PHE,0.36666666666666664"
"A17,TYR,0.3133333333333333"
"A18,GLU,0.12333333333333334"
"A19,TYR,0.32"
"A20,TYR,0.10999999999999999"
"A21,GLY,0.013333333333333334"
"A22,TYR,0.61"
"A23,ALA,0.01"
"A24,GLY,0.09999999999999999"
"A25,ASP,0.8300000000000001"
"A26,ARG,1.8233333333333333"
"A27,HIS,0.7933333333333333"
"A28,THR,0.12666666666666668"
"A29,VAL,0.11333333333333333"
"A30,GLY,0.013333333333333334"
"A31,PRO,0.09333333333333334"
"A32,VAL,0.2833333333333334"
"A33,VAL,0.1366666666666667"
"A34,THR,0.3233333333333333"
"A35,LYS,1.7566666666666666"
"A36,ASP,0.9466666666666667"
"A37,SER,0.2833333333333334"
"A38,SER,0.51"
"A39,GLY,0.4033333333333333"
"A40,ASN,0.23666666666666666"
"A41,TYR,0.16333333333333333"
"A42,PRO,0.17333333333333334"
"A43,SER,0.15333333333333335"
"A44,PRO,0.12333333333333334"
"A45,THR,0.02"
"A46,HIS,0.21333333333333335"
"A47,ALA,0.0"
"A48,ARG,0.22666666666666668"
"A49,ARG,0.24333333333333332"
"A50,ARG,0.37333333333333335"
"A51,CYS,0.07333333333333335"
"A52,ARG,0.8233333333333334"
"A53,ALA,0.07333333333333333"
"A54,LEU,0.25333333333333335"
"A55,SER,0.34333333333333327"
"A56,GLN,1.2366666666666666"
"A57,GLU,1.3833333333333335"
"A58,ALA,0.03"
"A59,ASP,0.12333333333333334"
"A60,PRO,0.49333333333333335"
"A61,GLY,0.08666666666666667"
"A62,GLU,0.4633333333333333"
"A63,PHE,0.15333333333333332"
"A64,VAL,0.056666666666666664"
"A65,ALA,0.0"
"A66,ILE,0.13"
"A67,CYS,0.0"
"A68,TYR,0.14333333333333334"
"A69,LYS,0.9433333333333334"
"A70,SER,0.19666666666666668"
"A71,GLY,0.22666666666666666"
"A72,THR,0.12333333333333334"
"A73,THR,0.3133333333333333"
"A74,GLY,0.04"
"A75,GLU,0.7000000000000001"
"A76,SER,0.05000000000000001"
"A77,HIS,0.19333333333333336"
"A78,TRP,0.02666666666666667"
"A79,GLU,1.0799999999999998"
"A80,TYR,0.5566666666666666"
"A81,TYR,0.7133333333333334"
"A82,LYS,1.8399999999999999"
"A83,ASN,0.3833333333333333"
"A84,ILE,0.6033333333333334"
"A85,GLY,0.24"
"A86,LYS,1.1900000000000002"
"A87,CYS,0.030000000000000002"
"A88,PRO,0.17333333333333334"
"A89,ASP,1.0733333333333333"
"A90,PRO,1.9900000000000002"
