"ChainID,Resname,Parch_Value"
"A1,GLY,0.89"
"A2,GLU,2.186666666666667"
"A3,ASP,1.6633333333333333"
"A4,ILE,0.68"
"A5,GLY,0.36666666666666664"
"A6,HIS,0.4666666666666666"
"A7,ILE,0.17333333333333334"
"A8,LYS,1.3833333333333335"
"A9,TYR,0.29"
"A10,CYS,0.09666666666666666"
"A11,GLY,0.03333333333333333"
"A12,ILE,0.07666666666666666"
"A13,VAL,0.2333333333333333"
"A14,ASP,0.7799999999999999"
"A15,ASP,1.2233333333333334"
"A16,CYS,0.5666666666666668"
"A17,TYR,0.54"
"A18,LYS,1.1833333333333333"
"A19,SER,0.14"
"A20,LYS,1.7133333333333332"
"A21,LYS,1.0"
"A22,PRO,0.08"
"A23,LEU,0.22666666666666666"
"A24,PHE,0.4033333333333333"
"A25,LYS,1.6466666666666665"
"A26,ILE,0.20666666666666664"
"A27,TRP,0.43999999999999995"
"A28,LYS,0.5933333333333334"
"A29,CYS,0.14"
"A30,VAL,0.15"
"A31,GLU,1.1500000000000001"
"A32,ASN,0.38333333333333336"
"A33,VAL,0.22333333333333336"
"A34,CYS,0.25333333333333335"
"A35,VAL,0.21666666666666667"
"A36,LEU,0.17666666666666667"
"A37,TRP,0.25333333333333335"
"A38,TYR,0.4033333333333333"
"A39,LYS,1.28"
