"ChainID,Resname,Parch_Value"
"A1,LEU,0.8633333333333333"
"A2,GLY,0.15333333333333332"
"A3,GLN,0.5299999999999999"
"A4,GLN,1.45"
"A5,GLN,0.63"
"A6,PRO,0.16"
"A7,PHE,0.09000000000000001"
"A8,PRO,0.19666666666666668"
"A9,PRO,0.5066666666666667"
"A10,GLN,0.62"
"A11,GLN,0.4633333333333334"
"A12,PRO,0.63"
"A13,TYR,1.5333333333333334"
