"ChainID,Resname,Parch_Value"
"A1,PHE,0.68"
"A2,VAL,0.16"
"A3,ASN,0.25666666666666665"
"A4,GLN,0.3833333333333333"
"A5,HIS,0.2233333333333333"
"A6,LEU,0.06333333333333334"
"A7,CYS,0.20666666666666667"
"A8,GLY,0.19666666666666666"
"A9,SER,0.4000000000000001"
"A10,HIS,0.4266666666666667"
"A11,LEU,0.0"
"A12,VAL,0.03666666666666667"
"A13,GLU,1.2"
"A14,ALA,0.006666666666666667"
"A15,LEU,0.0"
"A16,TYR,0.25333333333333335"
"A17,LEU,0.12333333333333334"
"A18,VAL,0.03666666666666667"
"A19,CYS,0.0"
"A20,GLY,0.03666666666666667"
"A21,GLU,1.7866666666666668"
"A22,ARG,1.2366666666666666"
"A23,GLY,0.02666666666666667"
"A24,PHE,0.13999999999999999"
"A25,PHE,1.2333333333333334"
"A26,TYR,0.41333333333333333"
"A27,THR,0.21999999999999997"
"A28,PRO,0.8466666666666667"
"A29,ARG,1.12"
"A30,THR,0.61"
"A31,GLU,0.8466666666666667"
"A32,GLU,0.5366666666666667"
"A33,GLY,0.06"
"A34,SER,0.15"
"A35,ARG,1.0799999999999998"
"A36,ARG,0.96"
"A37,SER,0.3"
"A38,ARG,0.22999999999999998"
"A39,GLY,0.04"
"A40,ILE,0.02333333333333333"
"A41,VAL,0.0033333333333333335"
"A42,GLU,0.36999999999999994"
"A43,GLN,0.09666666666666668"
"A44,CYS,0.006666666666666667"
"A45,CYS,0.06666666666666667"
"A46,ARG,1.3"
"A47,SER,0.11666666666666668"
"A48,ILE,0.29"
"A49,CYS,0.12"
"A50,SER,0.18333333333333332"
"A51,LEU,0.36000000000000004"
"A52,TYR,0.4333333333333333"
"A53,GLN,0.12"
"A54,LEU,0.0"
"A55,GLU,0.5133333333333333"
"A56,ASN,0.38000000000000006"
"A57,TYR,0.7000000000000001"
"A58,CYS,0.09333333333333334"
"A59,GLY,1.0233333333333332"
