"ChainID,Resname,Parch_Value"
"A1,CYS,1.0933333333333335"
"A2,CYS,0.38000000000000006"
"A3,SER,0.4166666666666667"
"A4,ASN,0.3833333333333333"
"A5,PRO,0.09999999999999999"
"A6,ALA,0.27666666666666667"
"A7,CYS,0.6033333333333334"
"A8,GLN,0.6133333333333333"
"A9,VAL,0.15333333333333335"
"A10,GLN,0.56"
"A11,HIS,1.38"
"A12,SER,0.17"
"A13,ASP,1.3966666666666667"
"A14,LEU,0.26999999999999996"
"A15,CYS,0.86"
