"ChainID,Resname,Parch_Value"
"A1,LYS,1.5733333333333335"
"A2,SER,0.08666666666666667"
"A3,CYS,0.0"
"A4,CYS,0.0"
"A5,PRO,0.07666666666666667"
"A6,ASN,0.25"
"A7,THR,0.11666666666666665"
"A8,THR,0.06999999999999999"
"A9,GLY,0.0"
"A10,ARG,0.28"
"A11,ASN,0.15"
"A12,ILE,0.036666666666666674"
"A13,TYR,0.036666666666666674"
"A14,ASN,0.3"
"A15,ALA,0.06"
"A16,CYS,0.0"
"A17,ARG,0.8099999999999999"
"A18,LEU,0.2233333333333333"
"A19,THR,0.09333333333333334"
"A20,GLY,0.12333333333333334"
"A21,ALA,0.0033333333333333335"
"A22,PRO,0.32"
"A23,ARG,1.4400000000000002"
"A24,PRO,0.11"
"A25,THR,0.13"
"A26,CYS,0.0"
"A27,ALA,0.016666666666666666"
"A28,LYS,1.2033333333333334"
"A29,LEU,0.15333333333333332"
"A30,SER,0.0"
"A31,GLY,0.05333333333333334"
"A32,CYS,0.006666666666666667"
"A33,LYS,0.65"
"A34,ILE,0.09333333333333334"
"A35,ILE,0.07666666666666667"
"A36,SER,0.17666666666666667"
"A37,GLY,0.04"
"A38,SER,0.2333333333333333"
"A39,THR,0.20666666666666667"
"A40,CYS,0.1466666666666667"
"A41,PRO,0.11666666666666665"
"A42,SER,0.33"
"A43,ASP,0.9433333333333334"
"A44,TYR,0.25"
"A45,PRO,0.39666666666666667"
"A46,LYS,0.42"
