"ChainID,Resname,Parch_Value"
"A335,GLY,0.4666666666666666"
"A336,ALA,0.06"
"A337,GLU,0.7233333333333333"
"A338,GLN,0.2233333333333333"
"A339,LEU,0.39666666666666667"
"A340,GLN,0.36999999999999994"
"A341,ASN,0.6866666666666666"
"A342,SER,0.3333333333333333"
"A343,ALA,0.21666666666666665"
"A344,ASN,0.9566666666666667"
"A345,ASP,1.1733333333333333"
"A346,ASP,1.96"
"A347,ASN,0.36666666666666664"
"A348,ILE,0.15666666666666665"
"A349,CYS,0.07333333333333333"
"A350,ILE,0.2866666666666667"
"A351,ILE,0.20666666666666667"
"A352,CYS,0.7399999999999999"
"A353,MET,0.25333333333333335"
"A354,ASP,1.2533333333333332"
"A355,GLU,1.7266666666666666"
"A356,LEU,0.5599999999999999"
"A357,ILE,1.08"
"A358,HIS,0.88"
"A359,SER,0.13333333333333333"
"A360,PRO,0.2733333333333334"
"A361,ASN,0.33"
"A362,GLN,0.26333333333333336"
"A363,GLN,0.5099999999999999"
"A364,THR,0.5566666666666666"
"A365,TRP,0.7233333333333333"
"A366,LYS,1.406666666666667"
"A367,ASN,0.51"
"A368,LYS,1.1866666666666668"
"A369,ASN,0.13333333333333333"
"A370,LYS,1.3033333333333335"
"A371,LYS,0.5533333333333333"
"A372,PRO,0.06666666666666667"
"A373,LYS,0.53"
"A374,ARG,0.8833333333333333"
"A375,LEU,0.09333333333333334"
"A376,PRO,0.36000000000000004"
"A377,CYS,0.15666666666666668"
"A378,GLY,0.09333333333333334"
"A379,HIS,0.25666666666666665"
"A380,ILE,0.48333333333333334"
"A381,LEU,0.03666666666666667"
"A382,HIS,0.3499999999999999"
"A383,LEU,0.17666666666666667"
"A384,SER,0.04666666666666667"
"A385,CYS,0.0"
"A386,LEU,0.02666666666666667"
"A387,LYS,1.1266666666666667"
"A388,ASN,0.36999999999999994"
"A389,TRP,0.24333333333333332"
"A390,MET,0.11666666666666665"
"A391,GLU,0.9766666666666667"
"A392,ARG,1.0799999999999998"
"A393,SER,0.14666666666666667"
"A394,GLN,0.25666666666666665"
"A395,THR,0.16666666666666666"
"A396,CYS,0.0"
"A397,PRO,0.07"
"A398,ILE,0.37999999999999995"
"A399,CYS,0.13999999999999999"
"A400,ARG,1.3499999999999999"
"A401,LEU,0.11333333333333334"
"A402,PRO,0.06666666666666667"
"A403,VAL,0.09666666666666668"
"A404,PHE,0.5166666666666666"
"A405,ASP,1.33"
"A406,GLU,1.76"
"A407,LYS,1.7066666666666668"
"A408,GLY,0.08666666666666667"
"A409,ASN,0.3499999999999999"
"A410,VAL,0.20333333333333334"
"A411,VAL,0.3766666666666667"
"A412,GLN,0.69"
