"ChainID,Resname,Parch_Value"
"A1,ALA,0.89"
"A2,GLY,0.15"
"A3,HIS,0.32"
"A4,MET,0.5299999999999999"
"A5,THR,0.24000000000000002"
"A6,ASP,0.6733333333333333"
"A7,THR,0.37333333333333335"
"A8,LEU,0.11333333333333333"
"A9,PHE,0.16666666666666666"
"A10,LEU,0.03333333333333333"
"A11,THR,0.02"
"A12,VAL,0.07"
"A13,THR,0.6233333333333333"
"A14,ALA,0.08333333333333333"
"A15,SER,0.10000000000000002"
"A16,LEU,0.13333333333333333"
"A17,THR,0.42"
"A18,LEU,0.09333333333333334"
"A19,PRO,0.12333333333333334"
"A20,TRP,0.5133333333333333"
"A21,ASP,1.1833333333333333"
"A22,HIS,0.4666666666666666"
"A23,ILE,0.0"
"A24,GLN,0.1466666666666667"
"A25,SER,0.08"
"A26,THR,0.11"
"A27,LEU,0.0033333333333333335"
"A28,LEU,0.3"
"A29,LYS,1.1666666666666667"
"A30,THR,0.05000000000000001"
"A31,LYS,1.07"
"A32,GLY,0.02"
"A33,VAL,0.10666666666666667"
"A34,THR,0.26"
"A35,ASP,0.7433333333333333"
"A36,ILE,0.07666666666666667"
"A37,LYS,0.9466666666666667"
"A38,ILE,0.6233333333333333"
"A39,TYR,0.5133333333333333"
"A40,PRO,0.3766666666666667"
"A41,GLN,0.6966666666666668"
"A42,LYS,1.4100000000000001"
"A43,ARG,0.4466666666666667"
"A44,THR,0.013333333333333334"
"A45,VAL,0.0"
"A46,ALA,0.013333333333333334"
"A47,VAL,0.0"
"A48,THR,0.06666666666666667"
"A49,ILE,0.006666666666666667"
"A50,ILE,0.10666666666666667"
"A51,PRO,0.5633333333333334"
"A52,SER,0.18666666666666668"
"A53,ILE,0.09000000000000001"
"A54,VAL,0.09666666666666668"
"A55,ASN,0.27666666666666667"
"A56,ALA,0.16333333333333333"
"A57,ASN,0.25666666666666665"
"A58,GLN,0.20333333333333334"
"A59,ILE,0.043333333333333335"
"A60,LYS,0.9700000000000001"
"A61,GLU,1.4233333333333336"
"A62,LEU,0.06333333333333334"
"A63,VAL,0.043333333333333335"
"A64,PRO,0.33666666666666667"
"A65,GLU,0.44999999999999996"
"A66,LEU,0.9833333333333333"
"A67,SER,0.2866666666666667"
"A68,LEU,0.5866666666666668"
"A69,ASP,1.2"
"A70,THR,0.8766666666666668"
"A71,GLY,0.15"
"A72,THR,0.5233333333333333"
"A73,LEU,0.5666666666666667"
"A74,GLU,1.95"
"A75,LYS,1.0366666666666666"
"A76,LYS,3.2533333333333334"
