"ChainID,Resname,Parch_Value"
"A1,CYS,1.2633333333333334"
"A2,ASN,0.54"
"A3,CYS,0.13"
"A4,LYS,0.5033333333333333"
"A5,ALA,0.07333333333333333"
"A6,PRO,0.06333333333333334"
"A7,GLU,1.67"
"A8,THR,0.27666666666666667"
"A9,ALA,0.05333333333333334"
"A10,LEU,0.16"
"A11,CYS,0.02"
"A12,ALA,0.016666666666666666"
"A13,ARG,1.28"
"A14,ARG,1.5133333333333334"
"A15,CYS,0.16666666666666666"
"A16,GLN,0.16"
"A17,GLN,0.3466666666666667"
"A18,HIS,1.8666666666666665"
