"ChainID,Resname,Parch_Value"
"A1,MET,0.7333333333333334"
"A2,GLY,0.11333333333333334"
"A3,SER,0.13666666666666666"
"A4,SER,0.12333333333333334"
"A5,HIS,0.22"
"A6,HIS,0.32666666666666666"
"A7,HIS,0.39999999999999997"
"A8,HIS,0.5"
"A9,HIS,0.4566666666666666"
"A10,HIS,0.5033333333333333"
"A11,SER,0.20666666666666667"
"A12,SER,0.09333333333333334"
"A13,GLY,0.07666666666666667"
"A14,LEU,0.29666666666666663"
"A15,VAL,0.18000000000000002"
"A16,PRO,0.15"
"A17,ARG,1.6433333333333333"
"A18,GLY,0.20333333333333334"
"A19,SER,0.37333333333333335"
"A20,HIS,1.0666666666666667"
"A21,MET,1.0766666666666669"
"A22,ASP,0.45"
"A23,ILE,0.16666666666666666"
"A24,GLU,0.9700000000000001"
"A25,GLU,1.1333333333333333"
"A26,ILE,0.06333333333333334"
"A27,GLU,0.7999999999999999"
"A28,LYS,1.5433333333333332"
"A29,LYS,0.8533333333333334"
"A30,ALA,0.0"
"A31,ARG,1.2733333333333334"
"A32,LYS,1.55"
"A33,ILE,0.27"
"A34,LEU,0.07333333333333335"
"A35,GLU,0.88"
"A36,LYS,0.7733333333333333"
"A37,GLY,0.043333333333333335"
"A38,ASP,0.5133333333333333"
"A39,SER,0.2866666666666667"
"A40,ILE,0.06666666666666667"
"A41,GLU,1.1900000000000002"
"A42,ILE,0.01"
"A43,ALA,0.17666666666666667"
"A44,GLY,0.060000000000000005"
"A45,PHE,0.08333333333333333"
"A46,GLU,0.8033333333333333"
"A47,VAL,0.02333333333333333"
"A48,ARG,1.58"
"A49,ASP,0.79"
"A50,GLU,1.4933333333333334"
"A51,GLU,0.6766666666666666"
"A52,ASP,0.31000000000000005"
"A53,LEU,0.0"
"A54,LYS,0.8133333333333334"
"A55,LYS,1.0133333333333334"
"A56,ILE,0.006666666666666667"
"A57,LEU,0.01"
"A58,GLU,0.4466666666666667"
"A59,TRP,0.13"
"A60,LEU,0.03"
"A61,ARG,1.4233333333333336"
"A62,ARG,1.2133333333333334"
"A63,HIS,0.5333333333333333"
"A64,GLY,0.8333333333333334"
