"ChainID,Resname,Parch_Value"
"A1,GLY,0.7433333333333333"
"A2,ILE,0.4366666666666667"
"A3,LEU,0.14"
"A4,ASP,0.6466666666666666"
"A5,ALA,0.013333333333333334"
"A6,ILE,0.036666666666666674"
"A7,LYS,0.8333333333333334"
"A8,ALA,0.13333333333333333"
"A9,ILE,0.10000000000000002"
"A10,ALA,0.049999999999999996"
"A11,LYS,1.7133333333333332"
"A12,ALA,0.4566666666666666"
"A13,ALA,0.44333333333333336"
"A14,GLY,1.29"
