"ChainID,Resname,Parch_Value"
"A1,ASP,1.4366666666666665"
"A2,SER,0.13333333333333333"
"A3,GLU,0.5833333333333334"
"A4,PHE,0.48666666666666664"
"A5,PRO,0.09999999999999999"
"A6,CYS,0.07333333333333335"
"A7,PRO,0.24"
"A8,ARG,0.9533333333333333"
"A9,LYS,0.8566666666666666"
"A10,GLN,0.4766666666666666"
"A11,GLN,0.2866666666666667"
"A12,PRO,0.17"
"A13,ALA,0.13333333333333333"
"A14,GLY,0.13666666666666666"
"A15,ASN,0.14"
"A16,SER,0.11666666666666665"
"A17,GLU,1.0999999999999999"
"A18,CYS,0.043333333333333335"
"A19,SER,0.03666666666666667"
"A20,TYR,0.39666666666666667"
"A21,TYR,0.41"
"A22,CYS,0.12666666666666668"
"A23,GLU,1.5266666666666666"
"A24,MET,0.14666666666666664"
"A25,ASN,0.16"
"A26,GLY,0.09666666666666668"
"A27,GLN,0.38999999999999996"
"A28,TRP,0.64"
"A29,LYS,0.7366666666666667"
"A30,LEU,0.19666666666666666"
"A31,GLY,0.0"
"A32,LYS,0.42333333333333334"
"A33,PHE,0.060000000000000005"
"A34,GLN,0.25666666666666665"
"A35,ASN,0.84"
"A36,GLY,0.09000000000000001"
"A37,ALA,0.04"
"A38,ARG,1.47"
"A39,CYS,0.05666666666666667"
"A40,ASP,1.0633333333333335"
"A41,TYR,0.39666666666666667"
"A42,ASN,0.5866666666666667"
"A43,ALA,0.05333333333333334"
"A44,VAL,0.59"
"A45,LYS,1.5666666666666667"
"A46,ASP,1.9033333333333335"
"A47,GLY,0.10999999999999999"
"A48,VAL,0.38000000000000006"
"A49,CYS,0.10333333333333333"
"A50,ASN,0.5"
"A51,GLU,0.87"
"A52,GLY,0.10333333333333333"
"A53,LEU,0.44333333333333336"
"A54,CYS,0.09333333333333334"
"A55,TYR,0.5566666666666666"
"A56,ALA,0.26"
"A57,SER,0.5766666666666667"
"A58,GLY,0.07333333333333333"
"A59,ASP,0.79"
"A60,SER,0.05333333333333334"
"A61,ALA,0.28"
"A62,SER,0.15333333333333332"
"A63,ASN,0.35000000000000003"
"A64,THR,0.49333333333333335"
"A65,GLN,0.9433333333333334"
"A66,ASN,0.3433333333333333"
"A67,GLN,0.19666666666666668"
"A68,GLY,0.11666666666666665"
"A69,GLY,0.31666666666666665"
"A70,SER,0.6133333333333334"
"A71,ARG,0.98"
"A72,ARG,1.9233333333333331"
"A73,GLN,2.0"
"A74,GLU,1.95"
"A75,ASN,0.94"
"A76,GLU,3.8299999999999996"
"A77,ASP,1.4233333333333336"
"A78,GLN,0.62"
"A79,GLY,0.12666666666666668"
"A80,ASP,0.15333333333333335"
"A81,ASP,1.1133333333333333"
"A82,GLU,1.8566666666666667"
"A83,TRP,0.6666666666666666"
"A84,ASP,0.5833333333333334"
"A85,ARG,2.27"
"A86,LYS,1.7933333333333337"
