"ChainID,Resname,Parch_Value"
"A482,GLY,0.59"
"A483,VAL,0.19333333333333336"
"A484,GLU,1.3433333333333335"
"A485,GLY,0.23666666666666666"
"A486,PHE,0.21666666666666667"
"A487,ASN,0.09999999999999999"
"A488,CYS,0.15666666666666668"
"A489,TYR,0.5233333333333333"
"A490,PHE,0.5033333333333333"
"A491,PRO,0.06666666666666667"
"A492,LEU,0.48333333333333334"
"A493,GLN,0.21333333333333335"
"A494,SER,0.10666666666666667"
"A495,TYR,0.5866666666666666"
"A496,GLY,0.14"
"A497,PHE,0.16666666666666666"
"A498,GLN,0.29"
"A499,PRO,0.30666666666666664"
"A500,THR,0.42333333333333334"
"A501,ASN,0.38000000000000006"
"A502,GLY,0.32"
"A503,VAL,0.27666666666666667"
"A504,GLY,0.11333333333333334"
"A505,TYR,0.42"
"A506,GLN,2.6366666666666663"
