"ChainID,Resname,Parch_Value"
"A1,MET,1.02"
"A2,GLY,0.4266666666666667"
"A3,THR,0.5366666666666666"
"A4,SER,0.3666666666666667"
"A5,SER,0.6833333333333332"
"A6,THR,0.5566666666666666"
"A7,ASP,1.4666666666666668"
"A8,SER,0.06666666666666667"
"A9,GLN,0.30333333333333334"
"A10,GLN,0.18666666666666668"
"A11,ALA,0.07666666666666666"
"A12,GLY,0.03333333333333333"
"A13,HIS,0.17666666666666667"
"A14,ARG,0.61"
"A15,ARG,1.4000000000000001"
"A16,CYS,0.12666666666666668"
"A17,SER,0.26"
"A18,THR,0.42"
"A19,SER,0.33666666666666667"
"A20,ASN,2.0500000000000003"
