"ChainID,Resname,Parch_Value"
"A1217,TRP,2.3433333333333333"
"A1218,LEU,0.1366666666666667"
"A1219,GLY,0.02666666666666667"
"A1220,PHE,0.3466666666666667"
"A1221,ILE,0.030000000000000002"
"A1222,ALA,0.0033333333333333335"
"A1223,GLY,0.023333333333333334"
"A1224,LEU,0.04"
"A1225,ILE,0.0"
"A1226,ALA,0.0033333333333333335"
"A1227,ILE,0.19000000000000003"
"A1228,VAL,0.03333333333333333"
"A1229,LEU,0.0"
"A1230,VAL,0.016666666666666666"
"A1231,THR,0.10666666666666667"
"A1232,ILE,0.2866666666666667"
"A1233,LEU,0.0033333333333333335"
"A1234,LEU,0.09999999999999999"
"A1235,SER,0.26333333333333336"
"A1236,SER,0.4033333333333333"
"A1237,THR,1.4366666666666665"
"B1217,TRP,0.9366666666666666"
"B1218,LEU,0.13666666666666666"
"B1219,GLY,0.16"
"B1220,PHE,0.2733333333333334"
"B1221,ILE,0.0"
"B1222,ALA,0.0"
"B1223,GLY,0.013333333333333334"
"B1224,LEU,0.013333333333333334"
"B1225,ILE,0.0"
"B1226,ALA,0.01"
"B1227,ILE,0.06"
"B1228,VAL,0.21"
"B1229,LEU,0.006666666666666667"
"B1230,VAL,0.07666666666666667"
"B1231,THR,0.11666666666666665"
"B1232,ILE,0.043333333333333335"
"B1233,LEU,0.04"
"B1234,LEU,0.12333333333333334"
"B1235,SER,0.3233333333333333"
"B1236,SER,0.013333333333333334"
"B1237,THR,1.16"
"C1217,TRP,0.93"
"C1218,LEU,0.10000000000000002"
"C1219,GLY,0.20000000000000004"
"C1220,PHE,0.5433333333333333"
"C1221,ILE,0.0"
"C1222,ALA,0.0"
"C1223,GLY,0.013333333333333334"
"C1224,LEU,0.1466666666666667"
"C1225,ILE,0.0"
"C1226,ALA,0.0"
"C1227,ILE,0.06333333333333334"
"C1228,VAL,0.02666666666666667"
"C1229,LEU,0.0"
"C1230,VAL,0.043333333333333335"
"C1231,THR,0.07"
"C1232,ILE,0.1366666666666667"
"C1233,LEU,0.2733333333333334"
"C1234,LEU,0.09000000000000001"
"C1235,SER,0.21333333333333335"
"C1236,SER,0.5266666666666667"
"C1237,THR,0.8533333333333334"
