"ChainID,Resname,Parch_Value"
"A1,MET,1.0766666666666669"
"A2,ASP,0.3366666666666666"
"A3,GLU,0.6733333333333333"
"A4,VAL,0.03333333333333333"
"A5,LYS,0.7366666666666667"
"A6,VAL,0.02666666666666667"
"A7,HIS,0.16333333333333333"
"A8,VAL,0.04"
"A9,GLY,0.09333333333333334"
"A10,ASP,1.38"
"A11,ASP,1.1466666666666667"
"A12,GLN,0.5066666666666667"
"A13,PHE,0.11666666666666668"
"A14,GLU,0.7033333333333333"
"A15,GLU,0.9333333333333332"
"A16,VAL,0.013333333333333334"
"A17,SER,0.02"
"A18,ARG,1.2266666666666668"
"A19,GLU,0.48333333333333334"
"A20,ILE,0.006666666666666667"
"A21,LYS,0.8066666666666666"
"A22,LYS,1.0266666666666666"
"A23,ALA,0.10999999999999999"
"A24,GLY,0.17333333333333334"
"A25,TRP,0.33666666666666667"
"A26,LYS,2.306666666666667"
"A27,VAL,0.17333333333333334"
"A28,GLU,1.2033333333333334"
"A29,VAL,0.04666666666666667"
"A30,HIS,0.24666666666666667"
"A31,LYS,0.7466666666666666"
"A32,HIS,0.17333333333333334"
"A33,PRO,0.16333333333333333"
"A34,SER,0.08666666666666667"
"A35,ASN,1.0266666666666666"
"A36,THR,0.25333333333333335"
"A37,SER,0.15666666666666665"
"A38,GLN,0.14333333333333334"
"A39,VAL,0.0"
"A40,THR,0.04"
"A41,VAL,0.0"
"A42,THR,0.16"
"A43,LYS,0.8466666666666667"
"A44,GLY,0.10999999999999999"
"A45,ASN,0.21666666666666667"
"A46,LYS,0.9499999999999998"
"A47,GLN,0.2866666666666666"
"A48,TRP,0.24333333333333332"
"A49,THR,0.15333333333333332"
"A50,PHE,0.08666666666666667"
"A51,LYS,0.56"
"A52,ASP,0.30666666666666664"
"A53,PRO,0.1366666666666667"
"A54,LYS,1.3166666666666667"
"A55,GLN,0.22333333333333336"
"A56,ALA,0.0"
"A57,VAL,0.09333333333333334"
"A58,GLU,0.41"
"A59,PHE,0.04"
"A60,VAL,0.04"
"A61,GLN,0.3833333333333333"
"A62,LYS,0.6766666666666666"
"A63,SER,0.06666666666666667"
"A64,LEU,0.3433333333333333"
"A65,GLU,1.2266666666666668"
"A66,HIS,0.22999999999999998"
"A67,HIS,0.5866666666666668"
"A68,HIS,0.7633333333333333"
"A69,HIS,0.6733333333333333"
"A70,HIS,0.6466666666666666"
"A71,HIS,2.6566666666666667"
