"ChainID,Resname,Parch_Value"
"A1,GLY,0.8666666666666667"
"A2,SER,0.16333333333333333"
"A3,VAL,0.14"
"A4,ASN,0.24000000000000002"
"A5,PHE,0.09666666666666666"
"A6,VAL,0.023333333333333334"
"A7,ASP,0.6766666666666667"
"A8,LEU,0.08333333333333333"
"A9,TYR,0.29666666666666663"
"A10,VAL,0.17"
"A11,CYS,0.06"
"A12,MET,0.17"
"A13,PHE,0.17333333333333334"
"A14,CYS,0.21666666666666667"
"A15,GLY,0.16"
"A16,ARG,1.4733333333333334"
"A17,GLY,0.17666666666666667"
"A18,ASN,0.4566666666666667"
"A19,ASN,0.43333333333333335"
"A20,GLU,0.5633333333333334"
"A21,ASP,0.8433333333333334"
"A22,LYS,0.7599999999999999"
"A23,LEU,0.01"
"A24,LEU,0.016666666666666666"
"A25,LEU,0.18000000000000002"
"A26,CYS,0.4066666666666667"
"A27,ASP,0.66"
"A28,GLY,0.45333333333333337"
"A29,CYS,0.58"
"A30,ASP,1.3966666666666667"
"A31,ASP,0.5766666666666667"
"A32,SER,0.26333333333333336"
"A33,TYR,0.27"
"A34,HIS,0.12"
"A35,THR,0.08666666666666667"
"A36,PHE,0.5366666666666666"
"A37,CYS,0.08"
"A38,LEU,0.19000000000000003"
"A39,ILE,0.19333333333333333"
"A40,PRO,0.22999999999999998"
"A41,PRO,0.21666666666666665"
"A42,LEU,0.4166666666666667"
"A43,PRO,0.2233333333333333"
"A44,ASP,1.2766666666666666"
"A45,VAL,0.41"
"A46,PRO,0.19999999999999998"
"A47,LYS,2.22"
"A48,GLY,0.23666666666666666"
"A49,ASP,2.1133333333333333"
"A50,TRP,0.7566666666666667"
"A51,ARG,1.7366666666666666"
"A52,CYS,0.62"
"A53,PRO,0.16"
"A54,LYS,1.5666666666666667"
"A55,CYS,0.6"
"A56,VAL,0.6866666666666666"
"A57,ALA,0.16333333333333333"
"A58,GLU,1.2233333333333334"
"A59,GLU,4.433333333333334"
"B1,ALA,0.49666666666666665"
"B2,ARG,0.9700000000000001"
"B3,THR,0.05666666666666667"
"B4,LYS,0.5966666666666667"
"B5,GLN,0.66"
"B6,THR,0.25333333333333335"
"B7,ALA,0.11666666666666665"
"B8,ARG,1.0399999999999998"
"B9,LYS,1.5899999999999999"
