"ChainID,Resname,Parch_Value"
"A1,MET,1.0033333333333334"
"A2,LYS,1.5833333333333333"
"A3,GLN,0.7766666666666667"
"A4,ASP,1.9966666666666668"
"A5,GLY,0.11"
"A6,GLU,1.64"
"A7,GLU,1.4100000000000001"
"A8,GLY,0.3"
"A9,THR,0.3433333333333333"
"A10,GLU,1.4433333333333334"
"A11,GLU,1.1766666666666667"
"A12,ASP,0.8166666666666668"
"A13,THR,0.5733333333333334"
"A14,GLU,1.116666666666667"
"A15,GLU,0.6"
"A16,LYS,1.2633333333333334"
"A17,CYS,0.02333333333333333"
"A18,THR,0.4166666666666667"
"A19,ILE,0.03333333333333333"
"A20,CYS,0.013333333333333334"
"A21,LEU,0.15666666666666665"
"A22,SER,0.02"
"A23,ILE,0.4633333333333334"
"A24,LEU,0.12666666666666668"
"A25,GLU,1.0833333333333333"
"A26,GLU,1.1366666666666667"
"A27,GLY,0.1366666666666667"
"A28,GLU,1.2633333333333334"
"A29,ASP,1.1833333333333333"
"A30,VAL,0.12"
"A31,ARG,0.9733333333333333"
"A32,CYS,0.06666666666666667"
"A33,LEU,0.07333333333333333"
"A34,PRO,0.18000000000000002"
"A35,CYS,0.18333333333333332"
"A36,MET,0.10333333333333333"
"A37,HIS,0.4466666666666667"
"A38,LEU,0.18666666666666668"
"A39,PHE,0.07666666666666667"
"A40,HIS,0.14666666666666667"
"A41,GLN,0.3566666666666667"
"A42,VAL,0.28"
"A43,CYS,0.016666666666666666"
"A44,VAL,0.08333333333333333"
"A45,ASP,0.5800000000000001"
"A46,GLN,0.06333333333333334"
"A47,TRP,0.04"
"A48,LEU,0.09333333333333334"
"A49,ILE,0.19000000000000003"
"A50,THR,0.07333333333333333"
"A51,ASN,0.15666666666666665"
"A52,LYS,1.2566666666666666"
"A53,LYS,0.6"
"A54,CYS,0.02"
"A55,PRO,0.013333333333333334"
"A56,ILE,0.09999999999999999"
"A57,CYS,0.18000000000000002"
"A58,ARG,0.8633333333333333"
"A59,VAL,0.043333333333333335"
"A60,ASP,0.31666666666666665"
"A61,ILE,0.08"
"A62,GLU,0.45"
"A63,ALA,0.043333333333333335"
"A64,GLN,0.4166666666666667"
"A65,LEU,0.15"
"A66,PRO,0.31333333333333335"
"A67,SER,0.2233333333333333"
"A68,GLU,1.1566666666666665"
"A69,SER,1.2066666666666668"
