"ChainID,Resname,Parch_Value"
"A1,MET,0.7933333333333333"
"A2,ILE,0.16"
"A3,THR,0.18666666666666668"
"A4,ILE,0.06333333333333334"
"A5,SER,0.06333333333333334"
"A6,THR,0.05333333333333334"
"A7,MET,0.02"
"A8,LEU,0.08666666666666667"
"A9,GLN,0.05000000000000001"
"A10,PHE,0.03333333333333333"
"A11,GLY,0.0"
"A12,LEU,0.09333333333333334"
"A13,PHE,0.07666666666666667"
"A14,LEU,0.01"
"A15,ILE,0.09666666666666668"
"A16,ALA,0.02666666666666667"
"A17,LEU,0.02"
"A18,ILE,0.03666666666666667"
"A19,GLY,0.030000000000000002"
"A20,LEU,0.06666666666666667"
"A21,VAL,0.02"
"A22,ILE,0.06333333333333334"
"A23,LYS,0.7533333333333333"
"A24,LEU,0.02"
"A25,ILE,0.030000000000000002"
"A26,GLU,0.22999999999999998"
"A27,LEU,0.1366666666666667"
"A28,SER,0.07666666666666666"
"A29,ASN,0.5266666666666667"
"A30,LYS,2.223333333333333"
"A31,LYS,3.6"
