"ChainID,Resname,Parch_Value"
"A1,ILE,0.71"
"A2,LEU,0.04"
"A3,GLY,0.2733333333333334"
"A4,THR,0.27666666666666667"
"A5,ILE,0.02"
"A6,LEU,0.16"
"A7,GLY,0.1366666666666667"
"A8,LEU,0.21"
"A9,LEU,0.08333333333333333"
"A10,LYS,2.1333333333333333"
"A11,GLY,0.8133333333333334"
"A12,LEU,1.6633333333333333"
