"ChainID,Resname,Parch_Value"
"A45,GLY,0.7033333333333333"
"A46,GLN,0.6366666666666666"
"A47,HIS,1.0666666666666667"
"A48,TYR,0.7766666666666667"
"A49,SER,0.45999999999999996"
"A50,GLY,0.18333333333333335"
"A51,GLN,0.7033333333333333"
"A52,LYS,0.6900000000000001"
"A53,GLY,0.20333333333333334"
"A54,LYS,1.7"
"A55,GLN,0.5466666666666666"
"A56,GLN,0.64"
"A57,THR,0.42333333333333334"
"A58,GLU,1.7333333333333334"
"A59,SER,0.24"
"A60,LYS,1.9166666666666667"
"A61,GLY,0.3"
"A62,SER,0.6033333333333334"
"A63,PHE,0.3333333333333333"
"A64,SER,0.49666666666666665"
"A65,ILE,0.38000000000000006"
"A66,GLN,0.75"
"A67,TYR,1.1066666666666667"
