"ChainID,Resname,Parch_Value"
"A1,GLY,0.6566666666666667"
"A2,SER,0.30666666666666664"
"A3,GLY,0.10666666666666667"
"A4,LYS,2.0100000000000002"
"A5,GLY,0.19999999999999998"
"A6,LYS,1.0466666666666666"
"A7,GLY,0.31666666666666665"
"A8,GLU,2.4899999999999998"
"A9,LYS,2.3233333333333333"
"A10,CYS,0.21"
"A11,THR,0.35333333333333333"
"A12,SER,0.13"
"A13,ALA,0.02"
"A14,CYS,0.056666666666666664"
"A15,ARG,1.6733333333333336"
"A16,SER,0.12333333333333334"
"A17,GLU,1.7133333333333332"
"A18,PRO,0.11666666666666665"
"A19,CYS,0.13666666666666666"
"A20,GLN,0.09666666666666668"
"A21,CYS,0.13"
"A22,GLY,0.19000000000000003"
"A23,SER,0.27"
"A24,LYS,1.3666666666666665"
"A25,CYS,0.18000000000000002"
"A26,GLN,0.47000000000000003"
"A27,CYS,0.19999999999999998"
"A28,GLY,0.013333333333333334"
"A29,GLU,0.9533333333333335"
"A30,GLY,0.27999999999999997"
"A31,CYS,0.16"
"A32,THR,0.22"
"A33,CYS,0.19666666666666666"
"A34,ALA,0.24333333333333332"
"A35,ALA,0.4266666666666667"
"A36,CYS,0.08"
"A37,LYS,0.8033333333333333"
"A38,THR,0.25333333333333335"
"A39,CYS,0.16"
"A40,ASN,0.40666666666666673"
"A41,CYS,0.13"
"A42,THR,0.17"
"A43,SER,0.20333333333333334"
"A44,ASP,0.35000000000000003"
"A45,GLY,0.0033333333333333335"
"A46,CYS,0.10333333333333333"
"A47,LYS,0.7999999999999999"
"A48,CYS,0.09000000000000001"
"A49,GLY,0.19999999999999998"
"A50,LYS,0.5800000000000001"
"A51,GLU,0.9533333333333335"
"A52,CYS,0.06333333333333334"
"A53,THR,0.3033333333333333"
"A54,GLY,0.013333333333333334"
"A55,PRO,0.27666666666666667"
"A56,ASP,0.9133333333333332"
"A57,SER,0.13"
"A58,CYS,0.03333333333333333"
"A59,LYS,0.89"
"A60,CYS,0.06999999999999999"
"A61,GLY,0.06999999999999999"
"A62,SER,0.17"
"A63,SER,0.15333333333333335"
"A64,CYS,0.06999999999999999"
"A65,SER,0.2833333333333334"
"A66,CYS,0.02333333333333333"
"A67,LYS,1.2366666666666666"
