"ChainID,Resname,Parch_Value"
"A1,MET,2.0333333333333337"
"A2,GLY,0.45999999999999996"
"A3,ASN,0.47000000000000003"
"A4,CYS,0.10666666666666667"
"A5,ILE,0.21666666666666667"
"A6,SER,0.08666666666666667"
"A7,PRO,0.08666666666666667"
"A8,VAL,0.17666666666666667"
"A9,TYR,0.2733333333333334"
"A10,VAL,0.18999999999999997"
"A11,ASP,1.04"
"A12,GLY,0.11666666666666665"
"A13,SER,0.26333333333333336"
"A14,SER,0.24"
"A15,TYR,0.32"
"A16,ALA,0.14333333333333334"
"A17,ASN,0.12666666666666668"
"A18,ASN,0.09333333333333334"
"A19,ALA,0.006666666666666667"
"A20,LEU,0.10999999999999999"
"A21,VAL,0.03333333333333333"
"A22,GLN,0.036666666666666674"
"A23,ASN,0.10333333333333333"
"A24,ASN,0.7233333333333333"
"A25,GLY,0.043333333333333335"
"A26,SER,0.09666666666666666"
"A27,GLU,0.26333333333333336"
"A28,TYR,0.29333333333333333"
"A29,ARG,1.1066666666666667"
"A30,CYS,0.0033333333333333335"
"A31,LEU,0.09666666666666668"
"A32,VAL,0.03"
"A33,GLY,0.02"
"A34,GLY,0.06999999999999999"
"A35,TRP,0.21999999999999997"
"A36,CYS,0.10333333333333333"
"A37,THR,0.1366666666666667"
"A38,VAL,0.43333333333333335"
"A39,GLY,0.33"
"A40,GLY,0.13999999999999999"
"A41,PRO,0.09666666666666668"
"A42,TYR,0.7200000000000001"
"A43,ALA,0.07333333333333333"
"A44,PRO,0.08333333333333333"
"A45,GLY,0.030000000000000002"
"A46,THR,0.16333333333333333"
"A47,GLY,0.0"
"A48,TRP,0.57"
"A49,ALA,0.2133333333333333"
"A50,TRP,0.26666666666666666"
"A51,ALA,0.03"
"A52,ASN,0.17333333333333334"
"A53,ALA,0.03333333333333333"
"A54,TRP,0.27666666666666667"
"A55,GLU,0.7966666666666667"
"A56,LEU,0.21666666666666665"
"A57,VAL,0.3633333333333333"
"A58,ARG,1.8266666666666664"
"A59,SER,0.22"
"A60,CYS,0.12333333333333334"
"A61,GLN,1.0199999999999998"
"A62,ALA,0.17666666666666667"
"A63,HIS,0.6866666666666666"
"A64,HIS,0.51"
"A65,HIS,0.53"
"A66,HIS,0.4533333333333333"
"A67,HIS,1.5566666666666666"
"A68,HIS,2.016666666666667"
