"ChainID,Resname,Parch_Value"
"A2,GLU,2.026666666666667"
"A3,ALA,0.14"
"A4,PHE,0.11333333333333333"
"A5,CYS,0.10333333333333333"
"A6,TYR,0.01"
"A7,SER,0.26"
"A8,ASP,0.26666666666666666"
"A9,ARG,0.91"
"A10,PHE,0.19000000000000003"
"A11,CYS,0.013333333333333334"
"A12,GLN,0.64"
"A13,ASN,0.26666666666666666"
"A14,TYR,0.24666666666666667"
"A15,ILE,0.3499999999999999"
"A16,GLY,0.07"
"A17,SER,0.21"
"A18,ILE,0.43333333333333335"
"A19,PRO,0.27666666666666667"
"A20,ASP,0.53"
"A21,CYS,0.036666666666666674"
"A22,CYS,0.12"
"A23,PHE,0.44333333333333336"
"A24,GLY,0.31333333333333335"
"A25,ARG,2.456666666666667"
"A26,GLY,0.03666666666666667"
"A27,SER,0.0033333333333333335"
"A28,TYR,0.09333333333333334"
"A29,SER,0.0"
"A30,PHE,0.49"
"A31,GLU,1.5766666666666669"
"A32,LEU,0.15666666666666668"
"A33,GLN,0.25333333333333335"
"A34,PRO,0.10666666666666667"
"A35,PRO,0.35000000000000003"
"A36,PRO,0.11333333333333333"
"A37,TRP,0.58"
"A38,GLU,1.0333333333333334"
"A39,CYS,0.023333333333333334"
"A40,TYR,0.5333333333333333"
"A41,GLN,0.4466666666666666"
"A42,CYS,0.9900000000000001"
