"ChainID,Resname,Parch_Value"
"A1,LEU,0.66"
"A2,LYS,0.6133333333333333"
"A3,CYS,0.013333333333333334"
"A4,ASN,0.10666666666666667"
"A5,LYS,1.4033333333333333"
"A6,LEU,0.47000000000000003"
"A7,ILE,0.08"
"A8,PRO,0.12666666666666668"
"A9,LEU,0.17"
"A10,ALA,0.10999999999999999"
"A11,TYR,0.27999999999999997"
"A12,LYS,0.8333333333333334"
"A13,THR,0.09000000000000001"
"A14,CYS,0.02"
"A15,PRO,0.07333333333333333"
"A16,ALA,0.02"
"A17,GLY,0.07"
"A18,LYS,0.8233333333333333"
"A19,ASN,0.049999999999999996"
"A20,LEU,0.03"
"A21,CYS,0.0"
"A22,TYR,0.09000000000000001"
"A23,LYS,0.3533333333333333"
"A24,MET,0.006666666666666667"
"A25,PHE,0.049999999999999996"
"A26,MET,0.05333333333333334"
"A27,VAL,0.09333333333333334"
"A28,SER,0.20999999999999996"
"A29,ASN,0.14666666666666667"
"A30,LYS,0.77"
"A31,THR,0.11666666666666665"
"A32,VAL,0.06999999999999999"
"A33,PRO,0.07"
"A34,VAL,0.05666666666666667"
"A35,LYS,0.8466666666666667"
"A36,ARG,0.6566666666666667"
"A37,GLY,0.03"
"A38,CYS,0.06333333333333334"
"A39,ILE,0.06"
"A40,ASP,0.30000000000000004"
"A41,VAL,0.16"
"A42,CYS,0.10999999999999999"
"A43,PRO,0.15333333333333332"
"A44,LYS,1.3333333333333333"
"A45,ASN,0.6666666666666666"
"A46,SER,0.12333333333333334"
"A47,LEU,0.15000000000000002"
"A48,LEU,0.043333333333333335"
"A49,VAL,0.006666666666666667"
"A50,LYS,0.36000000000000004"
"A51,TYR,0.29"
"A52,VAL,0.09666666666666668"
"A53,CYS,0.013333333333333334"
"A54,CYS,0.043333333333333335"
"A55,ASN,0.11666666666666668"
"A56,THR,0.12666666666666668"
"A57,ASP,0.19999999999999998"
"A58,ARG,0.7200000000000001"
"A59,CYS,0.17"
"A60,ASN,0.023333333333333334"
