"ChainID,Resname,Parch_Value"
"A2,ALA,1.5733333333333333"
"A3,LYS,2.0866666666666664"
"A4,SER,1.1466666666666667"
"A5,ASN,1.3766666666666667"
"A6,ASN,1.0033333333333332"
"A7,VAL,0.02333333333333333"
"A8,TYR,0.15"
"A9,VAL,0.043333333333333335"
"A10,VAL,0.0"
"A11,ASN,0.2866666666666666"
"A12,GLY,0.12"
"A13,GLU,1.3333333333333333"
"A14,GLU,0.9900000000000001"
"A15,LYS,0.5733333333333334"
"A16,VAL,0.18999999999999997"
"A17,SER,0.49"
"A18,THR,0.11333333333333333"
"A19,LEU,0.4666666666666666"
"A20,ALA,0.08666666666666667"
"A21,GLU,0.3566666666666667"
"A22,VAL,0.0033333333333333335"
"A23,ALA,0.0033333333333333335"
"A24,LYS,0.62"
"A25,VAL,0.1366666666666667"
"A26,LEU,0.11666666666666665"
"A27,GLY,0.08"
"A28,VAL,0.31"
"A29,SER,0.21666666666666667"
"A30,ARG,1.0166666666666666"
"A31,VAL,0.61"
"A32,SER,0.3233333333333333"
"A33,LYS,1.2933333333333332"
"A34,LYS,1.0366666666666666"
"A35,ASP,0.2233333333333333"
"A36,VAL,0.31333333333333335"
"A37,GLU,0.8233333333333333"
"A38,GLU,0.5833333333333334"
"A39,GLY,0.07333333333333335"
"A40,LYS,0.85"
"A41,TYR,0.71"
"A42,ASP,1.0533333333333335"
"A43,VAL,0.24"
"A44,VAL,0.30000000000000004"
"A45,VAL,0.26333333333333336"
"A46,GLU,0.24333333333333332"
"A47,GLU,1.1166666666666667"
"A48,ALA,0.09000000000000001"
"A49,ALA,0.18666666666666665"
"A50,VAL,0.4766666666666666"
"A51,SER,0.7233333333333333"
"A52,LEU,0.5099999999999999"
"A53,ALA,0.42"
"A54,ASP,2.186666666666667"
"A55,THR,1.15"
