"ChainID,Resname,Parch_Value"
"A697,MET,1.3066666666666666"
"A698,ASP,1.24"
"A699,SER,0.2733333333333334"
"A700,ALA,0.44333333333333336"
"A701,PRO,0.10000000000000002"
"A702,PHE,0.15333333333333332"
"A703,GLU,1.0633333333333332"
"A704,LEU,0.06333333333333334"
"A705,PHE,0.13999999999999999"
"A706,PHE,0.40666666666666673"
"A707,MET,0.25"
"A708,ILE,0.08"
"A709,ASN,0.10999999999999999"
"A710,THR,0.02"
"A711,SER,0.043333333333333335"
"A712,ILE,0.04"
"A713,LEU,0.01"
"A714,LEU,0.023333333333333334"
"A715,ILE,0.0033333333333333335"
"A716,PHE,0.02"
"A717,ILE,0.0"
"A718,PHE,0.043333333333333335"
"A719,ILE,0.043333333333333335"
"A720,VAL,0.0"
"A721,LEU,0.03"
"A722,LEU,0.10000000000000002"
"A723,ILE,0.08333333333333333"
"A724,HIS,0.09000000000000001"
"A725,PHE,0.023333333333333334"
"A726,GLU,0.33"
"A727,GLY,0.04"
"A728,TRP,0.13"
"A729,ARG,0.48"
"A730,ILE,0.42"
"A731,SER,0.15666666666666668"
"A732,PHE,0.08"
"A733,TYR,0.13"
"A734,TRP,0.49333333333333335"
"A735,ASN,0.41999999999999993"
"A736,VAL,0.023333333333333334"
"A737,SER,0.06333333333333334"
"A738,VAL,0.006666666666666667"
"A739,HIS,0.3133333333333333"
"A740,ARG,1.4966666666666668"
"A741,VAL,0.043333333333333335"
"A742,LEU,0.41333333333333333"
"A743,GLY,0.18666666666666668"
"A744,PHE,0.6633333333333333"
"A745,LYS,2.0666666666666664"
"A746,GLU,5.59"
