"ChainID,Resname,Parch_Value"
"A1,CYS,0.9"
"A2,CYS,0.3133333333333333"
"A3,GLU,0.9466666666666667"
"A4,LEU,0.24333333333333332"
"A5,CYS,0.06333333333333334"
"A6,CYS,0.21999999999999997"
"A7,ASN,0.16"
"A8,PRO,0.2866666666666667"
"A9,ALA,0.16666666666666666"
"A10,CYS,0.08"
"A11,THR,0.21333333333333335"
"A12,GLY,0.28"
"A13,CYS,0.8266666666666667"
