"ChainID,Resname,Parch_Value"
"A1,GLY,0.9700000000000001"
"A2,TYR,0.6133333333333333"
"A3,ARG,1.8099999999999998"
"A4,VAL,0.9733333333333333"
"A5,ALA,0.07333333333333333"
"A6,GLY,0.22666666666666668"
"A7,TYR,0.51"
"A8,GLU,2.1166666666666667"
"A9,THR,0.27666666666666667"
"A10,GLN,1.6233333333333333"
