"ChainID,Resname,Parch_Value"
"A1,ARG,4.526666666666666"
"A2,GLY,0.2066666666666667"
"A3,PRO,0.22666666666666666"
"A4,ASP,0.5533333333333333"
"A5,LYS,0.9733333333333333"
"A6,SER,0.13333333333333333"
"A7,TYR,0.1366666666666667"
"A8,LYS,1.05"
"A9,ARG,0.7699999999999999"
"A10,LEU,0.043333333333333335"
"A11,GLN,0.14333333333333334"
"A12,GLU,0.41"
"A13,CYS,0.01"
"A14,GLN,0.09999999999999999"
"A15,ARG,0.5733333333333334"
"A16,ARG,1.6266666666666667"
"A17,CYS,0.0"
"A18,GLN,0.14666666666666667"
"A19,SER,0.03666666666666667"
"A20,GLU,1.1966666666666665"
"A21,GLN,0.5033333333333333"
"A22,GLN,0.38999999999999996"
"A23,GLY,0.036666666666666674"
"A24,GLN,0.18666666666666668"
"A25,ARG,0.9700000000000001"
"A26,LEU,0.013333333333333334"
"A27,GLN,0.06333333333333334"
"A28,GLU,0.42333333333333334"
"A29,CYS,0.0"
"A30,GLN,0.043333333333333335"
"A31,GLN,0.06"
"A32,ARG,0.9733333333333333"
"A33,CYS,0.0"
"A34,GLN,0.07"
"A35,GLN,0.1433333333333333"
"A36,GLU,0.5733333333333333"
"A37,TYR,0.08666666666666667"
"A38,GLN,0.10333333333333333"
"A39,ARG,0.4633333333333334"
"A40,GLU,0.29"
"A41,LYS,0.89"
"A42,GLY,0.036666666666666674"
"A43,GLN,0.57"
"A44,HIS,0.25333333333333335"
"A45,GLN,0.04"
"A46,GLY,0.30000000000000004"
"A47,GLU,2.8699999999999997"
"A48,THR,0.7033333333333333"
"A49,ASN,1.8099999999999998"
