"ChainID,Resname,Parch_Value"
"A1,GLY,0.96"
"A2,SER,0.7566666666666667"
"A3,HIS,1.0633333333333332"
"A4,MET,0.17666666666666667"
"A5,LEU,0.26333333333333336"
"A6,GLN,0.2233333333333333"
"A7,VAL,0.0"
"A8,ARG,0.41"
"A9,ALA,0.0"
"A10,THR,0.38999999999999996"
"A11,LYS,1.0166666666666666"
"A12,ASP,0.8466666666666667"
"A13,TYR,0.6466666666666666"
"A14,CYS,0.22333333333333336"
"A15,ASN,0.08666666666666667"
"A16,ASN,0.5466666666666667"
"A17,TYR,0.6699999999999999"
"A18,ASP,0.9"
"A19,LEU,0.3933333333333333"
"A20,THR,0.24666666666666667"
"A21,SER,0.04666666666666667"
"A22,LEU,0.5033333333333333"
"A23,ASN,0.7000000000000001"
"A24,VAL,0.10999999999999999"
"A25,LYS,1.3433333333333335"
"A26,ALA,0.10000000000000002"
"A27,GLY,0.09000000000000001"
"A28,ASP,0.09666666666666668"
"A29,ILE,0.18333333333333335"
"A30,ILE,0.08333333333333333"
"A31,THR,0.043333333333333335"
"A32,VAL,0.03333333333333333"
"A33,LEU,0.12666666666666668"
"A34,GLU,1.2866666666666668"
"A35,GLN,0.24"
"A36,HIS,0.18000000000000002"
"A37,PRO,0.15333333333333332"
"A38,ASP,0.5133333333333333"
"A39,GLY,0.07"
"A40,ARG,1.32"
"A41,TRP,0.5"
"A42,LYS,0.31"
"A43,GLY,0.0"
"A44,CYS,0.04"
"A45,ILE,0.15666666666666665"
"A46,HIS,0.7200000000000001"
"A47,ASP,0.0"
"A48,ASN,0.77"
"A49,ARG,1.6333333333333335"
"A50,THR,0.15666666666666668"
"A51,GLY,0.03333333333333333"
"A52,ASN,0.5033333333333333"
"A53,ASP,0.7233333333333333"
"A54,ARG,0.37666666666666665"
"A55,VAL,0.26666666666666666"
"A56,GLY,0.006666666666666667"
"A57,TYR,0.19999999999999998"
"A58,PHE,0.08"
"A59,PRO,0.19666666666666668"
"A60,SER,0.26"
"A61,SER,0.26333333333333336"
"A62,LEU,0.22666666666666668"
"A63,GLY,0.023333333333333334"
"A64,GLU,0.8633333333333333"
"A65,ALA,0.03333333333333333"
"A66,ILE,0.5366666666666667"
"A67,VAL,1.2633333333333334"
