"ChainID,Resname,Parch_Value"
"A1,SER,0.91"
"A2,MET,0.20666666666666667"
"A3,THR,0.3633333333333333"
"A4,ALA,0.38333333333333336"
"A5,ALA,0.24"
"A6,PRO,0.14666666666666667"
"A7,ALA,0.25333333333333335"
"A8,SER,0.06666666666666667"
"A9,PRO,0.06333333333333334"
"A10,GLN,0.36000000000000004"
"A11,GLN,0.3"
"A12,ILE,0.02666666666666667"
"A13,ARG,0.6333333333333333"
"A14,ASP,0.6466666666666666"
"A15,ARG,0.96"
"A16,LEU,0.0"
"A17,LEU,0.39999999999999997"
"A18,GLN,0.49333333333333335"
"A19,ALA,0.016666666666666666"
"A20,ILE,0.01"
"A21,ASP,0.27999999999999997"
"A22,PRO,0.2133333333333333"
"A23,GLN,0.3233333333333333"
"A24,SER,0.03"
"A25,ASN,0.12000000000000001"
"A26,ILE,0.09666666666666666"
"A27,ARG,0.5733333333333334"
"A28,ASN,0.16333333333333333"
"A29,MET,0.08666666666666667"
"A30,VAL,0.06666666666666667"
"A31,ALA,0.06333333333333334"
"A32,VAL,0.0"
"A33,LEU,0.07333333333333335"
"A34,GLU,0.8566666666666668"
"A35,VAL,0.006666666666666667"
"A36,ILE,0.013333333333333334"
"A37,SER,0.19333333333333336"
"A38,SER,0.12333333333333334"
"A39,LEU,0.043333333333333335"
"A40,GLU,1.6866666666666668"
"A41,LYS,0.77"
"A42,TYR,0.3666666666666667"
"A43,PRO,0.27666666666666667"
"A44,ILE,0.09666666666666666"
"A45,THR,0.33666666666666667"
"A46,LYS,1.01"
"A47,GLU,1.3866666666666667"
"A48,ALA,0.06666666666666667"
"A49,LEU,0.05000000000000001"
"A50,GLU,1.7566666666666666"
"A51,GLU,2.1166666666666667"
"A52,THR,0.02"
"A53,ARG,2.1333333333333333"
"A54,LEU,0.01"
"A55,GLY,0.013333333333333334"
"A56,LYS,1.5833333333333333"
"A57,LEU,0.07"
"A58,ILE,0.0"
"A59,ASN,0.08333333333333333"
"A60,ASP,0.11666666666666668"
"A61,VAL,0.0"
"A62,ARG,0.6366666666666667"
"A63,LYS,1.0599999999999998"
"A64,LYS,0.5433333333333333"
"A65,THR,0.14333333333333334"
"A66,LYS,1.1033333333333333"
"A67,ASN,0.11"
"A68,GLU,1.0933333333333335"
"A69,GLU,0.6533333333333333"
"A70,LEU,0.0"
"A71,ALA,0.06666666666666667"
"A72,LYS,1.6866666666666665"
"A73,ARG,1.1966666666666665"
"A74,ALA,0.0"
"A75,LYS,0.2866666666666667"
"A76,LYS,1.3866666666666667"
"A77,LEU,0.05000000000000001"
"A78,LEU,0.0033333333333333335"
"A79,ARG,1.0333333333333334"
"A80,SER,0.13333333333333333"
"A81,TRP,0.05666666666666667"
"A82,GLN,0.35000000000000003"
"A83,LYS,1.21"
"A84,LEU,0.10333333333333333"
"A85,ILE,0.27"
"A86,GLU,1.17"
"A87,PRO,0.2833333333333334"
"A88,ALA,0.49666666666666665"
"A89,GLY,0.5033333333333333"
"A90,SER,1.59"
