"ChainID,Resname,Parch_Value"
"A1,THR,0.8366666666666668"
"A2,PRO,0.37000000000000005"
"A3,GLU,1.5"
"A4,GLU,0.48"
"A5,HIS,0.39666666666666667"
"A6,ASP,1.1066666666666667"
"A7,LEU,0.15666666666666665"
"A8,LEU,0.2333333333333333"
"A9,MET,0.61"
"A10,ASP,0.6066666666666667"
"A11,LEU,0.37666666666666665"
"A12,MET,0.15666666666666665"
"A13,GLY,0.14333333333333334"
"A14,ASP,0.8333333333333334"
"A15,PRO,0.7166666666666667"
"A16,LYS,0.66"
"A17,LYS,1.15"
"A18,ALA,0.17666666666666667"
"A19,GLU,2.4466666666666668"
"A20,GLU,2.793333333333333"
