"ChainID,Resname,Parch_Value"
"A1,ARG,3.2899999999999996"
"A2,GLY,0.14"
"A3,LEU,0.37000000000000005"
"A4,ARG,1.6466666666666667"
"A5,ARG,1.3099999999999998"
"A6,LEU,0.15333333333333332"
"A7,GLY,0.08"
"A8,ARG,1.1733333333333331"
"A9,LYS,1.0833333333333333"
"A10,ILE,0.09000000000000001"
"A11,ALA,0.07333333333333333"
"A12,HIS,0.5766666666666667"
"A13,GLY,0.16"
"A14,VAL,0.27666666666666667"
"A15,LYS,1.1566666666666667"
"A16,LYS,2.11"
"A17,TYR,0.59"
"A18,GLY,0.8799999999999999"
