"ChainID,Resname,Parch_Value"
"A1,ALA,0.9666666666666667"
"A2,CYS,0.27"
"A3,SER,0.5"
"A4,SER,0.28"
"A5,SER,0.2933333333333334"
"A6,SER,0.08333333333333333"
"A7,PRO,0.11333333333333333"
"A8,CYS,0.030000000000000002"
"A9,PRO,0.11666666666666665"
"A10,GLY,0.17333333333333334"
"A11,ASN,0.29333333333333333"
"A12,GLN,0.12"
"A13,CYS,0.013333333333333334"
"A14,CYS,0.006666666666666667"
"A15,SER,0.02666666666666667"
"A16,LYS,1.22"
"A17,TRP,0.28"
"A18,GLY,0.11"
"A19,TYR,0.2833333333333334"
"A20,CYS,0.05333333333333334"
"A21,GLY,0.006666666666666667"
"A22,LEU,0.16333333333333333"
"A23,GLY,0.03333333333333333"
"A24,GLY,0.16333333333333333"
"A25,ASP,0.98"
"A26,TYR,0.08"
"A27,CYS,0.03333333333333333"
"A28,GLY,0.05333333333333334"
"A29,SER,0.5866666666666666"
"A30,GLY,0.17666666666666667"
"A31,CYS,0.036666666666666674"
"A32,GLN,0.56"
"A33,SER,0.13333333333333333"
"A34,GLY,0.16"
"A35,PRO,0.37000000000000005"
"A36,CYS,0.13999999999999999"
"A37,THR,0.35333333333333333"
"A38,GLY,0.11666666666666665"
"A39,ALA,1.4400000000000002"
