"ChainID,Resname,Parch_Value"
"A85,ILE,0.51"
"A86,ARG,2.486666666666667"
"A87,LYS,0.26"
"A88,ARG,1.7933333333333332"
"A89,TYR,0.58"
"A90,ARG,1.6866666666666665"
"A91,LYS,1.3"
"A92,PHE,0.77"
"A93,LEU,0.9266666666666667"
"A94,ASN,0.7133333333333334"
"A95,GLU,2.85"
"A96,SER,0.27"
"A97,TYR,0.6900000000000001"
"A98,LYS,0.8633333333333333"
"A99,HIS,0.41"
"A100,GLU,0.7833333333333332"
"A101,GLN,0.2866666666666666"
"A102,VAL,0.24333333333333332"
"A103,TYR,1.1133333333333335"
"A104,ILE,0.35333333333333333"
"A105,ARG,1.0266666666666666"
"A106,SER,0.013333333333333334"
"A107,THR,0.1466666666666667"
"A108,ASP,0.43"
"A109,VAL,0.04"
"A110,ASP,0.11"
"A111,ARG,1.0633333333333332"
"A112,THR,0.20000000000000004"
"A113,LEU,0.10333333333333333"
"A114,MET,0.2333333333333333"
"A115,SER,0.2833333333333334"
"A116,ALA,0.15333333333333335"
"A117,MET,0.87"
"A118,THR,0.17333333333333334"
"A119,ASN,0.42333333333333334"
"A120,LEU,1.0799999999999998"
