"ChainID,Resname,Parch_Value"
"A1,GLY,0.8666666666666666"
"A2,SER,0.5133333333333333"
"A3,MET,0.21333333333333335"
"A4,ALA,0.10333333333333333"
"A5,THR,0.22666666666666666"
"A6,ALA,0.03"
"A7,CYS,0.0"
"A8,THR,0.19333333333333333"
"A9,ILE,0.006666666666666667"
"A10,GLN,0.18000000000000002"
"A11,LEU,0.19999999999999998"
"A12,ARG,3.34"
"A13,GLY,0.19333333333333333"
"A14,GLY,0.05666666666666667"
"A15,GLN,0.1366666666666667"
"A16,ILE,0.07666666666666666"
"A17,MET,0.12"
"A18,THR,0.19666666666666668"
"A19,LEU,0.16666666666666666"
"A20,LYS,1.3133333333333335"
"A21,ARG,0.7733333333333333"
"A22,ASP,0.9266666666666667"
"A23,GLU,1.3966666666666667"
"A24,THR,0.36000000000000004"
"A25,LEU,0.5766666666666667"
"A26,GLN,0.49333333333333335"
"A27,ASP,0.7466666666666667"
"A28,GLY,0.3833333333333333"
"A29,CYS,0.53"
"A30,ASP,0.25333333333333335"
"A31,THR,0.35333333333333333"
"A32,HIS,0.26"
"A33,PHE,0.6000000000000001"
"A34,CYS,0.0"
"A35,LYS,0.7833333333333333"
"A36,VAL,0.03333333333333333"
"A37,ASN,0.17"
"A38,GLU,1.6133333333333333"
"A39,ARG,1.0666666666666667"
"A40,GLY,0.04666666666666667"
"A41,GLU,0.41"
"A42,TYR,0.18333333333333335"
"A43,PHE,0.25333333333333335"
"A44,TRP,0.30666666666666664"
"A45,GLU,0.5066666666666667"
"A46,LYS,1.0633333333333332"
"A47,ARG,1.05"
"A48,VAL,0.69"
"A49,THR,0.5466666666666667"
"A50,GLY,0.21"
"A51,CYS,0.2733333333333334"
"A52,PRO,0.4433333333333333"
"A53,PRO,0.7166666666666667"
"A54,PHE,0.9400000000000001"
"A55,ASP,0.26"
"A56,GLU,1.0566666666666669"
"A57,HIS,0.21666666666666667"
"A58,LYS,1.2066666666666668"
"A59,CYS,0.016666666666666666"
"A60,LEU,0.08"
"A61,ALA,0.043333333333333335"
"A62,GLU,1.18"
"A63,GLY,0.06666666666666667"
"A64,GLY,0.09333333333333334"
"A65,LYS,2.1633333333333336"
"A66,ILE,0.17"
"A67,MET,0.44333333333333336"
"A68,LYS,0.56"
"A69,ILE,0.08666666666666667"
"A70,PRO,0.09000000000000001"
"A71,GLY,0.08333333333333333"
"A72,THR,0.2233333333333333"
"A73,CYS,0.17666666666666667"
"A74,CYS,0.08333333333333333"
"A75,ASP,0.4366666666666667"
"A76,THR,0.030000000000000002"
"A77,CYS,0.22"
"A78,GLU,4.35"
