"ChainID,Resname,Parch_Value"
"A1,SER,0.9133333333333334"
"A2,GLY,0.3633333333333333"
"A3,SER,0.18333333333333335"
"A4,HIS,0.3"
"A5,MET,0.25666666666666665"
"A6,LYS,1.1066666666666667"
"A7,THR,0.2066666666666667"
"A8,CYS,0.28"
"A9,VAL,0.5366666666666666"
"A10,VAL,0.23666666666666666"
"A11,GLU,0.52"
"A12,LYS,1.3033333333333335"
"A13,ILE,0.12666666666666668"
"A14,LYS,0.8933333333333334"
"A15,GLN,0.06333333333333334"
"A16,TRP,0.30666666666666664"
"A17,ILE,0.0"
"A18,PRO,0.06666666666666667"
"A19,THR,0.12666666666666668"
"A20,THR,0.19666666666666666"
"A21,GLU,0.4566666666666666"
"A22,VAL,0.0"
"A23,GLY,0.016666666666666666"
"A24,LYS,1.1900000000000002"
"A25,ILE,0.03333333333333333"
"A26,LEU,0.09000000000000001"
"A27,GLY,0.06333333333333334"
"A28,ASN,0.4366666666666667"
"A29,ARG,1.29"
"A30,ALA,0.04"
"A31,ALA,0.2333333333333333"
"A32,VAL,0.036666666666666674"
"A33,LYS,0.16"
"A34,LYS,0.4566666666666667"
"A35,HIS,0.3333333333333333"
"A36,ILE,0.0"
"A37,GLU,0.02333333333333333"
"A38,ARG,1.43"
"A39,GLN,0.33"
"A40,PHE,0.31"
"A41,ASN,0.29666666666666663"
"A42,CYS,0.02666666666666667"
"A43,VAL,0.19999999999999998"
"A44,ILE,0.01"
"A45,THR,0.16333333333333333"
"A46,VAL,0.06"
"A47,HIS,0.37999999999999995"
"A48,THR,0.3133333333333333"
"A49,GLU,0.7366666666666667"
"A50,VAL,0.3133333333333333"
"A51,GLN,0.2833333333333334"
"A52,SER,0.1366666666666667"
"A53,SER,0.08333333333333333"
"A54,PHE,0.14666666666666664"
"A55,GLY,0.09000000000000001"
"A56,ALA,0.03"
"A57,THR,0.03333333333333333"
"A58,PRO,0.11"
"A59,VAL,0.0"
"A60,GLU,0.21666666666666667"
"A61,ILE,0.013333333333333334"
"A62,VAL,0.04666666666666667"
"A63,ALA,0.016666666666666666"
"A64,GLN,0.31666666666666665"
"A65,ASN,0.45999999999999996"
"A66,LYS,0.5766666666666667"
"A67,GLU,0.8233333333333334"
"A68,GLN,0.16333333333333333"
"A69,CYS,0.013333333333333334"
"A70,GLN,0.3466666666666667"
"A71,GLU,0.7400000000000001"
"A72,ALA,0.0"
"A73,ARG,0.56"
"A74,ASN,0.6066666666666667"
"A75,ALA,0.060000000000000005"
"A76,VAL,0.04"
"A77,MET,0.16333333333333333"
"A78,SER,0.33666666666666667"
"A79,LEU,1.0233333333333332"
"A80,MET,0.3233333333333333"
"A81,GLN,1.0033333333333334"
"A82,SER,0.6066666666666666"
"A83,HIS,0.43"
"A84,GLN,0.5666666666666668"
"A85,ASP,1.17"
"A86,LYS,2.6733333333333333"
