"ChainID,Resname,Parch_Value"
"A1,GLY,0.17333333333333334"
"A2,ARG,1.6300000000000001"
"A3,GLY,0.4633333333333333"
"A4,ASP,1.51"
"A5,GLU,1.0733333333333335"
"A6,PHE,0.5733333333333334"
"A7,SER,0.6633333333333333"
"A8,THR,0.2966666666666667"
"A9,HIS,0.37333333333333335"
"A10,GLU,1.0633333333333335"
"A11,PRO,0.48333333333333334"
"A12,GLY,0.07666666666666666"
"A13,GLU,1.1466666666666667"
"A14,LYS,0.77"
"A15,ARG,0.49333333333333335"
"A16,LEU,0.043333333333333335"
"A17,SER,0.17333333333333334"
"A18,GLN,0.07666666666666666"
"A19,CYS,0.006666666666666667"
"A20,MET,0.31666666666666665"
"A21,LYS,1.1066666666666667"
"A22,GLN,0.3033333333333333"
"A23,CYS,0.02666666666666667"
"A24,GLU,0.7066666666666667"
"A25,ARG,1.3666666666666665"
"A26,GLN,0.37666666666666665"
"A27,ASP,1.1766666666666665"
"A28,GLY,0.30333333333333334"
"A29,GLY,0.12333333333333334"
"A30,GLN,0.08"
"A31,GLN,0.5133333333333333"
"A32,LYS,0.6133333333333333"
"A33,GLN,0.20333333333333334"
"A34,LEU,0.07666666666666667"
"A35,CYS,0.043333333333333335"
"A36,ARG,0.8833333333333334"
"A37,PHE,0.33"
"A38,ARG,0.9466666666666667"
"A39,CYS,0.016666666666666666"
"A40,GLN,0.25666666666666665"
"A41,GLU,0.38999999999999996"
"A42,LYS,0.54"
"A43,TYR,0.5033333333333333"
"A44,LYS,0.62"
"A45,LYS,1.406666666666667"
"A46,GLU,0.9133333333333334"
"A47,ARG,1.5666666666666667"
"A48,ARG,1.5266666666666666"
"A49,GLU,1.2666666666666666"
"A50,HIS,0.8066666666666666"
"A51,SER,0.4366666666666667"
"A52,TYR,0.5933333333333333"
"A53,SER,0.3666666666666667"
"A54,ARG,1.1966666666666665"
"A55,ASP,0.5466666666666667"
"A56,GLU,1.1433333333333333"
"A57,GLU,2.18"
"A58,LEU,0.47000000000000003"
"A59,GLU,1.5033333333333332"
"A60,LEU,1.2133333333333336"
