"ChainID,Resname,Parch_Value"
"A1,TRP,1.4033333333333333"
"A2,LEU,0.6566666666666666"
"A3,ARG,2.3233333333333333"
"A4,ARG,1.7833333333333334"
"A5,ILE,0.49"
"A6,GLY,0.036666666666666674"
"A7,LYS,0.6466666666666666"
"A8,GLY,0.3133333333333333"
"A9,VAL,0.22666666666666668"
"A10,LYS,1.8233333333333335"
"A11,ILE,0.04"
"A12,ILE,0.08666666666666667"
"A13,GLY,0.07333333333333333"
"A14,GLY,0.17666666666666667"
"A15,ALA,0.11666666666666665"
"A16,ALA,0.17666666666666667"
"A17,LEU,0.33"
"A18,ASP,0.8466666666666667"
"A19,HIS,0.8166666666666668"
"A20,LEU,1.4933333333333334"
