"ChainID,Resname,Parch_Value"
"A1,MET,0.8966666666666666"
"A2,ARG,0.7966666666666667"
"A3,GLY,0.10333333333333333"
"A4,SER,0.21666666666666665"
"A5,HIS,0.15666666666666668"
"A6,HIS,0.10000000000000002"
"A7,HIS,0.3233333333333333"
"A8,HIS,0.22999999999999998"
"A9,HIS,0.3066666666666667"
"A10,HIS,0.3633333333333333"
"A11,GLY,0.036666666666666674"
"A12,SER,0.19999999999999998"
"A13,ILE,0.2833333333333334"
"A14,GLU,2.1133333333333333"
"A15,GLY,0.21666666666666667"
"A16,ARG,1.0766666666666667"
"A17,MET,0.19999999999999998"
"A18,ILE,0.24666666666666667"
"A19,CYS,0.0"
"A20,TYR,0.08333333333333333"
"A21,ASN,0.08333333333333333"
"A22,GLN,0.12"
"A23,GLN,0.4033333333333333"
"A24,SER,0.44333333333333336"
"A25,SER,0.14333333333333334"
"A26,GLN,0.15666666666666665"
"A27,PRO,0.06333333333333334"
"A28,PRO,0.08"
"A29,THR,0.1366666666666667"
"A30,THR,0.04"
"A31,LYS,0.48"
"A32,THR,0.12"
"A33,CYS,0.11333333333333333"
"A34,SER,0.32333333333333336"
"A35,GLU,0.5566666666666666"
"A36,THR,0.5366666666666666"
"A37,SER,0.17"
"A38,CYS,0.006666666666666667"
"A39,TYR,0.056666666666666664"
"A40,LYS,0.42333333333333334"
"A41,LYS,0.2333333333333333"
"A42,THR,0.05333333333333334"
"A43,TRP,0.15666666666666668"
"A44,ARG,1.8233333333333333"
"A45,ASP,0.19999999999999998"
"A46,HIS,0.31"
"A47,ARG,0.71"
"A48,GLY,0.09666666666666668"
"A49,THR,0.22999999999999998"
"A50,ILE,0.043333333333333335"
"A51,ILE,0.16666666666666666"
"A52,GLU,0.07666666666666666"
"A53,ARG,0.24666666666666667"
"A54,GLY,0.016666666666666666"
"A55,CYS,0.10999999999999999"
"A56,GLY,0.04666666666666667"
"A57,CYS,0.16"
"A58,PRO,0.11"
"A59,LYS,1.3"
"A60,VAL,0.03333333333333333"
"A61,LYS,1.1566666666666665"
"A62,PRO,0.11666666666666668"
"A63,GLY,0.12"
"A64,ILE,0.11666666666666665"
"A65,LYS,0.71"
"A66,LEU,0.09333333333333334"
"A67,HIS,0.34"
"A68,CYS,0.06333333333333334"
"A69,CYS,0.030000000000000002"
"A70,ARG,1.3833333333333335"
"A71,THR,0.12666666666666668"
"A72,ASP,0.14333333333333334"
"A73,LYS,0.6866666666666666"
"A74,CYS,0.03"
"A75,ASN,0.0"
"A76,ASN,0.6666666666666666"
