"ChainID,Resname,Parch_Value"
"A1,CYS,0.32666666666666666"
"A2,GLU,1.8733333333333333"
"A3,GLY,0.25333333333333335"
"A4,ASN,0.2933333333333333"
"A5,PHE,0.09000000000000001"
"A6,TYR,0.41999999999999993"
"A7,CYS,0.08"
"A8,PRO,0.13333333333333333"
"A9,ALA,0.16666666666666666"
"A10,GLU,1.7433333333333334"
"A11,LYS,1.1733333333333333"
"A12,PHE,0.3133333333333333"
"A13,CYS,0.07333333333333333"
"A14,CYS,0.07"
"A15,LYS,0.6766666666666667"
"A16,THR,0.39666666666666667"
"A17,ARG,0.9533333333333333"
"A18,THR,0.18666666666666668"
"A19,GLY,0.04"
"A20,GLN,0.45"
"A21,TRP,0.8033333333333333"
"A22,GLY,0.04"
"A23,CYS,0.19666666666666666"
"A24,CYS,0.9199999999999999"
