"ChainID,Resname,Parch_Value"
"A1,GLU,1.4533333333333334"
"A2,ASP,1.0166666666666666"
"A3,CYS,0.12"
"A4,GLY,0.07666666666666667"
"A5,SER,0.30333333333333334"
"A6,ASP,0.8833333333333333"
"A7,CYS,0.09000000000000001"
"A8,MET,0.37333333333333335"
"A9,PRO,0.17"
"A10,CYS,0.03333333333333333"
"A11,GLY,0.12333333333333334"
"A12,GLY,0.21666666666666667"
"A13,GLU,1.54"
"A14,CYS,0.10000000000000002"
"A15,CYS,0.013333333333333334"
"A16,CYS,0.05333333333333334"
"A17,GLU,1.1500000000000001"
"A18,PRO,0.26333333333333336"
"A19,ASN,0.10666666666666667"
"A20,SER,0.24"
"A21,CYS,0.03333333333333333"
"A22,ILE,0.24666666666666667"
"A23,ASP,1.16"
"A24,GLY,0.07666666666666666"
"A25,THR,0.12"
"A26,CYS,0.11666666666666665"
"A27,HIS,0.15000000000000002"
"A28,HIS,0.36000000000000004"
"A29,GLU,1.3566666666666667"
"A30,SER,0.19000000000000003"
"A31,SER,0.16666666666666666"
"A32,PRO,0.1366666666666667"
"A33,ASN,1.0266666666666666"
