"ChainID,Resname,Parch_Value"
"A1,ILE,2.0500000000000003"
"A2,CYS,0.3733333333333333"
"A3,CYS,0.21333333333333335"
"A4,ASN,0.25666666666666665"
"A5,PRO,0.21"
"A6,ALA,0.18000000000000002"
"A7,CYS,0.14"
"A8,GLY,0.16"
"A9,PRO,0.3066666666666667"
"A10,ASN,0.3633333333333333"
"A11,TYR,0.6233333333333334"
"A12,GLY,0.18000000000000002"
"A13,CYS,1.4433333333333334"
