"ChainID,Resname,Parch_Value"
"A953,ASN,0.9333333333333332"
"A954,ILE,0.2866666666666667"
"A955,ALA,0.11666666666666665"
"A956,LYS,1.38"
"A957,ILE,0.05333333333333334"
"A958,ILE,0.06666666666666667"
"A959,ILE,0.12333333333333334"
"A960,GLY,0.01"
"A961,PRO,0.01"
"A962,LEU,0.38999999999999996"
"A963,ILE,0.016666666666666666"
"A964,PHE,0.04"
"A965,VAL,0.056666666666666664"
"A966,PHE,0.10999999999999999"
"A967,LEU,0.02"
"A968,PHE,0.04666666666666667"
"A969,SER,0.09666666666666668"
"A970,VAL,0.016666666666666666"
"A971,VAL,0.01"
"A972,ILE,0.07333333333333333"
"A973,GLY,0.07666666666666667"
"A974,SER,0.06"
"A975,ILE,0.030000000000000002"
"A976,TYR,0.18666666666666665"
"A977,LEU,0.15666666666666668"
"A978,PHE,0.20666666666666667"
"A979,LEU,0.25666666666666665"
"A980,ARG,0.9033333333333333"
"A981,LYS,2.7866666666666666"
"A982,ARG,4.533333333333333"
