"ChainID,Resname,Parch_Value"
"A1,SER,1.4100000000000001"
"A2,LYS,1.4266666666666667"
"A3,TRP,0.7666666666666666"
"A4,ILE,0.23666666666666666"
"A5,CYS,0.20999999999999996"
"A6,ALA,0.48333333333333334"
"A7,ASN,0.2866666666666667"
"A8,ARG,1.75"
"A9,SER,0.08333333333333333"
"A10,VAL,0.07666666666666667"
"A11,CYS,0.016666666666666666"
"A12,PRO,0.05000000000000001"
"A13,ILE,0.6833333333333335"
