"ChainID,Resname,Parch_Value"
"A1,GLY,0.39666666666666667"
"A2,ILE,0.18666666666666668"
"A3,THR,0.41333333333333333"
"A4,CYS,0.10333333333333335"
"A5,ASP,1.63"
"A6,LEU,0.19333333333333333"
"A7,ILE,0.10333333333333333"
"A8,GLY,0.0033333333333333335"
"A9,ASN,0.5466666666666667"
"A10,GLU,0.3566666666666667"
"A11,ARG,1.6466666666666667"
"A12,LEU,0.17999999999999997"
"A13,CYS,0.0"
"A14,VAL,0.16333333333333333"
"A15,VAL,0.02666666666666667"
"A16,HIS,0.17"
"A17,CYS,0.013333333333333334"
"A18,LEU,0.18666666666666668"
"A19,ALA,0.10333333333333333"
"A20,LYS,0.9266666666666667"
"A21,GLY,0.08333333333333333"
"A22,PHE,0.20666666666666667"
"A23,ARG,1.8866666666666667"
"A24,GLY,0.41"
"A25,GLY,0.07"
"A26,TRP,0.3666666666666667"
"A27,CYS,0.0"
"A28,ASP,0.17666666666666667"
"A29,SER,0.13666666666666666"
"A30,ARG,1.1333333333333333"
"A31,LYS,0.5766666666666667"
"A32,VAL,0.10999999999999999"
"A33,CYS,0.0"
"A34,ASN,0.09666666666666668"
"A35,CYS,0.1366666666666667"
"A36,ARG,1.8166666666666664"
"A37,ARG,1.9800000000000002"
