"ChainID,Resname,Parch_Value"
"A1,VAL,1.24"
"A2,ASP,1.5366666666666668"
"A3,ALA,0.31666666666666665"
"A4,CYS,0.09333333333333334"
"A5,TYR,0.09999999999999999"
"A6,GLU,0.89"
"A7,ALA,0.07333333333333333"
"A8,CYS,0.02"
"A9,MET,0.09000000000000001"
"A10,HIS,0.44333333333333336"
"A11,HIS,0.25333333333333335"
"A12,HIS,0.33"
"A13,MET,0.17333333333333334"
"A14,ASN,0.4533333333333333"
"A15,SER,0.09000000000000001"
"A16,ASP,0.3466666666666667"
"A17,ASP,0.4033333333333333"
"A18,CYS,0.0"
"A19,ILE,0.3533333333333333"
"A20,GLU,1.0433333333333332"
"A21,ALA,0.15333333333333335"
"A22,CYS,0.09333333333333334"
"A23,LYS,1.4800000000000002"
"A24,ASN,0.23666666666666666"
"A25,PRO,0.22"
"A26,VAL,0.2366666666666667"
"A27,PRO,0.27"
"A28,PRO,1.5033333333333332"
