"ChainID,Resname,Parch_Value"
"A1,MET,1.4633333333333336"
"A2,ASP,1.0966666666666667"
"A3,GLY,0.17333333333333334"
"A4,PHE,0.22666666666666666"
"A5,ASP,1.0"
"A6,ARG,1.86"
"A7,GLY,0.04"
"A8,ALA,0.09000000000000001"
"A9,ASP,0.09000000000000001"
"A10,VAL,0.02666666666666667"
"A11,THR,0.1366666666666667"
"A12,TYR,0.35000000000000003"
"A13,THR,0.13999999999999999"
"A14,ASP,0.42"
"A15,SER,0.73"
"A16,ASP,1.0866666666666667"
"A17,GLY,0.06666666666666667"
"A18,SER,0.18999999999999997"
"A19,LYS,0.9366666666666666"
"A20,LYS,0.8666666666666666"
"A21,THR,0.5133333333333333"
"A22,TYR,0.4633333333333334"
"A23,LYS,0.62"
"A24,VAL,0.0"
"A25,LEU,0.016666666666666666"
"A26,SER,0.13666666666666666"
"A27,TYR,0.6866666666666666"
"A28,SER,0.16333333333333333"
"A29,GLY,0.06333333333333334"
"A30,ASP,0.27666666666666667"
"A31,LYS,0.44333333333333336"
"A32,VAL,0.0"
"A33,THR,0.016666666666666666"
"A34,VAL,0.0"
"A35,GLN,0.21666666666666667"
"A36,ASP,0.6833333333333335"
"A37,SER,0.3366666666666666"
"A38,ASP,0.42"
"A39,GLY,0.03"
"A40,ARG,1.2"
"A41,THR,0.10666666666666665"
"A42,LEU,0.013333333333333334"
"A43,THR,0.13"
"A44,PHE,0.05333333333333334"
"A45,ASP,0.08666666666666667"
"A46,ALA,0.12333333333333334"
"A47,ARG,1.9566666666666668"
"A48,LEU,0.32"
"A49,LEU,0.11666666666666665"
"A50,ARG,1.36"
"A51,VAL,0.13999999999999999"
"A52,LYS,1.4433333333333334"
"A53,LYS,1.28"
"A54,TRP,0.8466666666666667"
"A55,LEU,0.5"
"A56,GLU,1.7766666666666666"
"A57,HIS,0.5033333333333333"
"A58,HIS,0.6133333333333333"
"A59,HIS,0.9466666666666667"
"A60,HIS,0.3833333333333333"
"A61,HIS,0.5233333333333333"
"A62,HIS,1.873333333333333"
