"ChainID,Resname,Parch_Value"
"A96,SER,1.1500000000000001"
"A97,ASP,0.6833333333333332"
"A98,ALA,0.20333333333333334"
"A99,PHE,0.21999999999999997"
"A100,LYS,0.29"
"A101,THR,0.19999999999999998"
"A102,ALA,0.10333333333333333"
"A103,LEU,0.04666666666666667"
"A104,CYS,0.0033333333333333335"
"A105,ASP,0.5466666666666667"
"A106,ALA,0.060000000000000005"
"A107,TYR,0.11333333333333334"
"A108,LYS,0.6"
"A109,ARG,0.8433333333333334"
"A110,SER,0.013333333333333334"
"A111,GLN,0.16"
"A112,ALA,0.06666666666666667"
"A113,CYS,0.03666666666666667"
"A114,SER,0.18333333333333335"
"A115,TYR,0.39666666666666667"
"A116,GLY,0.2233333333333333"
"A117,ASP,1.6333333333333335"
"A118,GLN,0.4666666666666666"
"A119,CYS,0.07"
"A120,ARG,1.0033333333333332"
"A121,PHE,0.17333333333333334"
"A122,ALA,0.0"
"A123,HIS,0.19333333333333336"
"A124,GLY,0.02"
"A125,VAL,0.10000000000000002"
"A126,HIS,0.38000000000000006"
"A127,GLU,0.4533333333333333"
"A128,LEU,0.09666666666666668"
"A129,ARG,1.36"
"A130,LEU,0.26"
"A131,PRO,0.25333333333333335"
"A132,MET,0.7066666666666667"
"A133,ASN,0.5233333333333333"
"A134,PRO,0.3466666666666667"
"A135,ARG,1.4233333333333331"
"A136,GLY,0.21"
"A137,ARG,1.8266666666666669"
"A138,ASN,0.49333333333333335"
"A139,HIS,0.5666666666666668"
"A140,PRO,0.5"
"A141,LYS,2.676666666666667"
"A142,TYR,0.5133333333333333"
"A143,LYS,0.49"
"A144,THR,0.10666666666666667"
"A145,VAL,0.3"
"A146,LEU,0.09000000000000001"
"A147,CYS,0.05666666666666667"
"A148,ASP,0.4766666666666666"
"A149,LYS,1.04"
"A150,PHE,0.08"
"A151,SER,0.3499999999999999"
"A152,MET,0.18000000000000002"
"A153,THR,0.19999999999999998"
"A154,GLY,0.12666666666666668"
"A155,ASN,0.57"
"A156,CYS,0.44333333333333336"
"A157,LYS,1.42"
"A158,TYR,0.33666666666666667"
"A159,GLY,0.07666666666666666"
"A160,THR,0.26999999999999996"
"A161,ARG,1.1233333333333333"
"A162,CYS,0.25666666666666665"
"A163,GLN,0.7366666666666667"
"A164,PHE,0.5466666666666666"
"A165,ILE,0.08666666666666667"
"A166,HIS,0.22999999999999998"
"A167,LYS,0.7533333333333333"
"A168,ILE,0.6266666666666666"
"A169,VAL,0.6266666666666666"
"A170,ASP,1.0833333333333333"
"A171,GLY,0.38999999999999996"
"A172,ASN,0.39666666666666667"
"A173,ALA,0.7733333333333333"
