"ChainID,Resname,Parch_Value"
"A1,GLY,0.6933333333333334"
"A2,ARG,3.0933333333333337"
"A3,ALA,0.2966666666666667"
"A4,TYR,0.65"
"A5,LYS,1.9000000000000001"
"A6,SER,0.21333333333333335"
"A7,LYS,1.0433333333333332"
"A8,PRO,0.08333333333333333"
"A9,PRO,0.2333333333333333"
"A10,ILE,0.5133333333333333"
"A11,ALA,0.21"
"A12,PHE,0.9966666666666667"
"A13,PRO,0.5366666666666666"
"A14,ASP,3.176666666666667"
