"ChainID,Resname,Parch_Value"
"A1,GLY,0.75"
"A2,ALA,0.15"
"A3,MET,0.10666666666666667"
"A4,GLY,0.06"
"A5,SER,0.58"
"A6,GLU,1.2733333333333334"
"A7,SER,0.2833333333333333"
"A8,GLU,1.1366666666666667"
"A9,GLN,0.37666666666666665"
"A10,ARG,1.04"
"A11,HIS,0.4566666666666667"
"A12,ALA,0.006666666666666667"
"A13,HIS,0.47333333333333333"
"A14,GLN,0.21333333333333335"
"A15,CYS,0.0"
"A16,VAL,0.21"
"A17,SER,0.01"
"A18,CYS,0.09000000000000001"
"A19,GLY,0.03"
"A20,ILE,0.16333333333333333"
"A21,ASN,0.08"
"A22,ILE,0.043333333333333335"
"A23,ALA,0.13999999999999999"
"A24,GLY,0.17333333333333334"
"A25,MET,0.38999999999999996"
"A26,SER,0.4366666666666667"
"A27,ALA,0.016666666666666666"
"A28,ALA,0.23666666666666666"
"A29,THR,0.6333333333333333"
"A30,PHE,0.61"
"A31,LYS,0.6966666666666667"
"A32,CYS,0.0033333333333333335"
"A33,PRO,0.3333333333333333"
"A34,ASP,0.7000000000000001"
"A35,CYS,0.016666666666666666"
"A36,GLY,0.036666666666666674"
"A37,GLN,0.5433333333333333"
"A38,GLU,0.5133333333333333"
"A39,ILE,0.036666666666666674"
"A40,SER,0.06"
"A41,ARG,0.8333333333333334"
"A42,CYS,0.023333333333333334"
"A43,SER,0.26333333333333336"
"A44,LYS,1.5133333333333334"
"A45,CYS,0.09999999999999999"
"A46,ARG,1.37"
"A47,LYS,2.1300000000000003"
"A48,GLN,0.47"
"A49,SER,0.17333333333333334"
"A50,ASN,0.5066666666666667"
"A51,LEU,0.6866666666666666"
"A52,TYR,0.37999999999999995"
"A53,GLU,0.37666666666666665"
"A54,CYS,0.016666666666666666"
"A55,PRO,0.16333333333333333"
"A56,ASP,0.77"
"A57,CYS,0.060000000000000005"
"A58,GLY,0.016666666666666666"
"A59,PHE,0.2333333333333333"
"A60,MET,0.22666666666666666"
"A61,GLY,0.19333333333333333"
"A62,PRO,2.033333333333333"
