"ChainID,Resname,Parch_Value"
"A1,GLY,0.7200000000000001"
"A2,HIS,0.8466666666666667"
"A3,MET,0.18333333333333335"
"A4,ASP,0.35333333333333333"
"A5,THR,0.18333333333333335"
"A6,ILE,0.03333333333333333"
"A7,ILE,0.030000000000000002"
"A8,LEU,0.0"
"A9,ARG,0.81"
"A10,ASN,0.23666666666666666"
"A11,LEU,0.02666666666666667"
"A12,ASN,0.10666666666666667"
"A13,PRO,0.21999999999999997"
"A14,HIS,0.6633333333333333"
"A15,SER,0.06666666666666667"
"A16,THR,0.5466666666666666"
"A17,MET,0.10999999999999999"
"A18,ASP,0.9466666666666667"
"A19,SER,0.07333333333333333"
"A20,ILE,0.006666666666666667"
"A21,LEU,0.02"
"A22,GLY,0.013333333333333334"
"A23,ALA,0.15666666666666665"
"A24,LEU,0.05000000000000001"
"A25,ALA,0.006666666666666667"
"A26,PRO,0.04666666666666667"
"A27,TYR,0.05666666666666667"
"A28,ALA,0.03333333333333333"
"A29,VAL,0.4366666666666667"
"A30,LEU,0.17999999999999997"
"A31,SER,0.3"
"A32,SER,0.34"
"A33,SER,0.27"
"A34,ASN,0.10333333333333333"
"A35,VAL,0.05666666666666667"
"A36,ARG,0.9566666666666667"
"A37,VAL,0.016666666666666666"
"A38,ILE,0.07333333333333333"
"A39,LYS,0.77"
"A40,ASP,0.3466666666666667"
"A41,LYS,1.4166666666666667"
"A42,GLN,0.19666666666666668"
"A43,THR,0.06666666666666667"
"A44,GLN,0.3166666666666667"
"A45,LEU,0.18999999999999997"
"A46,ASN,0.043333333333333335"
"A47,ARG,1.4533333333333334"
"A48,GLY,0.043333333333333335"
"A49,PHE,0.18333333333333335"
"A50,ALA,0.0"
"A51,PHE,0.15333333333333332"
"A52,ILE,0.023333333333333334"
"A53,GLN,0.44"
"A54,LEU,0.14333333333333334"
"A55,SER,0.3466666666666667"
"A56,THR,0.36000000000000004"
"A57,ILE,0.13"
"A58,GLU,0.71"
"A59,ALA,0.016666666666666666"
"A60,ALA,0.02666666666666667"
"A61,GLN,0.043333333333333335"
"A62,LEU,0.0"
"A63,LEU,0.013333333333333334"
"A64,GLN,0.043333333333333335"
"A65,ILE,0.016666666666666666"
"A66,LEU,0.04"
"A67,GLN,0.35333333333333333"
"A68,ALA,0.12"
"A69,LEU,0.07666666666666666"
"A70,HIS,0.4366666666666666"
"A71,PRO,0.20666666666666667"
"A72,PRO,0.45999999999999996"
"A73,LEU,0.22"
"A74,THR,0.24333333333333332"
"A75,ILE,0.14666666666666664"
"A76,ASP,1.3033333333333335"
"A77,GLY,0.12"
"A78,LYS,1.2666666666666666"
"A79,THR,0.07333333333333335"
"A80,ILE,0.013333333333333334"
"A81,ASN,0.31"
"A82,VAL,0.08"
"A83,GLU,0.8033333333333333"
"A84,PHE,0.19000000000000003"
"A85,ALA,0.15666666666666665"
"A86,LYS,0.8266666666666667"
"A87,GLY,0.2733333333333334"
"A88,SER,0.79"
