"ChainID,Resname,Parch_Value"
"A1,ASP,1.1866666666666668"
"A2,GLU,1.67"
"A3,ARG,2.2066666666666666"
"A4,GLU,0.9033333333333333"
"A5,ILE,0.12666666666666668"
"A6,ALA,0.043333333333333335"
"A7,ARG,0.82"
"A8,LYS,0.9733333333333333"
"A9,VAL,0.01"
"A10,ALA,0.01"
"A11,SER,0.10333333333333333"
"A12,GLU,0.45999999999999996"
"A13,LEU,0.02"
"A14,GLN,0.12"
"A15,LYS,0.9133333333333332"
"A16,PHE,0.07666666666666666"
"A17,SER,0.07333333333333335"
"A18,GLU,0.21333333333333335"
"A19,TRP,0.12"
"A20,VAL,0.016666666666666666"
"A21,LYS,0.5633333333333334"
"A22,LYS,0.6133333333333333"
"A23,LEU,0.0033333333333333335"
"A24,LYS,0.5499999999999999"
"A25,GLU,0.29"
"A26,VAL,0.02666666666666667"
"A27,ILE,0.043333333333333335"
"A28,LYS,1.4000000000000001"
"A29,LYS,1.16"
"A30,ALA,0.06"
"A31,SER,0.16666666666666666"
"A32,PRO,0.34333333333333327"
"A33,GLU,1.4366666666666665"
"A34,GLN,0.15333333333333332"
"A35,GLN,0.15666666666666665"
"A36,THR,0.18333333333333332"
"A37,LYS,0.7600000000000001"
"A38,ILE,0.0"
"A39,ALA,0.0"
"A40,GLN,0.33666666666666667"
"A41,TRP,0.053333333333333344"
"A42,VAL,0.0"
"A43,ALA,0.023333333333333334"
"A44,LYS,1.1333333333333333"
"A45,LEU,0.10666666666666667"
"A46,ALA,0.07333333333333333"
"A47,GLY,0.12333333333333334"
"A48,VAL,0.1466666666666667"
"A49,ARG,1.5266666666666666"
"A50,PRO,0.13999999999999999"
"A51,GLU,1.7"
"A52,ASP,0.19666666666666668"
"A53,VAL,0.0"
"A54,LYS,0.9666666666666667"
"A55,LYS,0.9733333333333333"
"A56,ILE,0.043333333333333335"
"A57,ILE,0.05000000000000001"
"A58,LYS,1.6233333333333333"
"A59,ALA,0.7266666666666666"
"A60,PHE,1.8099999999999998"
"A61,ASN,1.4100000000000001"
"A62,ASP,4.68"
