"ChainID,Resname,Parch_Value"
"A1,GLY,0.9"
"A2,LYS,1.0033333333333332"
"A3,ALA,0.08333333333333333"
"A4,LEU,0.12666666666666668"
"A5,PHE,0.043333333333333335"
"A6,SER,0.04666666666666667"
"A7,ASN,0.07"
"A8,PRO,0.05666666666666667"
"A9,PRO,0.03333333333333333"
"A10,ILE,0.20666666666666667"
"A11,ALA,0.11333333333333334"
"A12,PHE,0.13999999999999999"
"A13,PRO,0.1366666666666667"
"A14,ASN,0.45"
