"ChainID,Resname,Parch_Value"
"A1,GLY,1.3133333333333335"
"A2,CYS,0.18666666666666668"
"A3,CYS,0.10000000000000002"
"A4,CYS,0.09999999999999999"
"A5,ASN,0.13666666666666666"
"A6,PRO,0.13666666666666666"
"A7,ALA,0.06333333333333334"
"A8,CYS,0.15"
"A9,GLY,0.04"
"A10,PRO,0.3"
"A11,ASN,0.3666666666666667"
"A12,TYR,0.3433333333333333"
"A13,GLY,0.07333333333333333"
"A14,CYS,0.15"
"A15,GLY,0.15666666666666668"
"A16,THR,0.27666666666666667"
"A17,SER,0.24"
"A18,CYS,0.15"
"A19,SER,0.9333333333333332"
