"ChainID,Resname,Parch_Value"
"A1,ALA,0.64"
"A2,LEU,0.10666666666666667"
"A3,PHE,0.2333333333333333"
"A4,GLY,0.006666666666666667"
"A5,LEU,0.04"
"A6,GLY,0.043333333333333335"
"A7,VAL,0.036666666666666674"
"A8,PRO,0.03666666666666667"
"A9,GLU,0.03666666666666667"
"A10,LEU,0.013333333333333334"
"A11,ALA,0.01"
"A12,VAL,0.0033333333333333335"
"A13,ILE,0.02666666666666667"
"A14,ALA,0.01"
"A15,GLY,0.0"
"A16,VAL,0.016666666666666666"
"A17,ALA,0.01"
"A18,ALA,0.013333333333333334"
"A19,LEU,0.14"
"A20,LEU,0.14333333333333334"
"A21,PHE,0.17333333333333334"
"A22,GLY,0.06"
"A23,PRO,0.25666666666666665"
"A24,LYS,0.9800000000000001"
"A25,LYS,1.2766666666666666"
"A26,LEU,0.17"
"A27,PRO,0.5133333333333333"
"A28,GLU,1.0566666666666666"
"A29,ILE,0.02666666666666667"
"A30,GLY,0.016666666666666666"
"A31,LYS,0.9700000000000001"
"A32,SER,0.12666666666666668"
"A33,ILE,0.1366666666666667"
"A34,GLY,0.03333333333333333"
"A35,LYS,1.1966666666666665"
"A36,THR,0.05333333333333334"
"A37,VAL,0.12333333333333334"
"A38,LYS,1.1733333333333333"
"A39,SER,0.17666666666666667"
"A40,PHE,0.09999999999999999"
"A41,GLN,0.4966666666666666"
"A42,GLN,0.8999999999999999"
"A43,ALA,0.09666666666666666"
"A44,ALA,0.20999999999999996"
"A45,LYS,1.8966666666666667"
"A46,GLU,1.33"
"A47,PHE,0.19999999999999998"
"A48,GLU,1.3566666666666667"
"A49,SER,0.44333333333333336"
"A50,GLU,2.09"
"A51,LEU,0.9133333333333332"
"A52,LYS,2.356666666666667"
"A53,THR,1.1199999999999999"
