"ChainID,Resname,Parch_Value"
"A1,GLY,0.7399999999999999"
"A2,VAL,0.21333333333333335"
"A3,HIS,0.5"
"A4,LYS,2.183333333333333"
"A5,MET,0.24"
"A6,ALA,0.23666666666666666"
"A7,LYS,1.5133333333333334"
"A8,ASN,0.32666666666666666"
"A9,GLU,0.7799999999999999"
"A10,PHE,0.5166666666666666"
"A11,GLN,0.5399999999999999"
"A12,CYS,0.013333333333333334"
"A13,MET,0.5066666666666667"
"A14,ALA,0.21333333333333335"
"A15,ASN,0.48"
"A16,MET,0.5066666666666667"
"A17,ASP,0.8666666666666667"
"A18,MET,0.47333333333333333"
"A19,LEU,0.4533333333333333"
"A20,GLY,0.27"
"A21,ASN,0.88"
"A22,CYS,0.2233333333333333"
"A23,GLU,0.9566666666666667"
"A24,LYS,0.6866666666666666"
"A25,HIS,0.2933333333333333"
"A26,CYS,0.01"
"A27,GLN,0.3233333333333333"
"A28,THR,0.02"
"A29,SER,0.13333333333333333"
"A30,GLY,0.08"
"A31,GLU,1.04"
"A32,LYS,1.25"
"A33,GLY,0.07"
"A34,TYR,0.27666666666666667"
"A35,CYS,0.04"
"A36,HIS,0.4966666666666666"
"A37,GLY,0.09333333333333334"
"A38,THR,0.18333333333333335"
"A39,LYS,0.7366666666666667"
"A40,CYS,0.2733333333333334"
"A41,LYS,1.3966666666666667"
"A42,CYS,0.37999999999999995"
"A43,GLY,0.17333333333333334"
"A44,THR,0.39666666666666667"
"A45,PRO,0.5066666666666667"
"A46,LEU,0.26"
"A47,SER,0.5066666666666667"
"A48,TYR,2.8466666666666662"
