"ChainID,Resname,Parch_Value"
"A1,LEU,0.9533333333333335"
"A2,MET,0.3666666666666667"
"A3,GLY,0.03333333333333333"
"A4,LEU,0.14333333333333334"
"A5,PHE,0.12333333333333334"
"A6,ASN,0.14"
"A7,ARG,0.5299999999999999"
"A8,ILE,0.01"
"A9,ILE,0.013333333333333334"
"A10,ARG,1.3033333333333335"
"A11,LYS,0.73"
"A12,VAL,0.01"
"A13,VAL,0.21"
"A14,LYS,2.0733333333333337"
"A15,LEU,0.3566666666666667"
"A16,PHE,0.10000000000000002"
"A17,ASN,2.063333333333333"
