"ChainID,Resname,Parch_Value"
"A1,MET,1.11"
"A2,MET,0.8033333333333333"
"A3,THR,0.24"
"A4,GLU,0.6466666666666666"
"A5,ASP,0.9199999999999999"
"A6,GLN,0.07666666666666666"
"A7,LYS,0.31"
"A8,PHE,0.5266666666666667"
"A9,LYS,0.8700000000000001"
"A10,TYR,0.22666666666666668"
"A11,LEU,0.20999999999999996"
"A12,THR,0.2866666666666667"
"A13,LYS,0.45999999999999996"
"A14,ILE,0.30000000000000004"
"A15,GLU,1.25"
"A16,GLU,1.5533333333333335"
"A17,LEU,0.10000000000000002"
"A18,GLU,1.5666666666666667"
"A19,ALA,0.13333333333333333"
"A20,GLY,0.01"
"A21,CYS,0.12333333333333334"
"A22,PHE,0.13333333333333333"
"A23,SER,0.32"
"A24,ASP,0.9400000000000001"
"A25,TRP,0.5800000000000001"
"A26,THR,0.16"
"A27,LYS,1.1533333333333333"
"A28,GLU,1.1866666666666668"
"A29,ASP,0.6533333333333333"
"A30,ILE,0.8266666666666667"
"A31,THR,0.5266666666666667"
"A32,GLY,0.2333333333333333"
"A33,ASP,0.96"
"A34,LEU,0.27666666666666667"
"A35,LYS,1.7133333333333336"
"A36,TYR,0.3333333333333333"
"A37,LEU,0.12"
"A38,LYS,1.5633333333333332"
"A39,LYS,1.3566666666666667"
"A40,GLY,0.10333333333333333"
"A41,ILE,0.21"
"A42,ILE,0.22"
"A43,GLU,2.0966666666666667"
"A44,GLU,1.1400000000000001"
"A45,SER,0.34"
"A46,ILE,0.4166666666666667"
"A47,GLU,1.5233333333333334"
"A48,LEU,0.2866666666666667"
"A49,ILE,0.02333333333333333"
"A50,ARG,0.8866666666666667"
"A51,ALA,0.05666666666666667"
"A52,VAL,0.11333333333333333"
"A53,ASN,0.25"
"A54,GLY,0.0"
"A55,LEU,0.06666666666666667"
"A56,THR,0.09666666666666668"
"A57,TYR,0.5800000000000001"
"A58,SER,0.19333333333333333"
"A59,GLU,1.09"
"A60,GLU,1.6533333333333333"
"A61,LEU,0.17666666666666667"
"A62,HIS,0.69"
"A63,ASP,0.9199999999999999"
"A64,PHE,0.09333333333333334"
"A65,THR,0.19000000000000003"
"A66,GLN,0.17"
"A67,GLU,1.5333333333333334"
"A68,ILE,0.13333333333333333"
"A69,ILE,0.25"
"A70,GLU,1.6833333333333333"
"A71,GLU,1.6966666666666665"
"A72,LEU,0.16666666666666666"
"A73,ASP,0.44999999999999996"
"A74,ILE,0.11333333333333333"
"A75,SER,0.17333333333333334"
"A76,PRO,0.2733333333333334"
"A77,LEU,1.8499999999999999"
