"ChainID,Resname,Parch_Value"
"A1,TYR,1.2766666666666666"
"A2,TYR,0.24333333333333332"
"A3,HIS,0.44333333333333336"
"A4,PHE,0.12333333333333334"
"A5,TRP,0.4466666666666667"
"A6,HIS,0.17"
"A7,ARG,0.6833333333333332"
"A8,GLY,0.01"
"A9,VAL,0.02"
"A10,THR,0.10333333333333333"
"A11,LYS,0.7999999999999999"
"A12,ARG,0.7033333333333333"
"A13,SER,0.016666666666666666"
"A14,LEU,0.12666666666666668"
"A15,SER,0.26333333333333336"
"A16,PRO,0.08666666666666667"
"A17,HIS,0.42"
"A18,ARG,1.2666666666666666"
"A19,PRO,0.25"
"A20,ARG,0.9566666666666667"
"A21,HIS,0.4833333333333334"
"A22,SER,0.09000000000000001"
"A23,ARG,1.54"
"A24,LEU,0.25666666666666665"
"A25,GLN,0.7999999999999999"
"A26,ARG,2.6733333333333333"
