"ChainID,Resname,Parch_Value"
"A1,MET,1.0666666666666667"
"A2,LEU,0.18000000000000002"
"A3,LYS,1.0533333333333335"
"A4,LEU,0.006666666666666667"
"A5,LYS,0.4066666666666667"
"A6,VAL,0.013333333333333334"
"A7,GLU,0.5366666666666667"
"A8,GLY,0.12666666666666668"
"A9,MET,0.4000000000000001"
"A10,THR,0.5166666666666666"
"A11,CYS,0.2833333333333333"
"A12,ASN,0.2933333333333334"
"A13,HIS,0.26333333333333336"
"A14,CYS,0.11333333333333333"
"A15,VAL,0.6033333333333334"
"A16,MET,0.7533333333333333"
"A17,ALA,0.08"
"A18,VAL,0.056666666666666664"
"A19,THR,0.2966666666666667"
"A20,LYS,0.6999999999999998"
"A21,ALA,0.02"
"A22,LEU,0.0033333333333333335"
"A23,LYS,1.0333333333333334"
"A24,LYS,1.2933333333333332"
"A25,VAL,0.04"
"A26,PRO,0.13"
"A27,GLY,0.08666666666666667"
"A28,VAL,0.11"
"A29,GLU,0.9"
"A30,LYS,0.9166666666666666"
"A31,VAL,0.11333333333333334"
"A32,GLU,0.6166666666666667"
"A33,VAL,0.036666666666666674"
"A34,SER,0.2333333333333333"
"A35,LEU,0.3833333333333333"
"A36,GLU,1.1133333333333333"
"A37,LYS,1.1066666666666667"
"A38,GLY,0.04"
"A39,GLU,0.5133333333333333"
"A40,ALA,0.0"
"A41,LEU,0.24666666666666667"
"A42,VAL,0.013333333333333334"
"A43,GLU,0.62"
"A44,GLY,0.14333333333333334"
"A45,THR,0.3233333333333333"
"A46,ALA,0.08666666666666667"
"A47,ASP,1.04"
"A48,PRO,0.2233333333333333"
"A49,LYS,1.24"
"A50,ALA,0.016666666666666666"
"A51,LEU,0.02"
"A52,VAL,0.24"
"A53,GLN,0.39666666666666667"
"A54,ALA,0.0"
"A55,VAL,0.013333333333333334"
"A56,GLU,0.3433333333333333"
"A57,GLU,1.7266666666666666"
"A58,GLU,0.5366666666666667"
"A59,GLY,0.19666666666666666"
"A60,TYR,0.15666666666666665"
"A61,LYS,1.2366666666666666"
"A62,ALA,0.05333333333333334"
"A63,GLU,0.5666666666666665"
"A64,VAL,0.18333333333333335"
"A65,LEU,0.5366666666666666"
"A66,ALA,1.3500000000000003"
