"ChainID,Resname,Parch_Value"
"A1,LYS,2.7866666666666666"
"A2,ILE,0.9"
"A3,LYS,1.8666666666666665"
"A4,SER,0.4000000000000001"
"A5,GLY,0.25"
"A6,TRP,1.5366666666666668"
"A7,GLU,1.6266666666666667"
"A8,ARG,1.9400000000000002"
"A9,LEU,0.6733333333333333"
"A10,THR,0.13"
"A11,SER,0.22666666666666666"
"A12,GLU,0.7966666666666667"
"A13,SER,0.19999999999999998"
"A14,GLU,1.8066666666666666"
"A15,TYR,0.5966666666666667"
"A16,ALA,0.27666666666666667"
"A17,CYS,0.10666666666666667"
"A18,PRO,0.3133333333333333"
"A19,ALA,0.03333333333333333"
"A20,ILE,0.48666666666666664"
"A21,ASP,0.29333333333333333"
"A22,LYS,0.9266666666666666"
"A23,PHE,0.45999999999999996"
"A24,CYS,0.0033333333333333335"
"A25,GLU,0.69"
"A26,ASP,1.0033333333333332"
"A27,HIS,0.44333333333333336"
"A28,CYS,0.0"
"A29,ALA,0.11333333333333334"
"A30,ALA,0.17666666666666667"
"A31,LYS,0.7399999999999999"
"A32,LYS,0.8266666666666667"
"A33,ALA,0.013333333333333334"
"A34,VAL,0.21999999999999997"
"A35,GLY,0.04666666666666667"
"A36,LYS,0.4366666666666667"
"A37,CYS,0.10000000000000002"
"A38,ASP,0.7200000000000001"
"A39,ASP,1.5066666666666668"
"A40,PHE,0.41333333333333333"
"A41,LYS,1.1733333333333331"
"A42,CYS,0.07333333333333332"
"A43,ASN,0.3733333333333333"
"A44,CYS,0.11333333333333334"
"A45,ILE,0.16666666666666666"
"A46,LYS,1.7766666666666666"
"A47,LEU,1.68"
