"ChainID,Resname,Parch_Value"
"A1,LEU,1.0033333333333332"
"A2,GLY,0.22666666666666666"
"A3,GLN,0.73"
"A4,GLN,0.4466666666666666"
"A5,GLN,0.30333333333333334"
"A6,PRO,0.4066666666666667"
"A7,ALA,0.5833333333333334"
"A8,PRO,0.5433333333333333"
"A9,PRO,0.5266666666666667"
"A10,GLN,0.7533333333333333"
"A11,GLN,0.40666666666666673"
"A12,PRO,0.38999999999999996"
"A13,TYR,2.3166666666666664"
