"ChainID,Resname,Parch_Value"
"A1,GLY,0.9199999999999999"
"A2,GLY,0.49"
"A3,GLU,1.873333333333333"
"A4,ALA,0.3633333333333333"
"A5,LYS,1.7133333333333336"
"A6,ALA,0.14333333333333334"
"A7,ARG,1.64"
"A8,LEU,0.27666666666666667"
"A9,CYS,0.0"
"A10,LYS,0.6666666666666666"
"A11,LEU,0.10666666666666667"
"A12,CYS,0.049999999999999996"
"A13,GLY,0.05666666666666667"
"A14,GLN,0.19000000000000003"
"A15,LYS,0.5033333333333333"
"A16,GLY,0.06"
"A17,HIS,0.18000000000000002"
"A18,ASP,0.5966666666666667"
"A19,GLU,0.15666666666666665"
"A20,ARG,1.2933333333333332"
"A21,SER,0.17333333333333334"
"A22,CYS,0.18333333333333332"
"A23,LYS,1.7533333333333332"
"A24,GLY,0.3"
"A25,GLU,2.046666666666667"
"A26,ALA,0.23666666666666666"
"A27,LYS,0.9266666666666667"
"A28,GLN,1.0"
"A29,LYS,1.0033333333333332"
"A30,GLN,0.7366666666666667"
"A31,GLY,0.44333333333333336"
