"ChainID,Resname,Parch_Value"
"A1,LYS,2.703333333333333"
"A2,ASN,0.6866666666666666"
"A3,LYS,1.6666666666666667"
"A4,SER,0.4466666666666667"
"A5,ARG,1.7666666666666666"
"A6,VAL,0.22"
"A7,ALA,0.07666666666666667"
"A8,ARG,0.8666666666666666"
"A9,GLY,0.07333333333333335"
"A10,TRP,1.0633333333333332"
"A11,GLY,0.04666666666666667"
"A12,ARG,1.2333333333333334"
"A13,LYS,1.8566666666666667"
"A14,CYS,0.05666666666666667"
"A15,PRO,0.09999999999999999"
"A16,LEU,0.2233333333333333"
"A17,PHE,0.21666666666666667"
"A18,GLY,1.17"
