"ChainID,Resname,Parch_Value"
"A1,LEU,0.6766666666666667"
"A2,GLN,0.21333333333333335"
"A3,ASP,0.6166666666666667"
"A4,GLU,0.49"
"A5,VAL,0.20333333333333334"
"A6,GLY,0.11666666666666665"
"A7,ALA,0.08666666666666667"
"A8,PRO,0.03333333333333333"
"A9,PRO,0.4033333333333333"
"A10,ALA,0.02666666666666667"
"A11,LEU,0.13999999999999999"
"A12,SER,0.25"
"A13,ALA,0.09333333333333334"
"A14,GLU,1.7633333333333334"
"A15,GLU,0.6466666666666666"
"A16,GLY,0.0033333333333333335"
"A17,VAL,0.12666666666666668"
"A18,MET,0.14333333333333334"
"A19,GLU,1.2466666666666668"
"A20,THR,0.5933333333333333"
"A21,ARG,0.9366666666666665"
"A22,ALA,0.13999999999999999"
"A23,GLU,0.4166666666666667"
"A24,CYS,0.01"
"A25,ARG,0.47333333333333333"
"A26,GLN,0.4266666666666666"
"A27,GLY,0.0"
"A28,LEU,0.8833333333333334"
"A29,LEU,0.4266666666666666"
"A30,PRO,0.03"
"A31,CYS,0.13333333333333333"
"A32,LYS,0.5666666666666668"
"A33,ASP,1.3033333333333335"
"A34,ASN,0.98"
"A35,LYS,2.4233333333333333"
"A36,CYS,0.15"
"A37,TYR,0.6033333333333334"
"A38,CYS,0.16333333333333333"
"A39,CYS,0.17"
"A40,ILE,0.38999999999999996"
"A41,GLY,0.18666666666666668"
"A42,GLY,0.4666666666666666"
"A43,GLY,0.17333333333333334"
"A44,THR,0.3466666666666667"
"A45,ARG,1.0533333333333335"
"A46,GLN,0.35333333333333333"
"A47,CYS,0.16"
"A48,TYR,0.3499999999999999"
"A49,ALA,0.12"
"A50,THR,0.15"
"A51,LEU,0.13333333333333333"
"A52,ALA,0.02666666666666667"
"A53,GLU,0.41333333333333333"
"A54,CYS,0.0"
"A55,ARG,0.79"
"A56,HIS,0.15666666666666665"
"A57,ALA,0.18333333333333335"
"A58,CYS,0.0033333333333333335"
"A59,LEU,0.13"
"A60,PRO,0.31"
"A61,LEU,0.14333333333333334"
"A62,ASN,0.35333333333333333"
"A63,THR,0.63"
"A64,ASN,2.3433333333333333"
