"ChainID,Resname,Parch_Value"
"A1,GLY,0.5633333333333334"
"A2,THR,0.06999999999999999"
"A3,ILE,0.01"
"A4,LEU,0.0"
"A5,ILE,0.0"
"A6,PHE,0.03333333333333333"
"A7,LEU,0.04"
"A8,ASP,0.6666666666666666"
"A9,LYS,0.6633333333333333"
"A10,ASN,0.8566666666666668"
"A11,LYS,1.2233333333333334"
"A12,GLU,1.6366666666666667"
"A13,GLN,0.6266666666666666"
"A14,ALA,0.06333333333333334"
"A15,GLU,1.3933333333333333"
"A16,LYS,1.0033333333333332"
"A17,LEU,0.2966666666666667"
"A18,ALA,0.0033333333333333335"
"A19,LYS,0.7999999999999999"
"A20,GLU,1.25"
"A21,VAL,0.043333333333333335"
"A22,GLY,0.12333333333333334"
"A23,VAL,0.07666666666666667"
"A24,THR,0.23"
"A25,GLU,0.21"
"A26,ILE,0.13"
"A27,TYR,0.32"
"A28,GLU,0.29"
"A29,SER,0.08333333333333333"
"A30,ASP,0.7033333333333333"
"A31,ASN,0.46"
"A32,LEU,0.060000000000000005"
"A33,GLU,0.98"
"A34,GLU,1.51"
"A35,LEU,0.006666666666666667"
"A36,TYR,0.043333333333333335"
"A37,ARG,0.88"
"A38,GLU,0.9899999999999999"
"A39,ILE,0.01"
"A40,LYS,0.59"
"A41,GLU,0.7066666666666667"
"A42,ARG,0.7366666666666667"
"A43,ILE,0.0"
"A44,GLU,0.49666666666666665"
"A45,ARG,1.6866666666666668"
"A46,GLU,0.09999999999999999"
"A47,ASN,0.14666666666666664"
"A48,PRO,0.25"
"A49,ASN,0.26"
"A50,ALA,0.18999999999999997"
"A51,THR,0.18333333333333335"
"A52,ILE,0.15333333333333332"
"A53,LEU,0.12333333333333334"
"A54,THR,0.09000000000000001"
"A55,VAL,0.10000000000000002"
"A56,THR,0.49"
"A57,ASP,0.7000000000000001"
"A58,PRO,0.27"
"A59,ASN,0.7966666666666665"
"A60,GLU,0.9566666666666667"
"A61,LEU,0.013333333333333334"
"A62,LYS,0.9666666666666667"
"A63,LYS,0.5933333333333333"
"A64,ILE,0.02"
"A65,GLN,0.11333333333333333"
"A66,ASP,0.49666666666666665"
"A67,GLU,1.3733333333333333"
"A68,GLY,0.22666666666666666"
"A69,LYS,1.1366666666666667"
"A70,VAL,0.06666666666666667"
"A71,ASP,0.47333333333333333"
"A72,ARG,0.3133333333333333"
"A73,ILE,0.013333333333333334"
"A74,ILE,0.006666666666666667"
"A75,LEU,0.0"
"A76,LEU,0.0"
"A77,ILE,0.013333333333333334"
"A78,LYS,0.6233333333333334"
"A79,GLY,0.07333333333333333"
"A80,SER,0.4333333333333333"
"A81,LEU,0.36000000000000004"
"A82,GLU,1.02"
"A83,HIS,0.48"
"A84,HIS,0.5433333333333333"
"A85,HIS,0.33"
"A86,HIS,0.48333333333333334"
"A87,HIS,1.3766666666666667"
"A88,HIS,3.2133333333333334"
