"ChainID,Resname,Parch_Value"
"A62,THR,0.6166666666666667"
"A63,ASP,0.2966666666666667"
"A64,GLN,0.23"
"A65,LEU,0.16666666666666666"
"A66,LYS,0.5166666666666666"
"A67,LYS,0.8700000000000001"
"A68,ALA,0.09000000000000001"
"A69,LYS,0.7433333333333333"
"A70,ALA,0.07"
"A71,GLU,0.7933333333333333"
"A72,ALA,0.04"
"A73,GLN,0.35000000000000003"
"A74,VAL,0.13"
"A75,ILE,0.02666666666666667"
"A76,ILE,0.09333333333333334"
"A77,GLU,0.9133333333333334"
"A78,GLN,0.1366666666666667"
"A79,ALA,0.043333333333333335"
"A80,ASN,0.16666666666666666"
"A81,LYS,0.7433333333333333"
"A82,ARG,1.32"
"A83,ARG,0.89"
"A84,SER,0.05333333333333334"
"A85,GLN,0.5933333333333333"
"A86,ILE,0.9666666666666667"
"A87,LEU,0.18000000000000002"
"A88,ASP,0.6733333333333333"
"A89,GLU,1.4033333333333333"
"A90,ALA,0.18666666666666665"
"A91,LYS,0.9500000000000001"
"A92,ALA,0.08666666666666667"
"A93,GLU,1.0966666666666667"
"A94,ALA,0.13"
"A95,GLU,0.9799999999999999"
"A96,GLN,0.24666666666666667"
"A97,GLU,1.17"
"A98,ARG,0.9566666666666667"
"A99,THR,0.09666666666666668"
"A100,LYS,0.47333333333333333"
"A101,ILE,0.09333333333333334"
"A102,VAL,0.03333333333333333"
"A103,ALA,0.006666666666666667"
"A104,GLN,0.23666666666666666"
"A105,ALA,0.006666666666666667"
"A106,GLN,0.06"
"A107,ALA,0.07333333333333333"
"A108,GLU,0.89"
"A109,ILE,0.33666666666666667"
"A110,GLU,0.41"
"A111,ALA,0.06666666666666667"
"A112,GLU,1.0333333333333334"
"A113,ARG,0.9833333333333333"
"A114,LYS,1.0266666666666666"
"A115,ARG,1.6300000000000001"
"A116,ALA,0.27"
"A117,ARG,0.61"
"A118,GLU,1.3800000000000001"
"A119,GLU,0.77"
"A120,LEU,0.4633333333333333"
"A121,ARG,1.1033333333333333"
"A122,LYS,2.26"
