"ChainID,Resname,Parch_Value"
"A1,GLY,1.0366666666666666"
"A2,CYS,0.25666666666666665"
"A3,CYS,0.16666666666666666"
"A4,ALA,0.16"
"A5,ASN,0.06666666666666667"
"A6,PRO,0.043333333333333335"
"A7,VAL,0.09999999999999999"
"A8,CYS,0.006666666666666667"
"A9,ASN,0.15333333333333332"
"A10,GLY,0.08"
"A11,LYS,1.6166666666666665"
"A12,HIS,1.3833333333333335"
"A13,CYS,1.2866666666666668"
