"ChainID,Resname,Parch_Value"
"A1,ASN,1.0533333333333335"
"A2,GLY,0.21"
"A3,LEU,0.15333333333333332"
"A4,PRO,0.2866666666666667"
"A5,VAL,0.2866666666666667"
"A6,CYS,0.03333333333333333"
"A7,GLY,0.33"
"A8,GLU,1.3033333333333335"
"A9,THR,0.20999999999999996"
"A10,CYS,0.03"
"A11,VAL,0.21"
"A12,GLY,0.02333333333333333"
"A13,GLY,0.12000000000000001"
"A14,THR,0.30000000000000004"
"A15,CYS,0.14"
"A16,ASN,0.6333333333333334"
"A17,THR,0.41333333333333333"
"A18,PRO,0.20666666666666667"
"A19,GLY,0.17666666666666667"
"A20,CYS,0.03666666666666667"
"A21,LYS,0.5433333333333333"
"A22,CYS,0.05333333333333334"
"A23,SER,0.10999999999999999"
"A24,TRP,0.24"
"A25,PRO,0.043333333333333335"
"A26,VAL,0.013333333333333334"
"A27,CYS,0.03666666666666667"
"A28,THR,0.01"
"A29,ARG,1.1933333333333334"
