"ChainID,Resname,Parch_Value"
"A1,ALA,0.8133333333333335"
"A2,ARG,1.4166666666666667"
"A3,LYS,0.6666666666666666"
"A4,SER,0.14"
"A5,CYS,0.056666666666666664"
"A6,CYS,0.0"
"A7,LEU,0.29666666666666663"
"A8,LYS,1.6633333333333333"
"A9,TYR,0.27666666666666667"
"A10,THR,0.5133333333333333"
"A11,LYS,1.0999999999999999"
"A12,ARG,0.9633333333333334"
"A13,PRO,0.06"
"A14,LEU,0.02666666666666667"
"A15,PRO,0.05666666666666667"
"A16,LEU,0.09333333333333332"
"A17,LYS,1.2833333333333334"
"A18,ARG,0.8866666666666666"
"A19,ILE,0.0033333333333333335"
"A20,LYS,1.0199999999999998"
"A21,SER,0.14333333333333334"
"A22,TYR,0.4566666666666667"
"A23,THR,0.24333333333333332"
"A24,ILE,0.21999999999999997"
"A25,GLN,0.09000000000000001"
"A26,SER,0.2833333333333333"
"A27,ASN,0.5466666666666667"
"A28,GLU,2.393333333333333"
"A29,ALA,0.12"
"A30,CYS,0.01"
"A31,ASN,0.4566666666666666"
"A32,ILE,0.06333333333333334"
"A33,LYS,0.88"
"A34,ALA,0.01"
"A35,ILE,0.036666666666666674"
"A36,ILE,0.07666666666666666"
"A37,PHE,0.036666666666666674"
"A38,THR,0.006666666666666667"
"A39,THR,0.01"
"A40,LYS,0.7000000000000001"
"A41,LYS,1.3499999999999999"
"A42,GLY,0.013333333333333334"
"A43,ARG,0.8533333333333332"
"A44,LYS,0.7033333333333333"
"A45,ILE,0.09666666666666668"
"A46,CYS,0.04666666666666667"
"A47,ALA,0.08333333333333333"
"A48,ASN,0.11333333333333333"
"A49,PRO,0.049999999999999996"
"A50,ASN,0.04666666666666667"
"A51,GLU,0.89"
"A52,LYS,1.2966666666666669"
"A53,TRP,0.25333333333333335"
"A54,VAL,0.01"
"A55,GLN,0.04666666666666666"
"A56,LYS,0.8366666666666666"
"A57,ALA,0.0"
"A58,MET,0.023333333333333334"
"A59,LYS,1.0766666666666669"
"A60,HIS,0.3933333333333333"
"A61,LEU,0.3566666666666667"
"A62,ASP,1.2766666666666666"
"A63,LYS,2.0566666666666666"
"A64,LYS,1.93"
