"ChainID,Resname,Parch_Value"
"A610,SER,0.7533333333333333"
"A611,GLN,0.33"
"A612,MET,0.13"
"A613,SER,0.09999999999999999"
"A614,ASP,0.41"
"A615,LEU,0.26666666666666666"
"A616,PRO,0.21"
"A617,VAL,0.13333333333333333"
"A618,LYS,0.2866666666666667"
"A619,VAL,0.0"
"A620,ILE,0.04"
"A621,HIS,0.05333333333333334"
"A622,VAL,0.12"
"A623,GLU,1.2633333333333334"
"A624,SER,0.3933333333333333"
"A625,GLY,0.08666666666666667"
"A626,LYS,1.2666666666666666"
"A627,ILE,0.09999999999999999"
"A628,LEU,0.15333333333333335"
"A629,THR,0.19333333333333333"
"A630,GLY,0.06333333333333334"
"A631,THR,0.6366666666666667"
"A632,ASP,1.04"
"A633,ALA,0.01"
"A634,PRO,0.04"
"A635,LYS,0.47000000000000003"
"A636,ALA,0.09666666666666668"
"A637,GLY,0.05333333333333334"
"A638,GLN,0.2933333333333333"
"A639,LEU,0.03333333333333333"
"A640,GLU,1.1233333333333333"
"A641,ALA,0.18999999999999997"
"A642,TRP,0.21333333333333335"
"A643,LEU,0.17666666666666667"
"A644,GLU,0.86"
"A645,MET,0.12666666666666668"
"A646,ASN,0.09333333333333334"
"A647,PRO,0.20333333333333334"
"A648,GLY,0.07333333333333335"
"A649,TYR,0.10666666666666667"
"A650,GLU,0.9866666666666667"
"A651,VAL,0.37666666666666665"
"A652,ALA,0.023333333333333334"
"A653,PRO,0.22666666666666668"
"A654,ARG,2.8200000000000003"
"A655,SER,0.5299999999999999"
"A656,ASP,0.8366666666666666"
"A657,SER,0.17"
"A658,GLU,4.863333333333333"
