"ChainID,Resname,Parch_Value"
"A1,LEU,0.6433333333333333"
"A2,PRO,0.45333333333333337"
"A3,ARG,3.313333333333334"
"A4,CYS,0.11"
"A5,ASP,1.33"
"A6,SER,0.07666666666666667"
"A7,PRO,0.11333333333333333"
"A8,PHE,0.06999999999999999"
"A9,CYS,0.0"
"A10,SER,0.0"
"A11,LEU,0.03333333333333333"
"A12,PHE,0.2866666666666667"
"A13,ARG,0.8266666666666667"
"A14,ILE,0.17"
"A15,GLY,0.12333333333333334"
"A16,LEU,0.35333333333333333"
"A17,CYS,0.10000000000000002"
"A18,GLY,0.10666666666666667"
"A19,ASP,0.87"
"A20,LYS,1.95"
"A21,CYS,0.10000000000000002"
"A22,THR,0.14333333333333334"
"A23,CYS,0.03"
"A24,VAL,0.12333333333333334"
"A25,PRO,0.013333333333333334"
"A26,LEU,0.16"
"A27,PRO,0.08"
"A28,ILE,0.04"
"A29,PHE,0.24666666666666667"
"A30,GLY,0.02"
"A31,LEU,0.15333333333333335"
"A32,CYS,0.04"
"A33,VAL,0.13999999999999999"
"A34,PRO,0.4766666666666666"
"A35,ASP,1.6566666666666665"
"A36,VAL,1.4666666666666668"
