"ChainID,Resname,Parch_Value"
"A1,LEU,0.35000000000000003"
"A2,THR,0.15666666666666665"
"A3,CYS,0.006666666666666667"
"A4,VAL,0.03333333333333333"
"A5,THR,0.04666666666666667"
"A6,THR,0.33666666666666667"
"A7,LYS,0.4166666666666667"
"A8,SER,0.18333333333333332"
"A9,ILE,0.09000000000000001"
"A10,GLY,0.06333333333333334"
"A11,GLY,0.08666666666666667"
"A12,VAL,0.24"
"A13,THR,0.19000000000000003"
"A14,THR,0.13999999999999999"
"A15,GLU,0.41333333333333333"
"A16,ASP,0.7766666666666667"
"A17,CYS,0.15"
"A18,PRO,0.20666666666666667"
"A19,ALA,0.11666666666666668"
"A20,GLY,0.03333333333333333"
"A21,GLN,0.10333333333333333"
"A22,ASN,0.17333333333333334"
"A23,VAL,0.02666666666666667"
"A24,CYS,0.006666666666666667"
"A25,PHE,0.0"
"A26,LYS,0.3866666666666667"
"A27,ARG,0.59"
"A28,TRP,0.19999999999999998"
"A29,HIS,0.4633333333333333"
"A30,TYR,0.3333333333333333"
"A31,VAL,0.08"
"A32,THR,0.060000000000000005"
"A33,PRO,0.2333333333333333"
"A34,LYS,1.1833333333333333"
"A35,ASN,0.10333333333333333"
"A36,TYR,0.4066666666666667"
"A37,ASP,1.0266666666666666"
"A38,ILE,0.61"
"A39,ILE,0.18999999999999997"
"A40,LYS,0.17333333333333334"
"A41,GLY,0.0"
"A42,CYS,0.0033333333333333335"
"A43,ALA,0.02"
"A44,ALA,0.08"
"A45,THR,0.24666666666666667"
"A46,CYS,0.14666666666666664"
"A47,PRO,0.08666666666666667"
"A48,LYS,1.9766666666666666"
"A49,VAL,0.31000000000000005"
"A50,ASP,1.5666666666666667"
"A51,ASN,0.5466666666666666"
"A52,ASN,0.36000000000000004"
"A53,ASP,0.10000000000000002"
"A54,PRO,0.12333333333333334"
"A55,ILE,0.05666666666666667"
"A56,ARG,0.9266666666666667"
"A57,CYS,0.09333333333333334"
"A58,CYS,0.06666666666666667"
"A59,GLY,0.08333333333333333"
"A60,THR,0.13"
"A61,ASP,0.18999999999999997"
"A62,LYS,1.26"
"A63,CYS,0.3833333333333333"
"A64,ASN,0.043333333333333335"
"A65,ASP,2.1"
