"ChainID,Resname,Parch_Value"
"A647,MET,1.2533333333333332"
"A648,ALA,0.25333333333333335"
"A649,HIS,0.4633333333333334"
"A650,HIS,0.7699999999999999"
"A651,HIS,0.33666666666666667"
"A652,HIS,0.42"
"A653,HIS,0.5433333333333333"
"A654,HIS,1.0066666666666668"
"A655,VAL,0.18666666666666668"
"A656,ASP,1.366666666666667"
"A657,ASP,0.8933333333333334"
"A658,ASP,0.91"
"A659,ASP,1.21"
"A660,LYS,1.2666666666666668"
"A661,MET,0.4266666666666667"
"A662,GLY,0.06666666666666667"
"A663,THR,0.19333333333333333"
"A664,SER,0.24666666666666667"
"A665,ILE,0.36666666666666664"
"A666,ALA,0.31"
"A667,ASP,1.4000000000000001"
"A668,VAL,0.19333333333333336"
"A669,ALA,0.4166666666666667"
"A670,ASN,0.9766666666666666"
"A671,ASP,1.9400000000000002"
"A672,LYS,1.51"
"A673,PRO,0.48333333333333334"
"A674,TYR,0.33"
"A675,THR,0.23666666666666666"
"A676,VAL,0.09000000000000001"
"A677,ALA,0.07666666666666666"
"A678,VAL,0.09000000000000001"
"A679,SER,0.14333333333333334"
"A680,GLY,0.11"
"A681,LYS,0.73"
"A682,THR,0.15333333333333332"
"A683,ILE,0.043333333333333335"
"A684,THR,0.10666666666666667"
"A685,VAL,0.07333333333333333"
"A686,GLU,0.17"
"A687,SER,0.13999999999999999"
"A688,PRO,0.31"
"A689,ALA,0.8033333333333333"
"A690,ALA,0.17"
"A691,GLY,0.05000000000000001"
"A692,LEU,0.05333333333333334"
"A693,THR,0.0"
"A694,ILE,0.006666666666666667"
"A695,PHE,0.049999999999999996"
"A696,ASP,0.08333333333333333"
"A697,MET,0.19333333333333336"
"A698,ASN,0.3133333333333333"
"A699,GLY,0.10333333333333333"
"A700,ARG,1.1366666666666667"
"A701,ARG,0.9466666666666667"
"A702,VAL,0.07333333333333333"
"A703,ALA,0.030000000000000002"
"A704,THR,0.22"
"A705,ALA,0.03"
"A706,LYS,0.94"
"A707,ASN,0.3333333333333333"
"A708,ARG,1.1400000000000001"
"A709,MET,0.1366666666666667"
"A710,VAL,0.17333333333333334"
"A711,PHE,0.19999999999999998"
"A712,GLU,1.0133333333333334"
"A713,ALA,0.013333333333333334"
"A714,GLN,0.24333333333333332"
"A715,ASN,0.08666666666666667"
"A716,GLY,0.02"
"A717,VAL,0.11333333333333334"
"A718,TYR,0.0"
"A719,ALA,0.013333333333333334"
"A720,VAL,0.0"
"A721,ARG,0.8466666666666667"
"A722,ILE,0.0033333333333333335"
"A723,ALA,0.09333333333333334"
"A724,THR,0.3"
"A725,GLU,2.2266666666666666"
"A726,GLY,0.12666666666666668"
"A727,LYS,1.4066666666666665"
"A728,THR,0.20000000000000004"
"A729,TYR,0.53"
"A730,THR,0.6966666666666667"
"A731,GLU,0.14"
"A732,LYS,1.7933333333333332"
"A733,VAL,0.006666666666666667"
"A734,ILE,0.27666666666666667"
"A735,VAL,0.01"
"A736,LYS,1.4866666666666666"
