"ChainID,Resname,Parch_Value"
"A1,LYS,1.8866666666666667"
"A2,GLN,0.37333333333333335"
"A3,GLN,0.34"
"A4,GLU,0.98"
"A5,GLU,0.2833333333333333"
"A6,GLU,0.2733333333333334"
"A7,ALA,0.05333333333333334"
"A8,GLU,0.13999999999999999"
"A9,ARG,0.6666666666666666"
"A10,LEU,0.016666666666666666"
"A11,ARG,1.0733333333333333"
"A12,ARG,1.0333333333333332"
"A13,ILE,0.17666666666666667"
"A14,GLN,0.12666666666666668"
"A15,GLU,0.9333333333333332"
"A16,GLU,1.55"
"A17,MET,0.02333333333333333"
"A18,GLU,0.5033333333333333"
"A19,LYS,0.9466666666666667"
"A20,GLU,0.44333333333333336"
"A21,ARG,0.82"
"A22,LYS,0.9133333333333334"
"A23,ARG,1.63"
"A24,ARG,1.2733333333333334"
"A25,GLU,0.98"
"A26,GLU,0.7266666666666667"
"A27,ASP,0.42333333333333334"
"A28,GLU,0.6466666666666666"
"A29,GLN,0.33"
"A30,ARG,1.24"
"A31,ARG,1.3833333333333335"
"A32,ARG,0.7933333333333333"
"A33,LYS,0.8633333333333333"
"A34,GLU,0.7866666666666666"
"A35,GLU,0.33"
"A36,GLU,0.4666666666666666"
"A37,GLU,0.4266666666666666"
"A38,ARG,0.7733333333333333"
"A39,ARG,0.8466666666666667"
"A40,MET,0.19000000000000003"
"A41,LYS,0.5666666666666665"
"A42,LEU,0.043333333333333335"
"A43,GLU,0.39666666666666667"
"A44,MET,0.09333333333333332"
"A45,GLU,0.6933333333333334"
"A46,ALA,0.016666666666666666"
"A47,LYS,0.7066666666666667"
"A48,ARG,0.5866666666666666"
"A49,LYS,0.5333333333333333"
"A50,GLN,0.18333333333333335"
"A51,GLU,0.30666666666666664"
"A52,GLU,0.2233333333333333"
"A53,GLU,0.06333333333333334"
"A54,GLU,0.41999999999999993"
"A55,ARG,1.0633333333333335"
"A56,LYS,0.9666666666666667"
"A57,LYS,1.1166666666666667"
"A58,ARG,1.6333333333333335"
"A59,GLU,1.6866666666666668"
"A60,ASP,1.04"
"A61,ASP,0.5033333333333333"
"A62,GLU,0.9199999999999999"
"A63,LYS,0.87"
"A64,ARG,0.8300000000000001"
"A65,ILE,0.41333333333333333"
"A66,GLN,0.6566666666666666"
"A67,ALA,0.38999999999999996"
"A68,GLU,3.4599999999999995"
