"ChainID,Resname,Parch_Value"
"A6,ARG,1.3666666666666665"
"A7,ASP,1.2766666666666666"
"A8,LEU,0.12"
"A9,GLU,0.8166666666666668"
"A10,VAL,0.07666666666666667"
"A11,VAL,0.07333333333333333"
"A12,ALA,0.023333333333333334"
"A13,ALA,0.11333333333333333"
"A14,THR,0.08666666666666667"
"A15,PRO,0.07"
"A16,THR,0.03333333333333333"
"A17,SER,0.05333333333333334"
"A18,LEU,0.0"
"A19,LEU,0.08"
"A20,ILE,0.013333333333333334"
"A21,SER,0.11666666666666665"
"A22,TRP,0.03"
"A23,ASP,0.7166666666666667"
"A24,ALA,0.18000000000000002"
"A25,PRO,0.18333333333333335"
"A26,ALA,0.3433333333333333"
"A27,VAL,0.12333333333333334"
"A28,THR,0.4033333333333333"
"A29,VAL,0.07666666666666667"
"A30,ARG,0.75"
"A31,TYR,0.15333333333333335"
"A32,TYR,0.016666666666666666"
"A33,ARG,0.6933333333333334"
"A34,ILE,0.0"
"A35,THR,0.13666666666666666"
"A36,TYR,0.11666666666666665"
"A37,GLY,0.023333333333333334"
"A38,GLU,0.5"
"A39,THR,0.18666666666666668"
"A40,GLY,0.11666666666666668"
"A41,GLY,0.10333333333333333"
"A42,ASN,0.2866666666666667"
"A43,SER,0.21666666666666665"
"A44,PRO,0.25333333333333335"
"A45,VAL,0.4033333333333333"
"A46,GLN,0.32666666666666666"
"A47,GLU,0.3633333333333333"
"A48,PHE,0.03666666666666667"
"A49,THR,0.08"
"A50,VAL,0.023333333333333334"
"A51,PRO,0.09666666666666666"
"A52,GLY,0.08"
"A53,SER,0.33666666666666667"
"A54,LYS,1.1500000000000001"
"A55,SER,0.19666666666666668"
"A56,THR,0.3666666666666667"
"A57,ALA,0.06"
"A58,THR,0.14333333333333334"
"A59,ILE,0.0033333333333333335"
"A60,SER,0.060000000000000005"
"A61,GLY,0.01"
"A62,LEU,0.04666666666666667"
"A63,LYS,0.5933333333333333"
"A64,PRO,0.05333333333333334"
"A65,GLY,0.04"
"A66,VAL,0.26"
"A67,ASP,0.2833333333333334"
"A68,TYR,0.07333333333333333"
"A69,THR,0.07"
"A70,ILE,0.05000000000000001"
"A71,THR,0.16666666666666666"
"A72,VAL,0.023333333333333334"
"A73,TYR,0.47333333333333333"
"A74,ALA,0.18666666666666668"
"A75,VAL,0.18666666666666668"
"A76,THR,0.0"
"A77,GLY,0.10333333333333333"
"A78,ARG,1.2"
"A79,GLY,0.07333333333333333"
"A80,ASP,1.4966666666666668"
"A81,SER,0.26333333333333336"
"A82,PRO,0.17333333333333334"
"A83,ALA,0.2066666666666667"
"A84,SER,0.08333333333333333"
"A85,SER,0.23"
"A86,LYS,1.07"
"A87,PRO,0.6533333333333333"
"A88,ILE,0.3233333333333333"
"A89,SER,0.23666666666666666"
"A90,ILE,0.4033333333333333"
"A91,ASN,0.24"
"A92,TYR,0.3866666666666667"
"A93,ARG,0.7200000000000001"
"A94,THR,0.27999999999999997"
"A95,GLU,1.6533333333333333"
"A96,ILE,0.8466666666666667"
