"ChainID,Resname,Parch_Value"
"A0,MET,0.7933333333333333"
"A1,LYS,1.3266666666666667"
"A2,SER,0.20333333333333334"
"A3,PRO,0.03"
"A4,GLU,0.9333333333333335"
"A5,GLU,0.6766666666666667"
"A6,LEU,0.006666666666666667"
"A7,LYS,0.26333333333333336"
"A8,GLY,0.04666666666666667"
"A9,ILE,0.3066666666666667"
"A10,PHE,0.0"
"A11,GLU,0.7466666666666667"
"A12,LYS,0.8566666666666666"
"A13,TYR,0.03"
"A14,ALA,0.02333333333333333"
"A15,ALA,0.060000000000000005"
"A16,LYS,0.39999999999999997"
"A17,GLU,1.3466666666666667"
"A18,GLY,0.08333333333333333"
"A19,ASP,0.88"
"A20,PRO,0.18999999999999997"
"A21,ASN,0.14666666666666667"
"A22,GLN,0.17"
"A23,LEU,0.0"
"A24,SER,0.08666666666666667"
"A25,LYS,0.7000000000000001"
"A26,GLU,0.7333333333333333"
"A27,GLU,0.0033333333333333335"
"A28,LEU,0.0"
"A29,LYS,0.77"
"A30,LEU,0.06999999999999999"
"A31,LEU,0.0"
"A32,LEU,0.0"
"A33,GLN,0.08333333333333333"
"A34,THR,0.05333333333333334"
"A35,GLU,0.7699999999999999"
"A36,PHE,0.17"
"A37,PRO,0.02"
"A38,SER,0.05333333333333334"
"A39,LEU,0.15"
"A40,LEU,0.17"
"A41,LYS,0.9766666666666667"
"A42,GLY,0.19000000000000003"
"A43,PRO,0.18000000000000002"
"A44,SER,0.30666666666666664"
"A45,THR,0.41333333333333333"
"A46,LEU,0.07333333333333335"
"A47,ASP,1.0133333333333334"
"A48,GLU,0.29"
"A49,LEU,0.07333333333333333"
"A50,PHE,0.12666666666666668"
"A51,GLU,1.6966666666666665"
"A52,GLU,0.88"
"A53,LEU,0.12666666666666668"
"A54,ASP,0.3533333333333333"
"A55,LYS,1.3699999999999999"
"A56,ASN,0.6933333333333334"
"A57,GLY,0.24333333333333332"
"A58,ASP,0.9933333333333333"
"A59,GLY,0.14333333333333334"
"A60,GLU,0.6"
"A61,VAL,0.013333333333333334"
"A62,SER,0.19666666666666668"
"A63,PHE,0.07666666666666667"
"A64,GLU,1.6766666666666667"
"A65,GLU,0.63"
"A66,PHE,0.0"
"A67,GLN,0.24333333333333332"
"A68,VAL,0.24666666666666667"
"A69,LEU,0.0"
"A70,VAL,0.0033333333333333335"
"A71,LYS,1.1500000000000001"
"A72,LYS,0.19666666666666666"
"A73,ILE,0.03"
"A74,SER,0.18000000000000002"
"A75,GLN,1.4666666666666668"
