"ChainID,Resname,Parch_Value"
"A2,ALA,1.0666666666666667"
"A3,CYS,0.3666666666666667"
"A4,LYS,2.26"
"A5,ASP,0.24333333333333332"
"A6,TYR,0.15000000000000002"
"A7,LEU,0.06333333333333334"
"A8,PRO,0.08666666666666667"
"A9,LYS,0.9033333333333333"
"A10,SER,0.24666666666666667"
"A11,GLU,1.0999999999999999"
"A12,CYS,0.02666666666666667"
"A13,THR,0.44"
"A14,GLN,0.31"
"A15,PHE,0.15"
"A16,ARG,1.0533333333333335"
"A17,CYS,0.03666666666666667"
"A18,ARG,1.0733333333333333"
"A19,THR,0.06333333333333334"
"A20,SER,0.04666666666666667"
"A21,MET,0.16333333333333333"
"A22,LYS,1.0"
"A23,TYR,0.02666666666666667"
"A24,LYS,0.43333333333333335"
"A25,TYR,0.15"
"A26,THR,0.33"
"A27,ASN,0.07"
"A28,CYS,0.0"
"A29,LYS,0.4633333333333333"
"A30,LYS,0.21999999999999997"
"A31,THR,0.05333333333333334"
"A32,CYS,0.05333333333333334"
"A33,GLY,0.11666666666666665"
"A34,THR,0.16666666666666666"
"A35,CYS,0.3466666666666667"
