"ChainID,Resname,Parch_Value"
"12,ILE,0.4533333333333333"
"13,GLU,0.6366666666666667"
"14,THR,0.09333333333333334"
"15,ASN,0.39999999999999997"
"16,LYS,0.8566666666666666"
"17,LYS,1.2233333333333334"
"18,CYS,0.02666666666666667"
"19,GLN,0.5066666666666667"
"110,GLY,0.11"
"111,GLY,0.10999999999999999"
"112,SER,0.12333333333333334"
"113,CYS,0.0"
"114,ALA,0.04"
"115,SER,0.15333333333333335"
"116,VAL,0.049999999999999996"
"117,CYS,0.006666666666666667"
"118,ARG,0.5033333333333333"
"119,LYS,1.2333333333333334"
"120,VAL,0.25"
"121,ILE,0.043333333333333335"
"122,GLY,0.013333333333333334"
"123,VAL,0.10666666666666667"
"124,ALA,0.07333333333333335"
"125,ALA,0.16"
"126,GLY,0.03"
"127,LYS,0.8466666666666667"
"128,CYS,0.030000000000000002"
"129,ILE,0.04"
"130,ASN,0.15"
"131,GLY,0.02"
"132,ARG,0.37666666666666665"
"133,CYS,0.0033333333333333335"
"134,VAL,0.030000000000000002"
"135,CYS,0.0033333333333333335"
"136,TYR,0.68"
"137,PRO,1.2433333333333334"
