"ChainID,Resname,Parch_Value"
"A21,SER,0.58"
"A22,ASN,0.39666666666666667"
"A23,ALA,0.19333333333333333"
"A24,ALA,0.11333333333333333"
"A25,SER,0.08666666666666667"
"A26,ALA,0.19666666666666668"
"A27,MET,0.19333333333333336"
"A28,ALA,0.06"
"A29,ALA,0.27"
"A30,GLU,1.3800000000000001"
"A31,SER,0.12"
"A32,ALA,0.12333333333333334"
"A33,LEU,0.08333333333333333"
"A34,GLN,0.25"
"A35,VAL,0.14"
"A36,VAL,0.006666666666666667"
"A37,GLU,0.49"
"A38,LYS,1.5566666666666666"
"A39,LEU,0.08"
"A40,GLN,0.04"
"A41,ALA,0.09666666666666668"
"A42,ARG,0.9433333333333334"
"A43,LEU,0.043333333333333335"
"A44,ALA,0.03666666666666667"
"A45,ALA,0.09999999999999999"
"A46,ASN,0.3133333333333333"
"A47,PRO,0.3066666666666667"
"A48,ASP,1.2366666666666666"
"A49,PRO,0.45"
"A50,LYS,1.55"
"A51,LYS,1.0066666666666666"
"A52,LEU,0.04666666666666667"
"A53,LEU,0.18666666666666665"
"A54,LYS,1.1500000000000001"
"A55,TYR,0.19333333333333336"
"A56,LEU,0.05666666666666667"
"A57,LYS,0.8366666666666666"
"A58,LYS,1.1433333333333333"
"A59,LEU,0.09333333333333334"
"A60,SER,0.16333333333333333"
"A61,THR,0.29333333333333333"
"A62,LEU,0.26666666666666666"
"A63,PRO,0.24666666666666667"
"A64,ILE,0.11666666666666665"
"A65,THR,0.2966666666666667"
"A66,VAL,0.06666666666666667"
"A67,ASP,0.5866666666666667"
"A68,ILE,0.03666666666666667"
"A69,LEU,0.0"
"A70,ALA,0.18333333333333335"
"A71,GLU,1.2833333333333332"
"A72,THR,0.01"
"A73,GLY,0.08666666666666667"
"A74,VAL,0.0033333333333333335"
"A75,GLY,0.006666666666666667"
"A76,LYS,1.3800000000000001"
"A77,THR,0.01"
"A78,VAL,0.0"
"A79,ASN,0.2833333333333334"
"A80,SER,0.14666666666666667"
"A81,LEU,0.05000000000000001"
"A82,ARG,0.7999999999999999"
"A83,LYS,1.5466666666666666"
"A84,HIS,0.63"
"A85,GLU,1.7666666666666668"
"A86,HIS,1.3166666666666667"
"A87,VAL,0.043333333333333335"
"A88,GLY,0.0033333333333333335"
"A89,SER,0.6333333333333333"
"A90,PHE,0.4666666666666666"
"A91,ALA,0.016666666666666666"
"A92,ARG,0.6633333333333334"
"A93,ASP,0.93"
"A94,LEU,0.036666666666666674"
"A95,VAL,0.11333333333333333"
"A96,ALA,0.09999999999999999"
"A97,GLN,0.18333333333333335"
"A98,TRP,0.08666666666666667"
"A99,LYS,1.2633333333333334"
"A100,LYS,1.14"
"A101,LEU,0.14"
"A102,VAL,0.37999999999999995"
"A103,PRO,0.2833333333333334"
"A104,VAL,0.24333333333333332"
"A105,GLU,1.95"
"A106,ARG,1.0466666666666666"
"A107,ASN,0.49"
"A108,ALA,0.20333333333333334"
"A109,GLY,0.24"
"A110,SER,0.9933333333333333"
