"ChainID,Resname,Parch_Value"
"A1,TRP,1.1533333333333333"
"A2,LEU,0.26333333333333336"
"A3,ARG,1.4433333333333334"
"A4,ARG,0.6733333333333333"
"A5,ILE,0.01"
"A6,LYS,0.8133333333333334"
"A7,ALA,0.016666666666666666"
"A8,TRP,0.08333333333333333"
"A9,LEU,0.09000000000000001"
"A10,ARG,1.2533333333333334"
"A11,ARG,0.3433333333333333"
"A12,ILE,0.07333333333333333"
"A13,LYS,1.1866666666666668"
"A14,ALA,0.9966666666666667"
