"ChainID,Resname,Parch_Value"
"A1,MET,0.7833333333333332"
"A2,ALA,0.02666666666666667"
"A3,GLU,0.37333333333333335"
"A4,TYR,0.57"
"A5,GLY,0.02"
"A6,THR,0.07666666666666667"
"A7,LEU,0.01"
"A8,LEU,0.06333333333333334"
"A9,GLN,0.14666666666666664"
"A10,ASP,0.36000000000000004"
"A11,LEU,0.0"
"A12,THR,0.10333333333333333"
"A13,ASN,0.22666666666666666"
"A14,ASN,0.15"
"A15,ILE,0.02666666666666667"
"A16,THR,0.24333333333333332"
"A17,LEU,0.22999999999999998"
"A18,GLU,1.4266666666666667"
"A19,ASP,0.21"
"A20,LEU,0.0"
"A21,GLU,1.2966666666666666"
"A22,GLN,0.61"
"A23,LEU,0.02"
"A24,LYS,0.29000000000000004"
"A25,SER,0.2733333333333334"
"A26,ALA,0.013333333333333334"
"A27,CYS,0.01"
"A28,LYS,1.05"
"A29,GLU,1.74"
"A30,ASP,0.4566666666666666"
"A31,ILE,0.030000000000000002"
"A32,PRO,0.08"
"A33,SER,0.3"
"A34,GLU,0.92"
"A35,LYS,0.4566666666666666"
"A36,SER,0.21666666666666667"
"A37,GLU,1.2766666666666666"
"A38,GLU,0.6566666666666666"
"A39,ILE,0.01"
"A40,THR,0.04666666666666667"
"A41,THR,0.13"
"A42,GLY,0.013333333333333334"
"A43,SER,0.05333333333333334"
"A44,ALA,0.030000000000000002"
"A45,TRP,0.0"
"A46,PHE,0.0"
"A47,SER,0.1366666666666667"
"A48,PHE,0.02666666666666667"
"A49,LEU,0.03333333333333333"
"A50,GLU,0.5366666666666667"
"A51,SER,0.16333333333333333"
"A52,HIS,0.4066666666666667"
"A53,ASN,0.31333333333333335"
"A54,LYS,0.7466666666666666"
"A55,LEU,0.07666666666666667"
"A56,ASP,0.86"
"A57,LYS,1.7066666666666668"
"A58,ASP,0.8433333333333333"
"A59,ASN,0.54"
"A60,LEU,0.15666666666666665"
"A61,SER,0.3"
"A62,TYR,0.3833333333333333"
"A63,ILE,0.11666666666666665"
"A64,GLU,0.15333333333333332"
"A65,HIS,0.4066666666666667"
"A66,ILE,0.05000000000000001"
"A67,PHE,0.0"
"A68,GLU,1.1833333333333333"
"A69,ILE,0.21666666666666667"
"A70,SER,0.043333333333333335"
"A71,ARG,1.1866666666666668"
"A72,ARG,0.6566666666666666"
"A73,PRO,0.36000000000000004"
"A74,ASP,0.7200000000000001"
"A75,LEU,0.02"
"A76,LEU,0.04666666666666667"
"A77,THR,0.04"
"A78,MET,0.08333333333333333"
"A79,VAL,0.0"
"A80,VAL,0.02"
"A81,ASP,0.6766666666666666"
"A82,TYR,0.3233333333333333"
"A83,ARG,0.7000000000000001"
"A84,THR,0.07333333333333335"
"A85,ARG,1.3033333333333335"
"A86,VAL,0.6233333333333334"
"A87,LEU,0.39999999999999997"
"A88,LYS,2.05"
"A89,ILE,0.8033333333333333"
"A90,SER,1.0033333333333332"
