"ChainID,Resname,Parch_Value"
"A1,GLY,0.9733333333333333"
"A2,TRP,0.5466666666666667"
"A3,THR,0.22999999999999998"
"A4,LEU,0.15666666666666665"
"A5,ASN,0.13333333333333333"
"A6,SER,0.14333333333333334"
"A7,ALA,0.11"
"A8,GLY,0.11333333333333334"
"A9,TYR,0.38000000000000006"
"A10,LEU,0.26"
"A11,LEU,0.12333333333333334"
"A12,GLY,0.08666666666666667"
"A13,PRO,0.14333333333333334"
"A14,HIS,0.27"
"A15,ALA,0.07333333333333335"
"A16,VAL,0.2866666666666667"
"A17,GLY,0.043333333333333335"
"A18,LYS,3.286666666666667"
