"ChainID,Resname,Parch_Value"
"A1,MET,0.49000000000000005"
"A2,ALA,0.24333333333333332"
"A3,VAL,0.04"
"A4,ASN,0.38999999999999996"
"A5,LYS,0.6066666666666666"
"A6,ASN,0.30000000000000004"
"A7,GLU,0.21"
"A8,TYR,0.20666666666666667"
"A9,LYS,1.3833333333333335"
"A10,ILE,0.4666666666666666"
"A11,LEU,0.6833333333333332"
"A12,ILE,0.07"
"A13,MET,0.19999999999999998"
"A14,LEU,0.7833333333333332"
"A15,LYS,0.02666666666666667"
"A16,GLU,0.31666666666666665"
"A17,ASN,0.04666666666666667"
"A18,GLN,0.29"
"A19,CYS,0.49333333333333335"
"A20,THR,1.0366666666666666"
"A21,THR,1.4000000000000001"
"A22,GLU,0.7266666666666667"
"A23,LEU,0.01"
"A24,LYS,0.013333333333333334"
"A25,SER,0.18000000000000002"
"A26,PHE,0.11333333333333333"
"A27,THR,0.01"
"A28,TYR,0.03"
"A29,THR,1.5200000000000002"
"A30,LYS,0.3466666666666667"
"A31,LEU,0.17333333333333334"
"A32,CYS,0.66"
"A33,ASN,2.3666666666666667"
"A34,ILE,0.5366666666666667"
"A35,SER,0.24666666666666667"
"A36,LYS,0.27666666666666667"
"A37,LEU,0.24666666666666667"
"A38,SER,0.2866666666666667"
"A39,MET,0.08666666666666667"
"A40,SER,0.19333333333333333"
"A41,THR,0.13"
"A42,VAL,0.3466666666666667"
"A43,ARG,0.17333333333333334"
"A44,ARG,0.21666666666666667"
"A45,SER,0.11333333333333333"
"A46,ILE,0.7399999999999999"
"A47,LYS,0.31666666666666665"
"A48,LYS,0.5299999999999999"
"A49,PHE,0.8466666666666667"
"A50,LEU,0.7066666666666667"
"A51,GLU,1.2833333333333334"
"A52,LEU,0.5599999999999999"
"A53,GLN,0.6299999999999999"
"A54,TYR,0.31"
"A55,VAL,0.17333333333333334"
"A56,LYS,0.10666666666666667"
"A57,GLU,0.5366666666666667"
"A58,GLY,1.33"
"A59,CYS,1.1233333333333333"
"A60,LYS,0.06666666666666667"
"A61,GLN,0.06333333333333334"
"A62,GLY,0.21333333333333335"
"A63,ILE,1.5666666666666667"
"A64,SER,0.0"
"A65,LYS,0.14"
"A66,THR,0.6566666666666666"
"A67,PHE,0.01"
"A68,TYR,0.0"
"A69,ILE,0.35000000000000003"
"A70,THR,0.13333333333333333"
"A71,PRO,0.01"
"A72,ASN,0.0"
"A73,GLY,0.02"
"A74,ILE,0.0033333333333333335"
"A75,GLU,0.01"
"A76,LYS,0.07666666666666667"
"A77,LEU,0.04666666666666667"
"A78,LYS,0.5733333333333333"
"A79,SER,0.03333333333333333"
"A80,ILE,0.07333333333333333"
"A81,MET,0.30000000000000004"
