"ChainID,Resname,Parch_Value"
"A1,ARG,3.27"
"A2,ALA,0.08"
"A3,LEU,0.27"
"A4,ARG,1.2333333333333332"
"A5,ARG,0.7866666666666666"
"A6,LEU,0.08666666666666667"
"A7,ALA,0.07333333333333333"
"A8,ARG,0.9433333333333334"
"A9,LYS,0.8633333333333333"
"A10,ILE,0.02"
"A11,ALA,0.10666666666666665"
"A12,HIS,0.14"
"A13,ALA,0.03333333333333333"
"A14,VAL,0.06999999999999999"
"A15,LYS,1.2533333333333334"
"A16,LYS,0.8133333333333334"
"A17,TYR,1.28"
"A18,GLY,0.65"
