"ChainID,Resname,Parch_Value"
"A1,GLY,0.9"
"A2,VAL,0.09999999999999999"
"A3,LEU,0.35666666666666663"
"A4,GLY,0.2066666666666667"
"A5,ASN,0.5099999999999999"
"A6,ASP,0.63"
"A7,ALA,0.29"
"A8,GLU,1.0766666666666669"
"A9,GLY,0.23666666666666666"
"A10,ILE,0.18333333333333335"
"A11,THR,0.10333333333333333"
"A12,LEU,0.023333333333333334"
"A13,LEU,0.3133333333333333"
"A14,PRO,0.24"
"A15,LEU,0.13333333333333333"
"A16,CYS,0.06666666666666667"
"A17,PHE,0.16333333333333333"
"A18,LYS,0.7799999999999999"
"A19,PRO,0.07666666666666667"
"A20,ILE,0.12"
"A21,CYS,0.09000000000000001"
"A22,ILE,0.2866666666666667"
"A23,PRO,0.71"
"A24,THR,0.44333333333333336"
"A25,LEU,0.18333333333333335"
"A26,PRO,0.25666666666666665"
"A27,PRO,0.31666666666666665"
"A28,LEU,0.16"
"A29,THR,0.21"
"A30,GLY,0.08666666666666667"
"A31,GLY,0.08666666666666667"
"A32,HIS,0.5933333333333333"
"A33,ALA,0.9"
