"ChainID,Resname,Parch_Value"
"A1,CYS,0.75"
"A2,PRO,0.16"
"A3,GLN,0.47333333333333333"
"A4,VAL,0.16333333333333333"
"A5,CYS,0.05000000000000001"
"A6,PRO,0.05333333333333334"
"A7,ALA,0.04"
"A8,ILE,0.09000000000000001"
"A9,TYR,0.15"
"A10,GLN,0.35333333333333333"
"A11,PRO,0.04666666666666667"
"A12,VAL,0.13"
"A13,PHE,0.13333333333333333"
"A14,ASP,0.10666666666666667"
"A15,GLU,1.89"
"A16,PHE,0.49"
"A17,GLY,0.056666666666666664"
"A18,ARG,0.8633333333333333"
"A19,MET,0.18666666666666668"
"A20,TYR,0.3133333333333333"
"A21,SER,0.06"
"A22,ASN,0.06333333333333334"
"A23,SER,0.24666666666666667"
"A24,CYS,0.04"
"A25,GLU,0.31"
"A26,MET,0.013333333333333334"
"A27,GLN,0.12666666666666668"
"A28,ARG,0.3666666666666667"
"A29,ALA,0.05000000000000001"
"A30,ARG,1.2"
"A31,CYS,0.26333333333333336"
"A32,LEU,0.5166666666666667"
"A33,ARG,1.24"
"A34,GLY,0.6933333333333334"
