"ChainID,Resname,Parch_Value"
"A1,GLY,1.1566666666666665"
"A2,LYS,1.9666666666666666"
"A3,CYS,0.22333333333333336"
"A4,LEU,0.7166666666666668"
"A5,PHE,0.47"
"A6,SER,0.09999999999999999"
"A7,ASN,0.08333333333333333"
"A8,PRO,0.02"
"A9,PRO,0.12"
"A10,ILE,0.17333333333333334"
"A11,CYS,0.17333333333333334"
"A12,PHE,0.27666666666666667"
"A13,PRO,0.39666666666666667"
"A14,ASN,1.3966666666666665"
