"ChainID,Resname,Parch_Value"
"A2,ASN,0.7366666666666667"
"A3,GLU,0.7066666666666667"
"A4,THR,0.08666666666666667"
"A5,ASP,0.03333333333333333"
"A6,ALA,0.42333333333333334"
"A7,LEU,0.39666666666666667"
"A8,LYS,0.44333333333333336"
"A9,ASP,0.12333333333333334"
"A10,ARG,0.5866666666666668"
"A11,ILE,1.7366666666666666"
"A12,GLU,0.42333333333333334"
"A13,ASN,0.25333333333333335"
"A14,ILE,0.12999999999999998"
"A15,ARG,0.8300000000000001"
"A16,PRO,1.55"
"A17,ARG,0.11666666666666665"
"A19,THR,1.0733333333333333"
"A20,LEU,0.9"
"A21,ALA,1.7299999999999998"
"A22,ALA,0.7466666666666667"
"A23,LYS,0.34"
"A24,LEU,1.2233333333333334"
"A25,ARG,0.6433333333333334"
"A26,GLU,0.48666666666666664"
"A27,LEU,0.35333333333333333"
"A29,PRO,0.36333333333333334"
"A30,GLU,0.01"
"A31,ILE,0.09666666666666668"
"A32,ASP,0.11"
"A33,ARG,0.41"
"A34,GLN,0.013333333333333334"
"A35,VAL,0.63"
"A36,ARG,1.4933333333333334"
"A37,ALA,0.15666666666666665"
"A38,GLY,0.07"
"A39,VAL,0.3866666666666667"
"A40,GLN,0.47333333333333333"
"A41,HIS,0.3499999999999999"
"A42,ASP,0.12666666666666668"
"A43,ASP,0.15"
"A44,ILE,0.006666666666666667"
"A45,VAL,0.0"
"A46,GLU,0.0"
"A47,THR,0.0"
"A48,LEU,0.0"
"A49,ASN,0.22666666666666666"
"A50,ALA,0.14666666666666667"
"A51,ASN,0.3733333333333333"
"A52,GLY,0.03333333333333333"
"A53,PHE,0.2733333333333334"
"A54,ASP,0.07"
"A55,VAL,0.07333333333333333"
"A56,ASN,0.3533333333333333"
"A57,LEU,0.17333333333333334"
"A58,ASN,0.04"
"A59,THR,0.33666666666666667"
"A60,PHE,0.19666666666666668"
"A61,ARG,0.13999999999999999"
"A62,SER,1.1566666666666665"
"A63,TYR,0.10000000000000002"
"A64,LEU,0.6366666666666667"
"A65,TYR,0.08333333333333333"
"A66,ARG,0.9566666666666666"
"A67,TYR,0.18000000000000002"
"A68,ARG,0.18666666666666668"
"A69,LYS,0.12333333333333334"
"A70,LYS,0.17333333333333334"
"A71,ALA,0.04"
"A72,ARG,0.03333333333333333"
"A73,ALA,0.013333333333333334"
