"ChainID,Resname,Parch_Value"
"A1,GLY,0.7200000000000001"
"A2,ALA,0.31333333333333335"
"A3,MET,1.2266666666666668"
"A4,GLY,0.09333333333333332"
"A5,ASN,0.2966666666666667"
"A6,VAL,0.5033333333333333"
"A7,ASN,0.20333333333333334"
"A8,CYS,0.10999999999999999"
"A9,GLY,0.26666666666666666"
"A10,GLY,0.12666666666666668"
"A11,VAL,0.2833333333333334"
"A12,PRO,0.2866666666666667"
"A13,CYS,0.11666666666666665"
"A14,LYS,1.0"
"A15,PHE,0.41333333333333333"
"A16,GLY,0.10333333333333333"
"A17,CYS,0.03666666666666667"
"A18,CYS,0.04666666666666667"
"A19,ARG,1.3833333333333335"
"A20,GLU,0.5633333333333334"
"A21,ASP,1.24"
"A22,ARG,0.6733333333333333"
"A23,CYS,0.08666666666666667"
"A24,ARG,0.8933333333333334"
"A25,GLU,1.64"
"A26,ILE,0.5466666666666667"
"A27,ASP,1.2633333333333334"
"A28,CYS,0.5733333333333334"
"A29,ASP,3.0399999999999996"
