"ChainID,Resname,Parch_Value"
"A816,SER,0.8466666666666667"
"A817,PHE,0.13"
"A818,ILE,0.043333333333333335"
"A819,GLU,0.5166666666666666"
"A820,ASP,0.6866666666666666"
"A821,LEU,0.05333333333333334"
"A822,LEU,0.013333333333333334"
"A823,PHE,0.1366666666666667"
"A824,ASN,0.15666666666666668"
"A825,LYS,0.36666666666666664"
"A826,VAL,0.02333333333333333"
"A827,THR,0.07333333333333335"
"A828,LEU,0.48666666666666664"
"A829,ALA,0.08"
"A830,ASP,1.0733333333333333"
"A831,ALA,0.03"
"A832,GLY,0.03666666666666667"
"A833,PHE,0.4533333333333333"
"A834,ILE,0.0"
"A835,LYS,0.5166666666666667"
"A836,GLN,0.18333333333333332"
"A837,TYR,0.1366666666666667"
"A838,GLY,0.0"
"A839,ASP,0.18000000000000002"
"A840,CYS,0.09000000000000001"
"A841,LEU,0.12666666666666668"
"A842,GLY,0.09666666666666668"
"A843,ASP,1.0833333333333333"
"A844,VAL,0.38666666666666666"
"A845,ALA,0.31666666666666665"
"A846,ALA,0.3633333333333333"
"A847,ARG,0.25333333333333335"
"A848,ASP,0.4566666666666666"
"A849,LEU,0.05000000000000001"
"A850,ILE,0.0033333333333333335"
"A851,CYS,0.006666666666666667"
"A852,ALA,0.14666666666666664"
"A853,GLN,0.14333333333333334"
"A854,LYS,0.93"
"A855,PHE,0.14333333333333334"
"A856,ASN,0.42"
"A857,GLY,0.6066666666666667"
