"ChainID,Resname,Parch_Value"
"A1,GLY,0.7433333333333333"
"A2,PRO,0.5"
"A3,GLY,0.12666666666666668"
"A4,SER,0.18333333333333335"
"A5,MET,0.52"
"A6,ASN,0.34333333333333327"
"A7,LYS,1.03"
"A8,PRO,0.05000000000000001"
"A9,THR,0.25666666666666665"
"A10,SER,0.14"
"A11,SER,0.17333333333333334"
"A12,ASP,0.13333333333333333"
"A13,GLY,0.11333333333333333"
"A14,TRP,0.0033333333333333335"
"A15,LYS,0.6066666666666666"
"A16,ASP,1.0633333333333335"
"A17,ASP,0.8666666666666667"
"A18,TYR,0.0"
"A19,LEU,0.16666666666666666"
"A20,SER,0.16333333333333333"
"A21,ARG,1.21"
"A22,LEU,0.016666666666666666"
"A23,SER,0.21"
"A24,ARG,0.89"
"A25,LEU,0.16333333333333333"
"A26,SER,0.22"
"A27,LYS,1.1833333333333333"
"A28,ASN,0.24666666666666667"
"A29,GLN,0.17333333333333334"
"A30,LEU,0.023333333333333334"
"A31,MET,0.09333333333333334"
"A32,ALA,0.09000000000000001"
"A33,LEU,0.07666666666666666"
"A34,ALA,0.0"
"A35,LEU,0.0033333333333333335"
"A36,LYS,0.8700000000000001"
"A37,LEU,0.0033333333333333335"
"A38,LYS,0.6633333333333332"
"A39,GLN,0.26333333333333336"
"A40,GLN,0.8033333333333333"
"A41,GLN,0.15666666666666665"
"A42,LEU,0.5633333333333334"
"A43,GLU,1.55"
"A44,GLN,1.04"
"A45,GLY,1.1833333333333333"
"B101,GLY,0.57"
"B102,PRO,0.21"
"B103,GLY,0.06999999999999999"
"B104,SER,0.05666666666666667"
"B105,MET,0.25"
"B106,ASN,0.26"
"B107,LYS,1.18"
"B108,PRO,0.6566666666666666"
"B109,THR,0.24333333333333332"
"B110,SER,0.21666666666666665"
"B111,SER,0.5333333333333333"
"B112,ASP,1.1233333333333333"
"B113,GLY,1.0366666666666668"
"B114,TRP,0.5533333333333333"
"B115,LYS,0.71"
"B116,ASP,1.1833333333333333"
"B117,ASP,0.4466666666666667"
"B118,TYR,0.12333333333333334"
"B119,LEU,0.10999999999999999"
"B120,SER,0.20999999999999996"
"B121,ARG,0.9366666666666666"
"B122,LEU,0.006666666666666667"
"B123,SER,0.09999999999999999"
"B124,ARG,1.09"
"B125,LEU,0.15666666666666668"
"B126,SER,0.17"
"B127,LYS,1.1466666666666667"
"B128,ASN,0.11666666666666665"
"B129,GLN,0.060000000000000005"
"B130,LEU,0.01"
"B131,MET,0.03333333333333333"
"B132,ALA,0.05000000000000001"
"B133,LEU,0.06666666666666667"
"B134,ALA,0.0"
"B135,LEU,0.016666666666666666"
"B136,LYS,0.5266666666666667"
"B137,LEU,0.023333333333333334"
"B138,LYS,0.24"
"B139,GLN,0.24333333333333337"
"B140,GLN,0.30666666666666664"
"B141,GLN,0.6733333333333332"
"B142,LEU,0.27"
"B143,GLU,0.45"
"B144,GLN,0.93"
"B145,GLY,1.5933333333333335"
