"ChainID,Resname,Parch_Value"
"A1,MET,1.1900000000000002"
"A2,ALA,0.17333333333333334"
"A3,GLN,0.88"
"A4,ALA,0.11333333333333333"
"A5,SER,0.006666666666666667"
"A6,VAL,0.0"
"A7,VAL,0.0"
"A8,ALA,0.0"
"A9,ASN,0.10666666666666667"
"A10,GLN,0.09000000000000001"
"A11,LEU,0.05000000000000001"
"A12,ILE,0.0"
"A13,PRO,0.02"
"A14,ILE,0.1366666666666667"
"A15,ASN,0.12333333333333335"
"A16,THR,0.03666666666666667"
"A17,MET,0.09000000000000001"
"A18,LEU,0.02666666666666667"
"A19,THR,0.04666666666666667"
"A20,LEU,0.10333333333333333"
"A21,VAL,0.06"
"A22,MET,0.0033333333333333335"
"A23,MET,0.006666666666666667"
"A24,ARG,0.5466666666666666"
"A25,SER,0.04"
"A26,GLU,0.16333333333333333"
"A27,VAL,0.19666666666666666"
"A28,VAL,0.19000000000000003"
"A29,THR,0.06333333333333332"
"A30,PRO,0.08666666666666667"
"A31,VAL,0.3666666666666667"
"A32,GLY,0.04666666666666667"
"A33,ILE,0.0"
"A34,PRO,0.5"
"A35,ALA,0.1366666666666667"
"A36,GLU,1.7000000000000002"
"A37,ASP,0.03666666666666667"
"A38,ILE,0.043333333333333335"
"A39,PRO,0.14333333333333334"
"A40,ARG,1.0333333333333332"
"A41,LEU,0.0033333333333333335"
"A42,VAL,0.05333333333333334"
"A43,SER,0.09000000000000001"
"A44,MET,0.3033333333333333"
"A45,GLN,0.17"
"A46,VAL,0.01"
"A47,ASN,0.23"
"A48,ARG,1.0233333333333334"
"A49,ALA,0.016666666666666666"
"A50,VAL,0.0"
"A51,PRO,0.056666666666666664"
"A52,LEU,0.15666666666666668"
"A53,GLY,0.11"
"A54,THR,0.10999999999999999"
"A55,THR,0.07"
"A56,LEU,0.02666666666666667"
"A57,MET,0.2933333333333334"
"A58,PRO,0.07666666666666667"
"A59,ASP,1.1033333333333333"
"A60,MET,0.10333333333333333"
"A61,VAL,0.05000000000000001"
"A62,LYS,0.6166666666666667"
"A63,GLY,0.14"
"A64,TYR,0.15"
"A65,ALA,0.20000000000000004"
"A66,ALA,1.2166666666666668"
