"ChainID,Resname,Parch_Value"
"A1,VAL,0.6266666666666666"
"A2,THR,0.47000000000000003"
"A3,LYS,1.6933333333333334"
"A4,LYS,1.2233333333333334"
"A5,ALA,0.016666666666666666"
"A6,SER,0.2933333333333334"
"A7,HIS,0.4666666666666666"
"A8,LYS,1.37"
"A9,ASP,0.8266666666666667"
"A10,ALA,0.0"
"A11,GLY,0.01"
"A12,TYR,0.12333333333333334"
"A13,GLN,0.13999999999999999"
"A14,GLU,1.0066666666666666"
"A15,SER,0.05666666666666667"
"A16,PRO,0.04666666666666667"
"A17,ASN,0.05333333333333334"
"A18,GLY,0.07"
"A19,ALA,0.18333333333333335"
"A20,LYS,0.8966666666666666"
"A21,ARG,1.0166666666666666"
"A22,CYS,0.07"
"A23,GLY,0.13"
"A24,THR,0.13"
"A25,CYS,0.13999999999999999"
"A26,ARG,1.4366666666666668"
"A27,GLN,0.09000000000000001"
"A28,PHE,0.09666666666666666"
"A29,ARG,0.6466666666666666"
"A30,PRO,0.20333333333333334"
"A31,PRO,0.15333333333333332"
"A32,SER,0.12333333333333334"
"A33,SER,0.16"
"A34,CYS,0.016666666666666666"
"A35,ILE,0.13999999999999999"
"A36,THR,0.19000000000000003"
"A37,VAL,0.0033333333333333335"
"A38,GLU,1.1266666666666667"
"A39,SER,0.2333333333333333"
"A40,PRO,0.35333333333333333"
"A41,ILE,0.01"
"A42,SER,0.060000000000000005"
"A43,GLU,0.7833333333333333"
"A44,ASN,0.18666666666666668"
"A45,GLY,0.0"
"A46,TRP,0.14666666666666667"
"A47,CYS,0.01"
"A48,ARG,0.5566666666666666"
"A49,LEU,0.11333333333333334"
"A50,TYR,0.7266666666666667"
"A51,ALA,0.2933333333333334"
"A52,GLY,0.07"
"A53,LYS,1.9000000000000001"
"A54,ALA,0.7200000000000001"
