"ChainID,Resname,Parch_Value"
"A2,ALA,0.5466666666666667"
"A3,GLN,0.2133333333333333"
"A4,ALA,0.12666666666666668"
"A5,LEU,0.03"
"A6,LEU,0.02666666666666667"
"A7,PRO,0.013333333333333334"
"A8,ILE,0.0033333333333333335"
"A9,ALA,0.03333333333333333"
"A10,SER,0.023333333333333334"
"A11,TYR,0.06"
"A12,ALA,0.09000000000000001"
"A13,GLY,0.09666666666666668"
"A14,LEU,0.24333333333333332"
"A15,THR,0.2733333333333334"
"A16,VAL,0.04"
"A17,SER,0.15"
"A18,ALA,0.06333333333333334"
"A19,PRO,0.3"
"A20,VAL,0.09666666666666668"
"A21,PHE,0.060000000000000005"
"A22,ALA,0.06333333333333334"
"A23,ALA,0.02"
"A24,LEU,0.0"
"A25,VAL,0.016666666666666666"
"A26,THR,0.06666666666666667"
"A27,VAL,0.07333333333333335"
"A28,TYR,0.08666666666666667"
"A29,GLY,0.12333333333333334"
"A30,ALA,0.05333333333333334"
"A31,TYR,0.16666666666666666"
"A32,ALA,0.030000000000000002"
"A33,LEU,0.0"
"A34,TYR,0.17666666666666667"
"A35,ARG,0.8033333333333333"
"A36,TYR,0.26333333333333336"
"A37,ASN,0.26"
"A38,ILE,0.049999999999999996"
"A39,ARG,1.8566666666666667"
"A40,ARG,0.98"
"A41,ARG,1.6533333333333333"
"A42,GLU,1.4166666666666667"
"A43,ASN,0.5933333333333334"
"A44,SER,0.69"
"A45,TYR,0.7733333333333334"
"A46,GLN,0.3333333333333333"
"A47,ARG,1.2666666666666668"
"A48,ILE,0.27666666666666667"
"A49,ARG,1.6366666666666667"
"A50,SER,0.5633333333333334"
"A51,ASP,1.0033333333333334"
"A52,HIS,0.9366666666666665"
"A53,ASP,2.0866666666666664"
"A54,SER,0.12666666666666668"
"A55,HIS,0.48666666666666664"
"A56,SER,0.09666666666666668"
"A57,CYS,0.013333333333333334"
"A58,ALA,0.006666666666666667"
"A59,ASN,0.30666666666666664"
"A60,ASN,0.17666666666666667"
"A61,ARG,0.87"
"A62,GLY,0.0"
"A63,TRP,0.13333333333333333"
"A64,CYS,0.0"
"A65,ARG,0.9666666666666667"
"A66,PRO,0.19333333333333336"
"A67,THR,0.08333333333333333"
"A68,CYS,0.03666666666666667"
"A69,PHE,0.38999999999999996"
"A70,SER,0.23666666666666666"
"A71,HIS,0.15"
"A72,GLU,0.3666666666666667"
"A73,TYR,0.41333333333333333"
"A74,THR,0.043333333333333335"
"A75,ASP,0.03333333333333333"
"A76,TRP,0.24666666666666667"
"A77,PHE,0.59"
"A78,ASN,0.07666666666666667"
"A79,ASN,0.6699999999999999"
"A80,ASP,0.8999999999999999"
"A81,VAL,0.09333333333333334"
"A82,CYS,0.006666666666666667"
"A83,GLY,0.18333333333333335"
"A84,SER,0.18333333333333335"
"A85,TYR,0.4033333333333333"
"A86,ARG,0.9233333333333333"
"A87,CYS,0.0"
"A88,CYS,0.0"
"A89,ARG,0.37999999999999995"
"A90,PRO,0.48666666666666664"
"A91,GLY,0.023333333333333334"
"A92,ARG,3.64"
