"ChainID,Resname,Parch_Value"
"A1,LEU,1.0"
"A2,LEU,0.30666666666666664"
"A3,GLY,0.12"
"A4,ARG,0.7133333333333333"
"A5,SER,0.19333333333333333"
"A6,GLY,0.05333333333333334"
"A7,ASN,0.45999999999999996"
"A8,ASP,0.6366666666666666"
"A9,ARG,1.36"
"A10,LEU,0.5166666666666666"
"A11,ILE,0.39000000000000007"
"A12,LEU,0.6566666666666666"
"A13,SER,0.18333333333333335"
"A14,LYS,2.466666666666667"
"A15,ASN,1.75"
