"ChainID,Resname,Parch_Value"
"A1,LEU,0.36000000000000004"
"A2,CYS,0.016666666666666666"
"A3,LEU,0.20333333333333334"
"A4,SER,0.11666666666666665"
"A5,CYS,0.12"
"A6,ARG,1.5666666666666667"
"A7,GLY,0.07666666666666667"
"A8,GLY,0.24000000000000002"
"A9,ASP,0.9766666666666666"
"A10,TYR,0.3066666666666667"
"A11,ASP,0.8133333333333334"
"A12,CYS,0.08"
"A13,ARG,1.0166666666666666"
"A14,VAL,0.08"
"A15,LYS,0.73"
"A16,GLY,0.0"
"A17,THR,0.20666666666666667"
"A18,CYS,0.12333333333333334"
"A19,GLU,1.5533333333333335"
"A20,ASN,0.6566666666666666"
"A21,GLY,0.11333333333333333"
"A22,LYS,0.8733333333333332"
"A23,CYS,0.08666666666666667"
"A24,VAL,0.29"
"A25,CYS,0.12333333333333334"
"A26,GLY,0.2933333333333334"
"A27,SER,0.5333333333333333"
