"ChainID,Resname,Parch_Value"
"A1,ASN,1.05"
"A2,GLY,0.08666666666666667"
"A3,ALA,0.10666666666666667"
"A4,ILE,0.29000000000000004"
"A5,CYS,0.14666666666666667"
"A6,TRP,0.6133333333333333"
"A7,GLY,0.1466666666666667"
"A8,PRO,0.1366666666666667"
"A9,CYS,0.06999999999999999"
"A10,PRO,0.10666666666666667"
"A11,THR,0.10666666666666667"
"A12,ALA,0.05333333333333334"
"A13,PHE,0.15333333333333332"
"A14,ARG,1.0066666666666666"
"A15,GLN,0.38999999999999996"
"A16,ILE,0.20666666666666667"
"A17,GLY,0.14333333333333334"
"A18,ASN,0.68"
"A19,CYS,0.4566666666666666"
"A20,GLY,0.45"
"A21,ARG,1.3033333333333335"
"A22,PHE,0.48333333333333334"
"A23,ARG,1.61"
"A24,VAL,0.09666666666666668"
"A25,ARG,2.4000000000000004"
"A26,CYS,0.15666666666666665"
"A27,CYS,0.060000000000000005"
"A28,ARG,1.5999999999999999"
"A29,ILE,0.3233333333333333"
"A30,ARG,2.8866666666666667"
