"ChainID,Resname,Parch_Value"
"A1,PRO,0.30666666666666664"
"A2,ARG,1.6166666666666665"
"A3,GLY,0.34333333333333327"
"A4,SER,0.42333333333333334"
"A5,PRO,0.2233333333333333"
"A6,ARG,0.9499999999999998"
"A7,THR,0.3666666666666667"
"A8,GLU,0.8466666666666667"
"A9,TYR,0.62"
"A10,GLU,0.89"
"A11,ALA,0.15333333333333335"
"A12,CYS,0.09999999999999999"
"A13,ARG,0.4666666666666666"
"A14,VAL,0.04"
"A15,ARG,0.5733333333333334"
"A16,CYS,0.0"
"A17,GLN,0.08666666666666667"
"A18,VAL,0.12666666666666668"
"A19,ALA,0.04"
"A20,GLU,1.1866666666666665"
"A21,HIS,0.4166666666666667"
"A22,GLY,0.06"
"A23,VAL,0.21999999999999997"
"A24,GLU,0.43333333333333335"
"A25,ARG,1.1966666666666665"
"A26,GLN,0.08333333333333333"
"A27,ARG,1.2033333333333334"
"A28,ARG,0.9199999999999999"
"A29,CYS,0.10000000000000002"
"A30,GLN,0.14333333333333334"
"A31,GLN,0.4266666666666667"
"A32,VAL,0.17666666666666667"
"A33,CYS,0.08333333333333333"
"A34,GLU,1.2733333333333334"
"A35,LYS,0.4033333333333333"
"A36,ARG,0.8933333333333334"
"A37,LEU,0.2833333333333333"
"A38,ARG,0.7633333333333333"
"A39,GLU,0.8766666666666666"
"A40,ARG,1.1333333333333335"
"A41,GLU,0.17333333333333334"
"A42,GLY,0.12"
"A43,ARG,1.2366666666666666"
"A44,ARG,2.2033333333333336"
"A45,GLU,1.92"
"A46,VAL,1.1133333333333333"
"A47,ASP,2.486666666666667"
