"ChainID,Resname,Parch_Value"
"A2,SER,1.3833333333333335"
"A3,GLU,0.8966666666666666"
"A4,PHE,0.31333333333333335"
"A5,CYS,0.0"
"A6,GLY,0.08666666666666667"
"A7,HIS,0.8033333333333333"
"A8,ASP,1.1333333333333333"
"A9,VAL,0.043333333333333335"
"A10,GLY,0.08333333333333333"
"A11,GLU,0.6633333333333334"
"A12,CYS,0.03333333333333333"
"A13,VAL,0.05000000000000001"
"A14,PRO,0.12666666666666668"
"A15,PRO,0.3066666666666667"
"A16,LYS,1.5633333333333335"
"A17,LEU,0.31333333333333335"
"A18,VAL,0.5066666666666667"
"A19,CYS,0.17333333333333334"
"A20,ARG,1.4366666666666668"
"A21,PRO,0.19333333333333333"
"A22,PRO,0.15666666666666665"
"A23,THR,0.25"
"A24,HIS,0.5966666666666667"
"A25,GLU,0.9933333333333335"
"A26,CYS,0.08"
"A27,LEU,0.17666666666666667"
"A28,HIS,0.19333333333333336"
"A29,PHE,0.06333333333333334"
"A30,PRO,0.21"
"A31,CYS,0.023333333333333334"
"A32,PRO,0.1366666666666667"
"A33,GLY,0.10333333333333333"
"A34,TYR,0.2866666666666667"
"A35,LEU,0.24"
"A36,LYS,0.47333333333333333"
"A37,CYS,0.08333333333333333"
"A38,CYS,0.0"
"A39,CYS,0.0"
"A40,TYR,1.0566666666666669"
"A41,PRO,1.2233333333333334"
