"ChainID,Resname,Parch_Value"
"A1,GLY,0.6433333333333334"
"A2,CYS,0.13333333333333333"
"A3,LYS,0.36666666666666664"
"A4,LYS,0.86"
"A5,LEU,0.02666666666666667"
"A6,ASN,0.14333333333333334"
"A7,SER,0.013333333333333334"
"A8,TYR,0.22"
"A9,CYS,0.006666666666666667"
"A10,THR,0.41"
"A11,ARG,1.4000000000000001"
"A12,GLN,0.5199999999999999"
"A13,HIS,0.6366666666666666"
"A14,ARG,1.7666666666666666"
"A15,GLU,0.3233333333333333"
"A16,CYS,0.06999999999999999"
"A17,CYS,0.05000000000000001"
"A18,HIS,0.33"
"A19,GLY,0.049999999999999996"
"A20,LEU,0.12666666666666668"
"A21,VAL,0.19666666666666666"
"A22,CYS,0.08333333333333333"
"A23,ARG,0.82"
"A24,ARG,1.4233333333333336"
"A25,PRO,0.13999999999999999"
"A26,ASP,0.7833333333333332"
"A27,TYR,0.4533333333333333"
"A28,GLY,0.13333333333333333"
"A29,ILE,0.16"
"A30,GLY,0.06"
"A31,ARG,0.9666666666666667"
"A32,GLY,0.09333333333333334"
"A33,ILE,0.18666666666666668"
"A34,LEU,0.18333333333333335"
"A35,TRP,0.2233333333333333"
"A36,LYS,0.39666666666666667"
"A37,CYS,0.023333333333333334"
"A38,THR,0.26"
"A39,ARG,0.79"
"A40,ALA,0.02666666666666667"
"A41,ARG,1.5633333333333332"
"A42,LYS,2.98"
