"ChainID,Resname,Parch_Value"
"A1,GLY,1.2233333333333334"
"A2,SER,0.25333333333333335"
"A3,PRO,0.13"
"A4,THR,0.17666666666666667"
"A5,PHE,0.21999999999999997"
"A6,CYS,0.0"
"A7,GLN,0.31333333333333335"
"A8,GLY,0.24"
"A9,LYS,0.6900000000000001"
"A10,ALA,0.23666666666666666"
"A11,ASP,0.7933333333333333"
"A12,GLY,0.03666666666666667"
"A13,LEU,0.12"
"A14,TYR,0.18666666666666665"
"A15,PRO,0.22"
"A16,ASN,0.16"
"A17,PRO,0.29333333333333333"
"A18,ARG,1.5233333333333334"
"A19,GLU,0.8233333333333333"
"A20,ARG,1.89"
"A21,SER,0.01"
"A22,SER,0.06666666666666667"
"A23,PHE,0.04"
"A24,TYR,0.10333333333333333"
"A25,SER,0.016666666666666666"
"A26,CYS,0.0"
"A27,ALA,0.02666666666666667"
"A28,ALA,0.45333333333333337"
"A29,GLY,0.08333333333333333"
"A30,ARG,0.8833333333333334"
"A31,LEU,0.10333333333333333"
"A32,PHE,0.17"
"A33,GLN,0.6466666666666666"
"A34,GLN,0.12666666666666668"
"A35,SER,0.31"
"A36,CYS,0.02"
"A37,PRO,0.15666666666666665"
"A38,THR,0.15"
"A39,GLY,0.08666666666666667"
"A40,LEU,0.13333333333333333"
"A41,VAL,0.15"
"A42,PHE,0.12"
"A43,SER,0.18666666666666668"
"A44,ASN,0.25"
"A45,SER,0.3"
"A46,CYS,0.07333333333333333"
"A47,LYS,0.5766666666666667"
"A48,CYS,0.04666666666666667"
"A49,CYS,0.036666666666666674"
"A50,THR,0.09333333333333334"
"A51,TRP,0.4833333333333334"
"A52,ASN,0.35000000000000003"
"A53,GLY,0.11666666666666668"
"A54,LEU,0.17666666666666667"
"A55,VAL,0.19999999999999998"
"A56,PRO,0.22999999999999998"
"A57,ARG,2.1466666666666665"
