"ChainID,Resname,Parch_Value"
"A1,GLY,0.6533333333333333"
"A2,CYS,0.16666666666666666"
"A3,MET,0.16666666666666666"
"A4,ILE,0.5766666666666667"
"A5,LEU,0.32333333333333336"
"A6,LEU,0.16"
"A7,ASP,0.7399999999999999"
"A8,THR,0.4633333333333334"
"A9,ASP,1.5333333333333332"
"A10,ILE,0.10000000000000002"
"A11,TRP,0.8700000000000001"
"A12,CYS,0.08666666666666667"
"A13,PRO,0.6566666666666666"
"A14,CYS,0.24666666666666667"
"A15,SER,0.27"
"A16,HIS,0.17"
"A17,PRO,0.10666666666666667"
"A18,TYR,0.19666666666666668"
"A19,ALA,0.13"
"A20,CYS,0.3033333333333333"
"A21,PRO,0.17"
"A22,GLU,1.59"
"A23,ASN,0.39666666666666667"
"A24,ILE,0.08333333333333333"
"A25,CYS,0.14666666666666667"
"A26,CYS,1.3433333333333335"
