"ChainID,Resname,Parch_Value"
"A100,MET,0.6166666666666667"
"A101,LEU,0.11"
"A102,LYS,0.7133333333333334"
"A103,CYS,0.06666666666666667"
"A104,TYR,0.2833333333333333"
"A105,THR,0.13999999999999999"
"A106,CYS,0.28"
"A107,LYS,1.3800000000000001"
"A108,GLU,1.2066666666666668"
"A109,PRO,0.17"
"A110,MET,0.3333333333333333"
"A111,THR,0.5333333333333333"
"A112,SER,0.4000000000000001"
"A113,ALA,0.3466666666666667"
"A114,SER,0.3366666666666666"
"A115,CYS,0.14333333333333334"
"A116,ARG,1.3766666666666667"
"A117,THR,0.18333333333333335"
"A118,ILE,0.25"
"A119,THR,0.19999999999999998"
"A120,ARG,1.0866666666666667"
"A121,CYS,0.06333333333333334"
"A122,LYS,2.14"
"A123,PRO,0.42"
"A124,GLU,1.1766666666666667"
"A125,ASP,0.28"
"A126,THR,0.06"
"A127,ALA,0.0"
"A128,CYS,0.03333333333333333"
"A129,MET,0.11666666666666665"
"A130,THR,0.09999999999999999"
"A131,THR,0.02666666666666667"
"A132,LEU,0.12666666666666668"
"A133,VAL,0.25666666666666665"
"A134,THR,0.21999999999999997"
"A135,VAL,0.23666666666666666"
"A136,GLU,1.5"
"A137,ALA,0.3066666666666667"
"A138,GLU,1.4866666666666666"
"A139,TYR,0.37333333333333335"
"A140,PRO,0.09666666666666668"
"A141,PHE,0.19666666666666668"
"A142,ASN,0.33666666666666667"
"A143,GLN,0.36999999999999994"
"A144,SER,0.13999999999999999"
"A145,PRO,0.15333333333333332"
"A146,VAL,0.14333333333333334"
"A147,VAL,0.19000000000000003"
"A148,THR,0.32"
"A149,ARG,0.87"
"A150,SER,0.25"
"A151,CYS,0.15666666666666668"
"A152,SER,0.05666666666666667"
"A153,SER,0.16666666666666666"
"A154,SER,0.10666666666666667"
"A155,CYS,0.08"
"A156,VAL,0.43"
"A157,ALA,0.36000000000000004"
"A158,THR,0.43333333333333335"
"A159,ASP,1.0233333333333332"
"A160,PRO,0.38999999999999996"
"A161,ASP,1.1066666666666667"
"A162,SER,0.3033333333333333"
"A163,ILE,0.3766666666666667"
"A164,GLY,0.04666666666666667"
"A165,ALA,0.06"
"A166,ALA,0.15333333333333332"
"A167,HIS,0.4466666666666666"
"A168,LEU,0.03333333333333333"
"A169,ILE,0.11"
"A170,PHE,0.2866666666666667"
"A171,CYS,0.043333333333333335"
"A172,CYS,0.0"
"A173,PHE,0.6866666666666666"
"A174,ARG,1.3266666666666669"
"A175,ASP,0.5466666666666667"
"A176,LEU,0.2933333333333334"
"A177,CYS,0.27666666666666667"
"A178,ASN,0.93"
"A179,SER,0.3433333333333333"
"A180,GLU,0.7033333333333333"
"A181,LEU,1.6366666666666667"
