"ChainID,Resname,Parch_Value"
"A1,ARG,4.68"
"A2,GLY,0.27666666666666667"
"A3,CYS,0.23666666666666666"
"A4,CYS,0.33"
"A5,ASN,0.5766666666666667"
"A6,GLY,0.4000000000000001"
"A7,ARG,1.7766666666666666"
"A8,GLY,0.11333333333333333"
"A9,GLY,0.20000000000000004"
"A10,CYS,0.11666666666666665"
"A11,SER,0.4033333333333333"
"A12,SER,0.10333333333333333"
"A13,ARG,1.2300000000000002"
"A14,TRP,0.9666666666666667"
"A15,CYS,0.01"
"A16,ARG,1.0633333333333335"
"A17,ASP,0.8733333333333334"
"A18,HIS,0.3833333333333333"
"A19,ALA,0.12333333333333334"
"A20,ARG,1.0066666666666666"
"A21,CYS,0.17333333333333334"
"A22,CYS,0.47333333333333333"
