"ChainID,Resname,Parch_Value"
"A1,GLY,0.5133333333333333"
"A2,VAL,0.12333333333333334"
"A3,TYR,0.36666666666666664"
"A4,TYR,0.22666666666666668"
"A5,PRO,0.27999999999999997"
"A6,ASN,0.14"
"A7,PRO,0.15333333333333335"
"A8,CYS,0.016666666666666666"
"A9,SER,0.04"
"A10,PRO,0.06999999999999999"
"A11,TYR,0.4266666666666667"
"A12,PRO,0.12333333333333334"
"A13,CYS,0.023333333333333334"
"A14,ARG,0.7233333333333333"
"A15,ASN,0.19000000000000003"
"A16,GLY,0.12333333333333334"
"A17,GLY,0.043333333333333335"
"A18,THR,0.20666666666666667"
"A19,CYS,0.02333333333333333"
"A20,LYS,0.7633333333333333"
"A21,LYS,1.2766666666666666"
"A22,ARG,2.2033333333333336"
"A23,GLY,0.07666666666666666"
"A24,LEU,0.3433333333333333"
"A25,TYR,0.7799999999999999"
"A26,SER,0.5800000000000001"
"A27,TYR,0.3666666666666667"
"A28,LYS,0.65"
"A29,CYS,0.04"
"A30,TYR,0.33"
"A31,CYS,0.10666666666666667"
"A32,ARG,1.7633333333333334"
"A33,LYS,1.3366666666666667"
"A34,GLY,0.0"
"A35,TYR,0.5833333333333334"
"A36,THR,0.056666666666666664"
"A37,GLY,0.09666666666666668"
"A38,LYS,1.9766666666666666"
"A39,ASN,0.08666666666666667"
"A40,CYS,0.013333333333333334"
"A41,GLN,0.13999999999999999"
"A42,TYR,0.3333333333333333"
"A43,ASN,0.16333333333333333"
"A44,ALA,0.06333333333333334"
"A45,CYS,0.08666666666666667"
"A46,PHE,0.19999999999999998"
"A47,PRO,0.18000000000000002"
"A48,ASN,0.3733333333333333"
"A49,PRO,0.17333333333333334"
"A50,CYS,0.12"
"A51,LEU,0.09000000000000001"
"A52,ASN,0.11333333333333334"
"A53,GLY,0.036666666666666674"
"A54,GLY,0.06666666666666667"
"A55,THR,0.3233333333333333"
"A56,CYS,0.08"
"A57,GLY,0.09999999999999999"
"A58,TYR,0.35333333333333333"
"A59,VAL,0.24"
"A60,TYR,0.15666666666666665"
"A61,GLY,0.05333333333333334"
"A62,TYR,0.35999999999999993"
"A63,PRO,0.09999999999999999"
"A64,TYR,0.2733333333333334"
"A65,TYR,0.18666666666666668"
"A66,LYS,0.7200000000000001"
"A67,CYS,0.04"
"A68,SER,0.44999999999999996"
"A69,CYS,0.16"
"A70,PRO,0.08"
"A71,TYR,0.3733333333333333"
"A72,GLY,0.11666666666666665"
"A73,TYR,0.09000000000000001"
"A74,TYR,0.25"
"A75,GLY,0.08"
"A76,LYS,1.32"
"A77,GLN,0.24"
"A78,CYS,0.016666666666666666"
"A79,GLN,0.15"
"A80,LEU,0.043333333333333335"
"A81,LYS,0.63"
"A82,LYS,1.1233333333333333"
"A83,TYR,1.6233333333333333"
