"ChainID,Resname,Parch_Value"
"X312,ASN,1.3800000000000001"
"X313,ASN,0.30000000000000004"
"X314,LYS,0.9366666666666666"
"X315,TYR,0.7533333333333333"
"X316,LYS,1.4000000000000001"
"X317,THR,0.29"
"X318,LYS,1.2300000000000002"
"X319,LEU,0.6200000000000001"
"X320,CYS,0.09666666666666668"
"X321,LYS,2.0"
"X322,ASN,0.21666666666666667"
"X323,PHE,1.4266666666666667"
"X324,ALA,0.21666666666666667"
"X325,ARG,1.6600000000000001"
"X326,GLY,0.19000000000000003"
"X327,GLY,0.02"
"X328,THR,0.13"
"X329,GLY,0.016666666666666666"
"X330,PHE,0.20666666666666667"
"X331,CYS,0.02333333333333333"
"X332,PRO,0.16333333333333333"
"X333,TYR,0.30333333333333334"
"X334,GLY,0.05666666666666667"
"X335,LEU,0.24000000000000002"
"X336,ARG,1.0266666666666666"
"X337,CYS,0.10666666666666665"
"X338,GLU,1.72"
"X339,PHE,0.39333333333333337"
"X340,VAL,0.3"
"X341,HIS,0.41333333333333333"
"X342,PRO,0.6633333333333333"
"X343,THR,0.5966666666666667"
"X344,ASP,1.4933333333333334"
"X345,LYS,2.1666666666666665"
"X346,GLU,4.883333333333333"
