"ChainID,Resname,Parch_Value"
"A1,PHE,1.67"
"A2,LEU,0.22666666666666666"
"A3,GLY,0.20666666666666667"
"A4,ALA,0.23666666666666666"
"A5,LEU,0.15333333333333335"
"A6,ILE,0.09000000000000001"
"A7,LYS,1.06"
"A8,GLY,0.11"
"A9,ALA,0.03"
"A10,ILE,0.02"
"A11,HIS,0.4166666666666667"
"A12,GLY,0.12333333333333334"
"A13,GLY,0.0033333333333333335"
"A14,ARG,0.9066666666666667"
"A15,PHE,0.06666666666666667"
"A16,ILE,0.03666666666666667"
"A17,HIS,0.4133333333333333"
"A18,GLY,0.08666666666666667"
"A19,MET,0.33"
"A20,ILE,0.34333333333333327"
"A21,GLN,0.8166666666666668"
"A22,ASN,0.3733333333333333"
"A23,HIS,1.16"
"A24,HIS,2.26"
