"ChainID,Resname,Parch_Value"
"A493,LYS,2.236666666666667"
"A494,VAL,0.5066666666666667"
"A495,THR,0.3499999999999999"
"A496,GLN,0.5266666666666667"
"A497,SER,0.05000000000000001"
"A498,PHE,0.17666666666666667"
"A499,LEU,0.03333333333333333"
"A500,PRO,0.043333333333333335"
"A501,PRO,0.09999999999999999"
"A502,GLY,0.03666666666666667"
"A503,TRP,0.2866666666666667"
"A504,GLU,0.43"
"A505,MET,0.06333333333333334"
"A506,ARG,0.64"
"A507,ILE,0.07333333333333333"
"A508,ALA,0.036666666666666674"
"A509,PRO,0.06666666666666667"
"A510,ASN,0.20333333333333334"
"A511,GLY,0.013333333333333334"
"A512,ARG,0.7533333333333333"
"A513,PRO,0.36000000000000004"
"A514,PHE,0.23666666666666666"
"A515,PHE,0.09666666666666668"
"A516,ILE,0.043333333333333335"
"A517,ASP,0.15"
"A518,HIS,0.42"
"A519,ASN,0.14"
"A520,THR,0.15333333333333332"
"A521,LYS,0.7633333333333333"
"A522,THR,0.18666666666666665"
"A523,THR,0.09333333333333334"
"A524,THR,0.26333333333333336"
"A525,TRP,0.7533333333333333"
"A526,GLU,0.6733333333333333"
"A527,ASP,0.9566666666666667"
"A528,PRO,0.06333333333333334"
"A529,ARG,0.9233333333333333"
"A530,LEU,0.3333333333333333"
"A531,LYS,0.8033333333333333"
"A532,PHE,0.03333333333333333"
"A533,PRO,0.023333333333333334"
"A534,VAL,0.09999999999999999"
"A535,HIS,0.14666666666666667"
"A536,MET,0.04666666666666667"
"A537,ARG,0.5"
"A538,SER,0.18000000000000002"
"A539,LYS,1.3399999999999999"
