"ChainID,Resname,Parch_Value"
"A1,CYS,0.82"
"A2,GLY,0.09999999999999999"
"A3,GLY,0.19666666666666666"
"A4,GLY,0.2933333333333334"
"A5,PHE,1.7100000000000002"
"A6,SER,0.22999999999999998"
"A7,CYS,0.2733333333333334"
"A8,HIS,1.03"
"A9,ASP,1.1366666666666667"
"A10,GLY,0.18666666666666665"
"A11,GLU,1.3566666666666667"
"A12,THR,1.1500000000000001"
"A13,CYS,0.34"
"A14,CYS,0.02"
"A15,PRO,0.11"
"A16,THR,0.13999999999999999"
"A17,SER,0.09666666666666668"
"A18,GLN,0.16"
"A19,THR,0.05000000000000001"
"A20,THR,0.08666666666666667"
"A21,TRP,0.41333333333333333"
"A22,GLY,0.02"
"A23,CYS,0.3666666666666667"
"A24,CYS,1.37"
