"ChainID,Resname,Parch_Value"
"A1,CYS,0.9700000000000001"
"A2,LEU,0.26999999999999996"
"A3,GLU,0.8533333333333334"
"A4,SER,0.35666666666666663"
"A5,GLY,0.06333333333333334"
"A6,THR,0.22"
"A7,SER,0.18333333333333335"
"A8,CYS,0.0"
"A9,ILE,0.14"
"A10,PRO,0.03666666666666667"
"A11,GLY,0.08333333333333333"
"A12,ALA,0.16333333333333333"
"A13,GLN,0.34333333333333327"
"A14,HIS,0.9433333333333334"
"A15,ASN,0.24333333333333332"
"A16,CYS,0.060000000000000005"
"A17,CYS,0.24"
"A18,SER,0.17666666666666667"
"A19,GLY,0.08"
"A20,VAL,0.03333333333333333"
"A21,CYS,0.01"
"A22,VAL,0.0"
"A23,PRO,0.043333333333333335"
"A24,ILE,0.06666666666666667"
"A25,VAL,0.1366666666666667"
"A26,THR,0.09333333333333334"
"A27,ILE,0.043333333333333335"
"A28,PHE,0.06666666666666667"
"A29,TYR,0.27666666666666667"
"A30,GLY,0.0"
"A31,VAL,0.043333333333333335"
"A32,CYS,0.006666666666666667"
"A33,TYR,0.47333333333333333"
