"ChainID,Resname,Parch_Value"
"A60,SER,1.1466666666666667"
"A61,ARG,0.9566666666666667"
"A62,SER,0.18999999999999997"
"A63,ALA,0.10333333333333333"
"A64,GLU,0.8366666666666666"
"A65,ILE,0.19999999999999998"
"A66,PHE,0.31666666666666665"
"A67,PRO,0.22"
"A68,ARG,1.5233333333333334"
"A69,ASP,0.7533333333333334"
"A70,SER,0.4666666666666666"
"A71,ASN,0.4566666666666667"
"A72,LEU,0.10000000000000002"
"A73,LYS,0.4066666666666667"
"A74,ASP,0.4833333333333334"
"A75,LYS,0.5633333333333334"
"A76,PHE,0.13333333333333333"
"A77,ILE,0.01"
"A78,LYS,1.1766666666666667"
"A79,HIS,0.49666666666666665"
"A80,PHE,0.11"
"A81,THR,0.71"
"A82,GLY,0.10333333333333333"
"A83,PRO,0.16666666666666666"
"A84,VAL,0.24666666666666667"
"A85,THR,0.2733333333333333"
"A86,PHE,0.33666666666666667"
"A87,SER,0.08"
"A88,PRO,0.24"
"A89,GLU,2.2266666666666666"
"A90,CYS,0.02333333333333333"
"A91,SER,0.16"
"A92,LYS,1.49"
"A93,HIS,0.22666666666666666"
"A94,PHE,0.013333333333333334"
"A95,HIS,0.24666666666666667"
"A96,ARG,0.7733333333333334"
"A97,LEU,0.03"
"A98,TYR,0.3433333333333333"
"A99,TYR,0.44333333333333336"
"A100,ASN,0.14333333333333334"
"A101,THR,0.15"
"A102,ARG,1.2666666666666668"
"A103,GLU,0.22999999999999998"
"A104,CYS,0.02333333333333333"
"A105,SER,0.08333333333333333"
"A106,THR,0.10000000000000002"
"A107,PRO,0.19000000000000003"
"A108,ALA,0.13"
"A109,TYR,0.65"
"A110,TYR,0.16"
"A111,LYS,0.4266666666666667"
"A112,ARG,0.8366666666666666"
"A113,CYS,0.0"
"A114,ALA,0.0"
"A115,ARG,1.2866666666666666"
"A116,LEU,0.16"
"A117,LEU,0.01"
"A118,THR,0.1366666666666667"
"A119,ARG,0.7533333333333334"
"A120,LEU,0.0"
"A121,ALA,0.0"
"A122,VAL,0.48333333333333334"
"A123,SER,0.043333333333333335"
"A124,PRO,0.34"
"A125,LEU,0.33666666666666667"
"A126,CYS,0.0"
"A127,SER,0.20666666666666667"
"A128,GLN,0.42"
"A129,THR,0.7866666666666667"
