"ChainID,Resname,Parch_Value"
"A1,PHE,0.52"
"A3,PHE,0.08666666666666667"
"A4,ASP,0.4033333333333333"
"A5,THR,0.11666666666666665"
"A6,LEU,0.0"
"A7,LYS,0.9433333333333332"
"A8,ASN,0.2866666666666667"
"A9,LEU,0.013333333333333334"
"A10,ALA,0.08333333333333333"
"A11,GLY,0.07"
"A12,LYS,1.0999999999999999"
"A13,VAL,0.006666666666666667"
"A14,ILE,0.04"
"A15,GLY,0.16333333333333333"
"A16,ALA,0.4066666666666667"
"A17,LEU,0.14666666666666664"
"A18,THR,1.2533333333333332"
