"ChainID,Resname,Parch_Value"
"A932,ASN,0.8766666666666666"
"A933,PHE,0.06"
"A934,ILE,0.04"
"A935,HIS,0.03"
"A936,LEU,0.08333333333333333"
"A937,ILE,0.06333333333333334"
"A938,ILE,0.02"
"A939,ALA,0.01"
"A940,LEU,0.11666666666666665"
"A941,PRO,0.013333333333333334"
"A942,VAL,0.02"
"A943,ALA,0.0"
"A944,VAL,0.016666666666666666"
"A945,LEU,0.03"
"A946,LEU,0.03"
"A947,ILE,0.02"
"A948,VAL,0.07"
"A949,GLY,0.006666666666666667"
"A950,GLY,0.0"
"A951,LEU,0.023333333333333334"
"A952,VAL,0.09333333333333334"
"A953,ILE,0.043333333333333335"
"A954,MET,0.06333333333333334"
"A955,LEU,0.06"
"A956,TYR,0.3066666666666667"
"A957,VAL,0.05333333333333334"
"A958,PHE,0.19999999999999998"
"A959,HIS,0.65"
"A960,ARG,0.9666666666666667"
"A961,LYS,1.86"
"A962,ARG,4.84"
