"ChainID,Resname,Parch_Value"
"A17,PHE,0.9633333333333334"
"A18,ASP,0.9933333333333333"
"A19,VAL,0.09000000000000001"
"A20,VAL,0.16333333333333333"
"A21,SER,0.19666666666666668"
"A22,CYS,0.01"
"A23,ASN,0.3066666666666667"
"A24,LYS,0.9899999999999999"
"A25,ASN,0.25333333333333335"
"A26,CYS,0.0033333333333333335"
"A27,THR,0.44"
"A28,SER,0.21666666666666667"
"A29,GLY,0.15666666666666665"
"A30,GLN,0.47666666666666674"
"A31,ASN,0.21333333333333335"
"A32,GLU,1.5666666666666667"
"A33,CYS,0.23666666666666666"
"A34,PRO,0.4166666666666667"
"A35,GLU,1.5466666666666666"
"A36,GLY,0.21333333333333335"
"A37,CYS,0.02666666666666667"
"A38,PHE,0.20333333333333334"
"A39,CYS,0.13"
"A40,GLY,0.02"
"A41,LEU,0.38999999999999996"
"A42,LEU,0.21333333333333335"
"A43,GLY,0.09666666666666668"
"A44,GLN,0.18333333333333335"
"A45,ASN,0.3333333333333333"
"A46,LYS,0.9533333333333333"
"A47,LYS,0.6366666666666666"
"A48,GLY,0.02"
"A49,HIS,0.17666666666666667"
"A50,CYS,0.0"
"A51,TYR,0.18000000000000002"
"A52,LYS,0.6633333333333332"
"A53,ILE,0.11666666666666668"
"A54,ILE,0.8566666666666668"
"A55,GLY,0.33"
"A56,ASN,1.366666666666667"
