"ChainID,Resname,Parch_Value"
"A1,ARG,0.9166666666666666"
"A2,PRO,0.15666666666666665"
"A3,ASP,0.47333333333333333"
"A4,PHE,0.5466666666666667"
"A5,CYS,0.0033333333333333335"
"A6,LEU,0.24333333333333332"
"A7,GLU,0.5133333333333333"
"A8,PRO,0.26666666666666666"
"A9,PRO,0.08666666666666667"
"A10,TYR,0.48666666666666664"
"A11,THR,0.09666666666666666"
"A12,GLY,0.023333333333333334"
"A13,PRO,0.10999999999999999"
"A14,CYS,0.07666666666666667"
"A15,LYS,1.2433333333333334"
"A16,ALA,0.06333333333333334"
"A17,ARG,0.5966666666666667"
"A18,ILE,0.17333333333333334"
"A19,ILE,0.1366666666666667"
"A20,ARG,0.6733333333333333"
"A21,TYR,0.08666666666666667"
"A22,PHE,0.01"
"A23,TYR,0.04"
"A24,ASN,0.06333333333333334"
"A25,ALA,0.0"
"A26,LYS,1.0433333333333332"
"A27,ALA,0.013333333333333334"
"A28,GLY,0.023333333333333334"
"A29,LEU,0.09666666666666668"
"A30,CYS,0.03333333333333333"
"A31,GLN,0.07"
"A32,THR,0.05333333333333334"
"A33,PHE,0.21333333333333335"
"A34,VAL,0.07"
"A35,TYR,0.19333333333333336"
"A36,GLY,0.0"
"A37,GLY,0.03666666666666667"
"A38,CYS,0.036666666666666674"
"A39,ARG,1.626666666666667"
"A40,ALA,0.04"
"A41,LYS,1.2"
"A42,ARG,1.33"
"A43,ASN,0.016666666666666666"
"A44,ASN,0.02"
"A45,PHE,0.0"
"A46,LYS,1.5033333333333332"
"A47,SER,0.12000000000000001"
"A48,ALA,0.12333333333333335"
"A49,GLU,0.9766666666666666"
"A50,ASP,0.39666666666666667"
"A51,CYS,0.0"
"A52,MET,0.16"
"A53,ARG,1.3166666666666667"
"A54,THR,0.14333333333333334"
"A55,CYS,0.0"
"A56,GLY,0.03"
"A57,GLY,0.060000000000000005"
"A58,ALA,0.34333333333333327"
