"ChainID,Resname,Parch_Value"
"A1,HIS,1.3166666666666667"
"A2,SER,0.17333333333333334"
"A3,GLN,0.29"
"A4,GLY,0.13"
"A5,THR,0.3"
"A6,PHE,0.10999999999999999"
"A7,THR,0.29000000000000004"
"A8,SER,0.27666666666666667"
"A9,ASP,0.24333333333333332"
"A10,TYR,0.09333333333333334"
"A11,SER,0.11666666666666665"
"A12,LYS,1.49"
"A13,TYR,0.12000000000000001"
"A14,LEU,0.15666666666666665"
"A15,ASP,0.9"
"A16,SER,0.08666666666666667"
"A17,ARG,1.1566666666666665"
"A18,ARG,1.3933333333333335"
"A19,ALA,0.06"
"A20,GLN,0.4366666666666667"
"A21,ASP,1.1766666666666667"
"A22,PHE,0.08666666666666667"
"A23,VAL,0.01"
"A24,GLN,0.35000000000000003"
"A25,TRP,0.58"
"A26,LEU,0.07"
"A27,MET,0.09333333333333332"
"A28,ASN,0.37999999999999995"
"A29,THR,1.0966666666666667"
