"ChainID,Resname,Parch_Value"
"A1,ALA,0.9866666666666667"
"A2,CYS,0.12"
"A3,PHE,0.5033333333333333"
"A4,LEU,0.29333333333333333"
"A5,THR,0.21333333333333335"
"A6,ARG,1.0333333333333334"
"A7,LEU,0.24"
"A8,GLY,0.08666666666666667"
"A9,THR,0.18333333333333332"
"A10,TYR,0.23"
"A11,VAL,0.11666666666666665"
"A12,CYS,1.1566666666666665"
